timestamp,pid,cpu_percent,mem_percent,mem_mb,uptime_sec
2026-07-21 12:17:42,174132,0.5,0.0,7,5,     30
2026-07-21 12:17:44,174132,0.9,0.0,7,6,     33
2026-07-21 12:17:46,174132,0.9,0.0,7,6,     35
2026-07-21 12:17:49,174132,0.8,0.0,7,6,     37
2026-07-21 12:17:51,174132,0.8,0.0,7,6,     39
2026-07-21 12:17:53,174132,0.7,0.0,7,6,     41
2026-07-21 12:17:55,174132,0.7,0.0,7,6,     43
2026-07-21 12:17:57,174132,0.7,0.0,7,6,     45
2026-07-21 12:17:59,174132,0.6,0.0,7,6,     47
2026-07-21 12:18:01,174132,0.6,0.0,7,6,     49
2026-07-21 12:18:03,174132,0.6,0.0,7,6,     51
2026-07-21 12:18:05,174132,0.5,0.0,7,6,     54
2026-07-21 12:18:08,174132,0.5,0.0,7,6,     56
2026-07-21 12:18:10,174132,0.5,0.0,7,6,     58
2026-07-21 12:18:12,174132,0.5,0.0,7,6,     60
2026-07-21 12:18:14,174132,0.5,0.0,7,6,     62
2026-07-21 12:18:16,174132,0.7,0.0,7,6,     64
2026-07-21 12:18:18,174132,0.6,0.0,7,6,     66
2026-07-21 12:18:20,174132,0.6,0.0,7,6,     68
2026-07-21 12:18:22,174132,0.6,0.0,7,6,     71
2026-07-21 12:18:24,174132,0.6,0.0,7,6,     73
2026-07-21 12:18:27,174132,0.6,0.0,7,6,     75
2026-07-21 12:18:29,174132,0.5,0.0,7,6,     77
2026-07-21 12:18:31,174132,0.5,0.0,7,6,     79
2026-07-21 12:18:33,174132,0.5,0.0,7,6,     81
2026-07-21 12:18:35,174132,0.5,0.0,7,6,     83
2026-07-21 12:18:37,174132,0.5,0.0,7,6,     85
2026-07-21 12:18:39,174132,0.5,0.0,7,6,     87
2026-07-21 12:18:41,174132,0.5,0.0,7,6,     89
2026-07-21 12:18:43,174132,0.5,0.0,7,6,     92
2026-07-21 12:18:46,174132,0.5,0.0,7,7,     94
2026-07-21 12:18:48,174132,0.6,0.0,7,7,     96
2026-07-21 12:18:50,174132,0.6,0.0,7,7,     98
2026-07-21 12:18:52,174132,0.6,0.0,7,7,    100
2026-07-21 12:18:54,174132,0.6,0.0,7,7,    102
2026-07-21 12:18:56,174132,0.5,0.0,7,7,    104
2026-07-21 12:18:58,174132,0.5,0.0,7,7,    106
2026-07-21 12:19:00,174132,0.5,0.0,7,7,    109
2026-07-21 12:19:03,174132,0.5,0.0,7,7,    111
2026-07-21 12:19:05,174132,0.5,0.0,7,7,    113
2026-07-21 12:19:07,174132,0.5,0.0,7,7,    115
2026-07-21 12:19:09,174132,0.5,0.0,7,7,    117
2026-07-21 12:19:11,174132,0.5,0.0,7,7,    119
2026-07-21 12:19:13,174132,0.5,0.0,7,7,    121
2026-07-21 17:09:41,384850,1.5,0.0,7,3,      5
2026-07-21 17:09:43,384850,1.0,0.0,7,3,      7
2026-07-21 17:09:45,384850,0.8,0.0,7,3,      9
2026-07-21 17:09:48,384850,0.6,0.0,7,3,     11
2026-07-21 17:09:50,384850,0.5,0.0,7,3,     13
2026-07-21 17:09:52,384850,0.5,0.0,7,3,     15
2026-07-21 17:09:54,384850,0.5,0.0,7,4,     17
2026-07-21 17:09:56,384850,0.4,0.0,7,4,     19
2026-07-21 17:09:58,384850,0.4,0.0,7,4,     21
2026-07-21 17:10:00,384850,0.3,0.0,7,4,     23
2026-07-21 17:10:02,384850,0.3,0.0,7,4,     26
2026-07-21 17:10:04,384850,0.3,0.0,7,4,     28
2026-07-21 17:10:06,384850,0.2,0.0,7,4,     30
2026-07-21 17:10:08,384850,0.5,0.0,7,5,     32
2026-07-21 17:10:10,384850,0.5,0.0,7,5,     34
2026-07-21 17:10:12,384850,0.4,0.0,7,5,     36
2026-07-21 17:10:14,384850,0.4,0.0,7,5,     38
2026-07-21 17:10:17,384850,0.4,0.0,7,5,     40
2026-07-21 17:10:19,384850,0.4,0.0,7,5,     42
2026-07-21 17:10:21,384850,0.4,0.0,7,5,     44
2026-07-21 17:10:23,384850,0.3,0.0,7,5,     46
2026-07-21 17:10:25,384850,0.3,0.0,7,5,     48
2026-07-21 17:10:27,384850,0.3,0.0,7,5,     50
2026-07-21 17:10:29,384850,0.3,0.0,7,5,     52
2026-07-21 17:10:31,384850,0.3,0.0,7,5,     54
2026-07-21 17:10:33,384850,0.3,0.0,7,5,     57
2026-07-21 17:10:35,384850,0.3,0.0,7,5,     59
2026-07-21 17:10:37,384850,0.2,0.0,7,5,     61
2026-07-21 17:10:39,384850,0.4,0.0,7,5,     63
2026-07-21 17:10:41,384850,0.4,0.0,7,5,     65
2026-07-21 17:10:43,384850,0.4,0.0,7,5,     67
2026-07-21 17:10:46,384850,0.3,0.0,7,5,     69
2026-07-21 17:10:48,384850,0.3,0.0,7,5,     71
2026-07-21 17:10:50,384850,0.3,0.0,7,5,     73
2026-07-21 17:10:52,384850,0.3,0.0,7,5,     75
2026-07-21 17:10:54,384850,0.3,0.0,7,5,     77
2026-07-21 17:10:56,384850,0.3,0.0,7,5,     79
2026-07-21 17:10:58,384850,0.3,0.0,7,5,     81
2026-07-21 17:11:00,384850,0.3,0.0,7,5,     83
2026-07-21 17:11:02,384850,0.3,0.0,7,5,     86
2026-07-21 17:11:04,384850,0.3,0.0,7,5,     88
2026-07-21 17:11:06,384850,0.2,0.0,7,5,     90
2026-07-21 17:11:08,384850,0.3,0.0,7,6,     92
2026-07-21 17:11:10,384850,0.3,0.0,7,6,     94
2026-07-21 17:11:12,384850,0.3,0.0,7,6,     96
2026-07-21 17:11:14,384850,0.3,0.0,7,6,     98
2026-07-21 17:11:17,384850,0.3,0.0,7,6,    100
2026-07-21 17:11:19,384850,0.3,0.0,7,6,    102
2026-07-21 17:11:21,384850,0.3,0.0,7,6,    104
2026-07-21 17:11:23,384850,0.3,0.0,7,6,    106
2026-07-21 17:11:25,384850,0.3,0.0,7,6,    108
2026-07-21 17:11:27,384850,0.3,0.0,7,6,    110
2026-07-21 17:11:29,384850,0.3,0.0,7,6,    112
2026-07-21 17:11:31,384850,0.3,0.0,7,6,    115
2026-07-21 17:11:33,384850,0.3,0.0,7,6,    117
2026-07-21 17:11:35,384850,0.3,0.0,7,6,    119
2026-07-21 17:11:37,384850,0.2,0.0,7,6,    121
2026-07-21 17:11:39,384850,0.3,0.0,7,7,    123
2026-07-21 17:11:41,384850,0.3,0.0,7,7,    125
2026-07-21 17:11:44,384850,0.3,0.0,7,7,    127
2026-07-21 17:11:46,384850,0.3,0.0,7,7,    129
2026-07-21 17:11:48,384850,0.3,0.0,7,7,    131
2026-07-21 17:11:50,384850,0.3,0.0,7,7,    133
2026-07-21 17:11:52,384850,0.3,0.0,7,7,    135
2026-07-21 17:11:54,384850,0.3,0.0,7,7,    137
2026-07-21 17:11:56,384850,0.3,0.0,7,7,    139
2026-07-21 17:11:58,384850,0.3,0.0,7,7,    141
2026-07-21 17:12:00,384850,0.3,0.0,7,7,    144
2026-07-21 17:12:02,384850,0.3,0.0,7,7,    146
2026-07-21 17:12:04,384850,0.3,0.0,7,7,    148
2026-07-21 17:12:06,384850,0.2,0.0,7,7,    150
2026-07-21 17:12:08,384850,0.2,0.0,7,7,    152
2026-07-21 17:12:10,384850,0.3,0.0,7,7,    154
2026-07-21 17:12:12,384850,0.3,0.0,7,7,    156
2026-07-21 17:12:15,384850,0.3,0.0,7,7,    158
2026-07-21 17:12:17,384850,0.3,0.0,7,7,    160
2026-07-21 17:12:19,384850,0.3,0.0,7,7,    162
2026-07-21 17:12:21,384850,0.3,0.0,7,7,    164
2026-07-21 17:12:23,384850,0.3,0.0,7,7,    166
2026-07-21 17:12:25,384850,0.3,0.0,7,7,    168
2026-07-21 17:12:27,384850,0.3,0.0,7,7,    170
2026-07-21 17:12:29,384850,0.3,0.0,7,7,    172
2026-07-21 17:12:31,384850,0.3,0.0,7,7,    175
2026-07-21 17:12:33,384850,0.3,0.0,7,7,    177
2026-07-21 17:12:35,384850,0.3,0.0,7,7,    179
2026-07-21 17:12:37,384850,0.2,0.0,7,7,    181
2026-07-21 17:12:39,384850,0.2,0.0,7,7,    183
2026-07-21 17:12:41,384850,0.3,0.0,7,7,    185
2026-07-21 17:12:43,384850,0.3,0.0,7,7,    187
2026-07-21 17:12:46,384850,0.3,0.0,7,7,    189
2026-07-21 17:12:48,384850,0.3,0.0,7,7,    191
2026-07-21 17:12:50,384850,0.3,0.0,7,7,    193
2026-07-21 17:12:52,384850,0.3,0.0,7,7,    195
2026-07-21 17:12:54,384850,0.3,0.0,7,7,    197
2026-07-21 17:12:56,384850,0.3,0.0,7,7,    199
2026-07-21 17:12:58,384850,0.3,0.0,7,7,    201
2026-07-21 17:13:00,384850,0.3,0.0,7,7,    203
2026-07-21 17:13:02,384850,0.3,0.0,7,7,    206
2026-07-21 17:13:04,384850,0.3,0.0,7,7,    208
2026-07-21 17:13:06,384850,0.2,0.0,7,7,    210
2026-07-21 17:13:08,384850,0.2,0.0,7,7,    212
2026-07-21 17:13:10,384850,0.2,0.0,7,7,    214
2026-07-21 17:13:12,384850,0.3,0.0,7,7,    216
2026-07-21 17:13:14,384850,0.3,0.0,7,7,    218
2026-07-21 17:13:17,384850,0.3,0.0,7,7,    220
2026-07-21 17:13:19,384850,0.3,0.0,7,7,    222
2026-07-21 17:13:21,384850,0.3,0.0,7,7,    224
2026-07-21 17:13:23,384850,0.3,0.0,7,7,    226
2026-07-21 17:13:25,384850,0.3,0.0,7,7,    228
2026-07-21 17:13:27,384850,0.3,0.0,7,7,    230
2026-07-21 17:13:29,384850,0.3,0.0,7,7,    232
2026-07-21 17:13:31,384850,0.3,0.0,7,7,    235
2026-07-21 17:13:33,384850,0.3,0.0,7,7,    237
2026-07-21 17:13:35,384850,0.3,0.0,7,7,    239
2026-07-21 17:13:37,384850,0.3,0.0,7,7,    241
2026-07-21 17:13:39,384850,0.3,0.0,7,7,    243
2026-07-21 17:13:41,384850,0.2,0.0,7,7,    245
2026-07-21 17:13:43,384850,0.3,0.0,7,8,    247
2026-07-21 17:13:46,384850,0.3,0.0,7,8,    249
2026-07-21 17:13:48,384850,0.3,0.0,7,8,    251
2026-07-21 17:13:50,384850,0.3,0.0,7,8,    253
2026-07-21 17:13:52,384850,0.3,0.0,7,8,    255
2026-07-21 17:13:54,384850,0.3,0.0,7,8,    257
2026-07-21 17:13:56,384850,0.3,0.0,7,8,    259
2026-07-21 17:13:58,384850,0.3,0.0,7,8,    261
2026-07-21 17:14:00,384850,0.3,0.0,7,8,    263
2026-07-21 17:14:02,384850,0.3,0.0,7,8,    266
2026-07-21 17:14:04,384850,0.3,0.0,7,8,    268
2026-07-21 17:14:06,384850,0.2,0.0,7,8,    270
2026-07-21 17:14:08,384850,0.2,0.0,7,8,    272
2026-07-21 17:14:10,384850,0.2,0.0,7,8,    274
2026-07-21 17:14:12,384850,0.2,0.0,7,8,    276
2026-07-21 17:14:14,384850,0.3,0.0,7,8,    278
2026-07-21 17:14:17,384850,0.3,0.0,7,8,    280
2026-07-21 17:14:19,384850,0.3,0.0,7,8,    282
2026-07-21 17:14:21,384850,0.3,0.0,7,8,    284
2026-07-21 17:14:23,384850,0.3,0.0,7,8,    286
2026-07-21 17:14:25,384850,0.3,0.0,7,8,    288
2026-07-21 17:14:27,384850,0.3,0.0,7,8,    290
2026-07-21 17:14:29,384850,0.3,0.0,7,8,    292
2026-07-21 17:14:31,384850,0.3,0.0,7,8,    294
2026-07-21 17:14:33,384850,0.3,0.0,7,8,    297
2026-07-21 17:14:35,384850,0.3,0.0,7,8,    299
2026-07-21 17:14:37,384850,0.3,0.0,7,8,    301
2026-07-21 17:14:39,384850,0.3,0.0,7,8,    303
2026-07-21 17:14:41,384850,0.2,0.0,7,8,    305
2026-07-21 17:14:43,384850,0.3,0.0,7,8,    307
2026-07-21 17:14:45,384850,0.3,0.0,7,8,    309
2026-07-21 17:14:48,384850,0.3,0.0,7,8,    311
2026-07-21 17:14:50,384850,0.3,0.0,7,8,    313
2026-07-21 17:14:52,384850,0.3,0.0,7,8,    315
2026-07-21 17:14:54,384850,0.3,0.0,7,8,    317
2026-07-21 17:14:56,384850,0.3,0.0,7,8,    319
2026-07-21 17:14:58,384850,0.3,0.0,7,8,    321
2026-07-21 17:15:00,384850,0.3,0.0,7,8,    323
2026-07-21 17:15:02,384850,0.3,0.0,7,8,    325
2026-07-21 17:15:04,384850,0.3,0.0,7,8,    328
2026-07-21 17:15:06,384850,0.2,0.0,7,8,    330
2026-07-21 17:15:08,384850,0.2,0.0,7,8,    332
2026-07-21 17:15:10,384850,0.2,0.0,7,8,    334
2026-07-21 17:15:12,384850,0.2,0.0,7,8,    336
2026-07-21 17:15:14,384850,0.3,0.0,7,8,    338
2026-07-21 17:15:16,384850,0.3,0.0,7,8,    340
2026-07-21 17:15:19,384850,0.3,0.0,7,8,    342
2026-07-21 17:15:21,384850,0.3,0.0,7,8,    344
2026-07-21 17:15:23,384850,0.3,0.0,7,8,    346
2026-07-21 17:15:25,384850,0.3,0.0,7,8,    348
2026-07-21 17:15:27,384850,0.3,0.0,7,8,    350
2026-07-21 17:15:29,384850,0.3,0.0,7,8,    352
2026-07-21 17:15:31,384850,0.3,0.0,7,8,    354
2026-07-21 17:15:33,384850,0.3,0.0,7,8,    356
2026-07-21 17:15:35,384850,0.3,0.0,7,8,    359
2026-07-21 17:15:37,384850,0.2,0.0,7,8,    361
2026-07-21 17:15:39,384850,0.2,0.0,7,8,    363
2026-07-21 17:15:41,384850,0.2,0.0,7,8,    365
2026-07-21 17:15:43,384850,0.2,0.0,7,8,    367
2026-07-21 17:15:45,384850,0.3,0.0,7,8,    369
2026-07-21 17:15:47,384850,0.3,0.0,7,8,    371
2026-07-21 17:15:50,384850,0.3,0.0,7,8,    373
2026-07-21 17:15:52,384850,0.3,0.0,7,8,    375
2026-07-21 17:15:54,384850,0.3,0.0,7,8,    377
2026-07-21 17:15:56,384850,0.3,0.0,7,8,    379
2026-07-21 17:15:58,384850,0.3,0.0,7,8,    381
2026-07-21 17:16:00,384850,0.3,0.0,7,8,    383
2026-07-21 17:16:02,384850,0.3,0.0,7,8,    385
2026-07-21 17:16:04,384850,0.3,0.0,7,8,    387
2026-07-21 17:16:06,384850,0.2,0.0,7,8,    390
2026-07-21 17:16:08,384850,0.2,0.0,7,8,    392
2026-07-21 17:16:10,384850,0.2,0.0,7,8,    394
2026-07-21 17:16:12,384850,0.2,0.0,7,8,    396
2026-07-21 17:16:14,384850,0.2,0.0,7,8,    398
2026-07-21 17:16:16,384850,0.3,0.0,7,8,    400
2026-07-21 17:16:18,384850,0.3,0.0,7,8,    402
2026-07-21 17:16:21,384850,0.3,0.0,7,8,    404
2026-07-21 17:16:23,384850,0.3,0.0,7,8,    406
2026-07-21 17:16:25,384850,0.3,0.0,7,8,    408
2026-07-21 17:16:27,384850,0.3,0.0,7,8,    410
2026-07-21 17:16:29,384850,0.3,0.0,7,8,    412
2026-07-21 17:16:31,384850,0.3,0.0,7,8,    414
2026-07-21 17:16:33,384850,0.2,0.0,7,8,    416
2026-07-21 17:16:35,384850,0.2,0.0,7,8,    418
2026-07-21 17:16:37,384850,0.2,0.0,7,8,    421
2026-07-21 17:16:39,384850,0.2,0.0,7,8,    423
2026-07-21 17:16:41,384850,0.2,0.0,7,8,    425
2026-07-21 17:16:43,384850,0.2,0.0,7,8,    427
2026-07-21 17:16:45,384850,0.2,0.0,7,8,    429
2026-07-21 17:16:47,384850,0.3,0.0,7,8,    431
2026-07-21 17:16:49,384850,0.3,0.0,7,8,    433
2026-07-21 17:16:52,384850,0.3,0.0,7,8,    435
2026-07-21 17:16:54,384850,0.3,0.0,7,8,    437
2026-07-21 17:16:56,384850,0.3,0.0,7,8,    439
2026-07-21 17:16:58,384850,0.3,0.0,7,8,    441
2026-07-21 17:17:00,384850,0.3,0.0,7,8,    443
2026-07-21 17:17:02,384850,0.3,0.0,7,8,    445
2026-07-21 17:17:04,384850,0.2,0.0,7,8,    447
2026-07-21 17:17:06,384850,0.2,0.0,7,8,    449
2026-07-21 17:17:08,384850,0.2,0.0,7,8,    452
2026-07-21 17:17:10,384850,0.2,0.0,7,8,    454
2026-07-21 17:17:12,384850,0.2,0.0,7,8,    456
2026-07-21 17:17:14,384850,0.2,0.0,7,8,    458
2026-07-21 17:17:16,384850,0.2,0.0,7,8,    460
2026-07-21 17:17:18,384850,0.3,0.0,7,8,    462
2026-07-21 17:17:20,384850,0.3,0.0,7,8,    464
2026-07-21 17:17:23,384850,0.3,0.0,7,8,    466
2026-07-21 17:17:25,384850,0.3,0.0,7,8,    468
2026-07-21 17:17:27,384850,0.3,0.0,7,8,    470
2026-07-21 17:17:29,384850,0.3,0.0,7,8,    472
2026-07-21 17:17:31,384850,0.3,0.0,7,8,    474
2026-07-21 17:17:33,384850,0.3,0.0,7,8,    476
2026-07-21 17:17:35,384850,0.3,0.0,7,8,    478
2026-07-21 17:17:37,384850,0.2,0.0,7,8,    480
2026-07-21 17:17:39,384850,0.2,0.0,7,8,    483
2026-07-21 17:17:41,384850,0.2,0.0,7,8,    485
2026-07-21 17:17:43,384850,0.2,0.0,7,8,    487
2026-07-21 17:17:45,384850,0.2,0.0,7,8,    489
2026-07-21 17:17:47,384850,0.2,0.0,7,8,    491
2026-07-21 17:17:49,384850,0.3,0.0,7,8,    493
2026-07-21 17:17:52,384850,0.3,0.0,7,8,    495
2026-07-21 17:17:54,384850,0.3,0.0,7,8,    497
2026-07-21 17:17:56,384850,0.3,0.0,7,8,    499
2026-07-21 17:17:58,384850,0.3,0.0,7,8,    501
2026-07-21 17:18:00,384850,0.3,0.0,7,8,    503
2026-07-21 17:18:02,384850,0.3,0.0,7,8,    505
2026-07-21 17:18:04,384850,0.2,0.0,7,8,    507
2026-07-21 17:18:06,384850,0.2,0.0,7,8,    509
2026-07-21 17:18:08,384850,0.2,0.0,7,8,    512
2026-07-21 17:18:10,384850,0.2,0.0,7,8,    514
2026-07-21 17:18:12,384850,0.2,0.0,7,8,    516
2026-07-21 17:18:14,384850,0.2,0.0,7,8,    518
2026-07-21 17:18:16,384850,0.2,0.0,7,8,    520
2026-07-21 17:18:18,384850,0.3,0.0,7,8,    522
2026-07-21 17:18:21,384850,0.3,0.0,7,8,    524
2026-07-21 17:18:23,384850,0.3,0.0,7,8,    526
2026-07-21 17:18:25,384850,0.3,0.0,7,8,    528
2026-07-21 17:18:27,384850,0.3,0.0,7,8,    530
2026-07-21 17:18:29,384850,0.3,0.0,7,8,    532
2026-07-21 17:18:31,384850,0.3,0.0,7,8,    534
2026-07-21 17:18:33,384850,0.2,0.0,7,8,    536
2026-07-21 17:18:35,384850,0.2,0.0,7,8,    538
2026-07-21 17:18:37,384850,0.2,0.0,7,8,    541
2026-07-21 17:18:39,384850,0.2,0.0,7,8,    543
2026-07-21 17:18:41,384850,0.2,0.0,7,8,    545
2026-07-21 17:18:43,384850,0.2,0.0,7,8,    547
2026-07-21 17:18:45,384850,0.2,0.0,7,8,    549
2026-07-21 17:18:47,384850,0.2,0.0,7,8,    551
2026-07-21 17:18:49,384850,0.3,0.0,7,8,    553
2026-07-21 17:18:52,384850,0.3,0.0,7,8,    555
2026-07-21 17:18:54,384850,0.3,0.0,7,8,    557
2026-07-21 17:18:56,384850,0.3,0.0,7,8,    559
2026-07-21 17:18:58,384850,0.3,0.0,7,8,    561
2026-07-21 17:19:00,384850,0.2,0.0,7,8,    563
2026-07-21 17:19:02,384850,0.2,0.0,7,8,    565
2026-07-21 17:19:04,384850,0.2,0.0,7,8,    567
2026-07-21 17:19:06,384850,0.2,0.0,7,8,    569
2026-07-21 17:19:08,384850,0.2,0.0,7,8,    572
2026-07-21 17:19:10,384850,0.2,0.0,7,8,    574
2026-07-21 17:19:12,384850,0.2,0.0,7,8,    576
2026-07-21 17:19:14,384850,0.2,0.0,7,8,    578
2026-07-21 17:19:16,384850,0.2,0.0,7,8,    580
2026-07-21 17:19:18,384850,0.2,0.0,7,8,    582
2026-07-21 17:19:20,384850,0.3,0.0,7,8,    584
2026-07-21 17:19:23,384850,0.3,0.0,7,8,    586
2026-07-21 17:19:25,384850,0.3,0.0,7,8,    588
2026-07-21 17:19:27,384850,0.3,0.0,7,8,    590
2026-07-21 17:19:29,384850,0.3,0.0,7,8,    592
2026-07-21 17:19:31,384850,0.2,0.0,7,8,    594
2026-07-21 17:19:33,384850,0.2,0.0,7,8,    596
2026-07-21 17:19:35,384850,0.2,0.0,7,8,    598
2026-07-21 17:19:37,384850,0.2,0.0,7,8,    600
2026-07-21 17:19:39,384850,0.2,0.0,7,8,    603
2026-07-21 17:19:41,384850,0.2,0.0,7,8,    605
2026-07-21 17:19:43,384850,0.2,0.0,7,8,    607
2026-07-21 17:19:45,384850,0.2,0.0,7,8,    609
2026-07-21 17:19:47,384850,0.2,0.0,7,8,    611
2026-07-21 17:19:49,384850,0.2,0.0,7,8,    613
2026-07-21 17:19:51,384850,0.3,0.0,7,8,    615
2026-07-21 17:19:54,384850,0.3,0.0,7,8,    617
2026-07-21 17:19:56,384850,0.3,0.0,7,8,    619
2026-07-21 17:19:58,384850,0.3,0.0,7,8,    621
2026-07-21 17:20:00,384850,0.2,0.0,7,8,    623
2026-07-21 17:20:02,384850,0.2,0.0,7,8,    625
2026-07-21 17:20:04,384850,0.2,0.0,7,8,    627
2026-07-21 17:20:06,384850,0.2,0.0,7,8,    629
2026-07-21 17:20:08,384850,0.2,0.0,7,8,    631
2026-07-21 17:20:10,384850,0.2,0.0,7,8,    634
2026-07-21 17:20:12,384850,0.2,0.0,7,8,    636
2026-07-21 17:20:14,384850,0.2,0.0,7,8,    638
2026-07-21 17:20:16,384850,0.2,0.0,7,8,    640
2026-07-21 17:20:18,384850,0.2,0.0,7,8,    642
2026-07-21 17:20:20,384850,0.2,0.0,7,8,    644
2026-07-21 17:20:22,384850,0.3,0.0,7,8,    646
2026-07-21 17:20:25,384850,0.3,0.0,7,8,    648
2026-07-21 17:20:27,384850,0.3,0.0,7,8,    650
2026-07-21 17:20:29,384850,0.3,0.0,7,8,    652
2026-07-21 17:20:31,384850,0.2,0.0,7,8,    654
2026-07-21 17:20:33,384850,0.2,0.0,7,8,    656
2026-07-21 17:20:35,384850,0.2,0.0,7,8,    658
2026-07-21 17:20:37,384850,0.2,0.0,7,8,    660
2026-07-21 17:20:39,384850,0.2,0.0,7,8,    663
2026-07-21 17:20:41,384850,0.2,0.0,7,8,    665
2026-07-21 17:20:43,384850,0.2,0.0,7,8,    667
2026-07-21 17:20:45,384850,0.2,0.0,7,8,    669
2026-07-21 17:20:47,384850,0.2,0.0,7,8,    671
2026-07-21 17:20:49,384850,0.2,0.0,7,8,    673
2026-07-21 17:20:51,384850,0.2,0.0,7,8,    675
2026-07-21 17:20:54,384850,0.3,0.0,7,8,    677
2026-07-21 17:20:56,384850,0.3,0.0,7,8,    679
2026-07-21 17:20:58,384850,0.3,0.0,7,8,    681
2026-07-21 17:21:00,384850,0.2,0.0,7,8,    683
2026-07-21 17:21:02,384850,0.2,0.0,7,8,    685
2026-07-21 17:21:04,384850,0.2,0.0,7,8,    687
2026-07-21 17:21:06,384850,0.2,0.0,7,8,    689
2026-07-21 17:21:08,384850,0.2,0.0,7,8,    691
2026-07-21 17:21:10,384850,0.2,0.0,7,8,    694
2026-07-21 17:21:12,384850,0.2,0.0,7,8,    696
2026-07-21 17:21:14,384850,0.2,0.0,7,8,    698
2026-07-21 17:21:16,384850,0.2,0.0,7,8,    700
2026-07-21 17:21:18,384850,0.2,0.0,7,8,    702
2026-07-21 17:21:20,384850,0.2,0.0,7,8,    704
2026-07-21 17:21:22,384850,0.3,0.0,7,9,    706
2026-07-21 17:21:25,384850,0.3,0.0,7,8,    708
2026-07-21 17:21:27,384850,0.3,0.0,7,8,    710
2026-07-21 17:21:29,384850,0.3,0.0,7,8,    712
2026-07-21 17:21:31,384850,0.2,0.0,7,8,    714
2026-07-21 17:21:33,384850,0.2,0.0,7,8,    716
2026-07-21 17:21:35,384850,0.2,0.0,7,8,    718
2026-07-21 17:21:37,384850,0.2,0.0,7,8,    720
2026-07-21 17:21:39,384850,0.2,0.0,7,8,    723
2026-07-21 17:21:41,384850,0.2,0.0,7,8,    725
2026-07-21 17:21:43,384850,0.2,0.0,7,8,    727
2026-07-21 17:21:45,384850,0.2,0.0,7,8,    729
2026-07-21 17:21:47,384850,0.2,0.0,7,8,    731
2026-07-21 17:21:49,384850,0.2,0.0,7,8,    733
2026-07-21 17:21:52,384850,0.2,0.0,7,8,    735
2026-07-21 17:21:54,384850,0.3,0.0,7,8,    737
2026-07-21 17:21:56,384850,0.3,0.0,7,8,    739
2026-07-21 17:21:58,384850,0.3,0.0,7,8,    741
2026-07-21 17:22:00,384850,0.3,0.0,7,8,    743
2026-07-21 17:22:02,384850,0.3,0.0,7,8,    745
2026-07-21 17:22:04,384850,0.2,0.0,7,8,    747
2026-07-21 17:22:06,384850,0.2,0.0,7,8,    749
2026-07-21 17:22:08,384850,0.2,0.0,7,8,    752
2026-07-21 17:22:10,384850,0.2,0.0,7,8,    754
2026-07-21 17:22:12,384850,0.2,0.0,7,8,    756
2026-07-21 17:22:14,384850,0.2,0.0,7,8,    758
2026-07-21 17:22:16,384850,0.2,0.0,7,8,    760
2026-07-21 17:22:18,384850,0.2,0.0,7,8,    762
2026-07-21 17:22:21,384850,0.2,0.0,7,8,    764
2026-07-21 17:22:23,384850,0.2,0.0,7,8,    766
2026-07-21 17:22:25,384850,0.3,0.0,7,8,    768
2026-07-21 17:22:27,384850,0.3,0.0,7,8,    770
2026-07-21 17:22:29,384850,0.3,0.0,7,8,    772
2026-07-21 17:22:31,384850,0.3,0.0,7,8,    774
2026-07-21 17:22:33,384850,0.2,0.0,7,8,    776
2026-07-21 17:22:35,384850,0.2,0.0,7,8,    778
2026-07-21 17:22:37,384850,0.2,0.0,7,8,    781
2026-07-21 17:22:39,384850,0.2,0.0,7,8,    783
2026-07-21 17:22:41,384850,0.2,0.0,7,8,    785
2026-07-21 17:22:43,384850,0.2,0.0,7,8,    787
2026-07-21 17:22:45,384850,0.2,0.0,7,8,    789
2026-07-21 17:22:47,384850,0.2,0.0,7,8,    791
2026-07-21 17:22:49,384850,0.2,0.0,7,8,    793
2026-07-21 17:22:52,384850,0.2,0.0,7,8,    795
2026-07-21 17:22:54,384850,0.2,0.0,7,8,    797
2026-07-21 17:22:56,384850,0.3,0.0,7,8,    799
2026-07-21 17:22:58,384850,0.2,0.0,7,8,    801
2026-07-21 17:23:00,384850,0.2,0.0,7,8,    803
2026-07-21 17:23:02,384850,0.2,0.0,7,8,    805
2026-07-21 17:23:04,384850,0.2,0.0,7,8,    807
2026-07-21 17:23:06,384850,0.2,0.0,7,8,    809
2026-07-21 17:23:08,384850,0.2,0.0,7,8,    812
2026-07-21 17:23:10,384850,0.2,0.0,7,8,    814
2026-07-21 17:23:12,384850,0.2,0.0,7,8,    816
2026-07-21 17:23:14,384850,0.2,0.0,7,8,    818
2026-07-21 17:23:16,384850,0.2,0.0,7,8,    820
2026-07-21 17:23:18,384850,0.2,0.0,7,8,    822
2026-07-21 17:23:20,384850,0.2,0.0,7,8,    824
2026-07-21 17:23:23,384850,0.2,0.0,7,8,    826
2026-07-21 17:23:25,384850,0.2,0.0,7,8,    828
2026-07-21 17:23:27,384850,0.2,0.0,7,8,    830
2026-07-21 17:23:29,384850,0.2,0.0,7,8,    832
2026-07-21 17:23:31,384850,0.2,0.0,7,8,    834
2026-07-21 17:23:33,384850,0.2,0.0,7,8,    836
2026-07-21 17:23:35,384850,0.2,0.0,7,8,    838
2026-07-21 17:23:37,384850,0.2,0.0,7,8,    840
2026-07-21 17:23:39,384850,0.2,0.0,7,8,    843
2026-07-21 17:23:41,384850,0.2,0.0,7,8,    845
2026-07-21 17:23:43,384850,0.2,0.0,7,8,    847
2026-07-21 17:23:45,384850,0.2,0.0,7,8,    849
2026-07-21 17:23:47,384850,0.2,0.0,7,8,    851
2026-07-21 17:23:49,384850,0.2,0.0,7,8,    853
2026-07-21 17:23:51,384850,0.2,0.0,7,8,    855
2026-07-21 17:23:54,384850,0.2,0.0,7,8,    857
2026-07-21 17:23:56,384850,0.2,0.0,7,9,    859
2026-07-21 17:23:58,384850,0.2,0.0,7,8,    861
2026-07-21 17:24:00,384850,0.2,0.0,7,8,    863
2026-07-21 17:24:02,384850,0.2,0.0,7,8,    865
2026-07-21 17:24:04,384850,0.2,0.0,7,8,    867
2026-07-21 17:24:06,384850,0.2,0.0,7,8,    869
2026-07-21 17:24:08,384850,0.2,0.0,7,8,    872
2026-07-21 17:24:10,384850,0.2,0.0,7,8,    874
2026-07-21 17:24:12,384850,0.2,0.0,7,8,    876
2026-07-21 17:24:14,384850,0.2,0.0,7,8,    878
2026-07-21 17:24:16,384850,0.2,0.0,7,8,    880
2026-07-21 17:24:18,384850,0.2,0.0,7,8,    882
2026-07-21 17:24:20,384850,0.2,0.0,7,8,    884
2026-07-21 17:24:23,384850,0.2,0.0,7,8,    886
2026-07-21 17:24:25,384850,0.2,0.0,7,8,    888
2026-07-21 17:24:27,384850,0.2,0.0,7,8,    890
2026-07-21 17:24:29,384850,0.2,0.0,7,8,    892
2026-07-21 17:24:31,384850,0.2,0.0,7,8,    894
2026-07-21 17:24:33,384850,0.2,0.0,7,8,    896
2026-07-21 17:24:35,384850,0.2,0.0,7,8,    898
2026-07-21 17:24:37,384850,0.2,0.0,7,8,    900
2026-07-21 17:24:39,384850,0.2,0.0,7,8,    903
2026-07-21 17:24:41,384850,0.2,0.0,7,8,    905
2026-07-21 17:24:43,384850,0.2,0.0,7,8,    907
2026-07-21 17:24:45,384850,0.2,0.0,7,8,    909
2026-07-21 17:24:47,384850,0.2,0.0,7,8,    911
2026-07-21 17:24:49,384850,0.2,0.0,7,8,    913
2026-07-21 17:24:51,384850,0.2,0.0,7,8,    915
2026-07-21 17:24:53,384850,0.2,0.0,7,8,    917
2026-07-21 17:24:56,384850,0.2,0.0,7,8,    919
2026-07-21 17:24:58,384850,0.2,0.0,7,8,    921
2026-07-21 17:25:00,384850,0.2,0.0,7,8,    923
2026-07-21 17:25:02,384850,0.2,0.0,7,8,    925
2026-07-21 17:25:04,384850,0.2,0.0,7,8,    927
2026-07-21 17:25:06,384850,0.2,0.0,7,8,    929
2026-07-21 17:25:08,384850,0.2,0.0,7,8,    931
2026-07-21 17:25:10,384850,0.2,0.0,7,8,    933
2026-07-21 17:25:12,384850,0.2,0.0,7,8,    936
2026-07-21 17:25:14,384850,0.2,0.0,7,8,    938
2026-07-21 17:25:16,384850,0.2,0.0,7,8,    940
2026-07-21 17:25:18,384850,0.2,0.0,7,8,    942
2026-07-21 17:25:20,384850,0.2,0.0,7,8,    944
2026-07-21 17:25:22,384850,0.2,0.0,7,8,    946
2026-07-21 17:25:24,384850,0.2,0.0,7,8,    948
2026-07-21 17:25:27,384850,0.2,0.0,7,8,    950
2026-07-21 17:25:29,384850,0.2,0.0,7,8,    952
2026-07-21 17:25:31,384850,0.2,0.0,7,8,    954
2026-07-21 17:25:33,384850,0.2,0.0,7,8,    956
2026-07-21 17:25:35,384850,0.2,0.0,7,8,    958
2026-07-21 17:25:37,384850,0.2,0.0,7,8,    960
2026-07-21 17:25:39,384850,0.2,0.0,7,8,    962
2026-07-21 17:25:41,384850,0.2,0.0,7,8,    964
2026-07-21 17:25:43,384850,0.2,0.0,7,8,    967
2026-07-21 17:25:45,384850,0.2,0.0,7,8,    969
2026-07-21 17:25:47,384850,0.2,0.0,7,8,    971
2026-07-21 17:25:49,384850,0.2,0.0,7,8,    973
2026-07-21 17:25:51,384850,0.2,0.0,7,8,    975
2026-07-21 17:25:53,384850,0.2,0.0,7,8,    977
2026-07-21 17:25:55,384850,0.2,0.0,7,8,    979
2026-07-21 17:25:58,384850,0.2,0.0,7,8,    981
2026-07-21 17:26:00,384850,0.2,0.0,7,8,    983
2026-07-21 17:26:02,384850,0.2,0.0,7,8,    985
2026-07-21 17:26:04,384850,0.2,0.0,7,8,    987
2026-07-21 17:26:06,384850,0.2,0.0,7,8,    989
2026-07-21 17:26:08,384850,0.2,0.0,7,8,    991
2026-07-21 17:26:10,384850,0.2,0.0,7,8,    993
2026-07-21 17:26:12,384850,0.2,0.0,7,8,    995
2026-07-21 17:26:14,384850,0.2,0.0,7,8,    998
2026-07-21 17:26:16,384850,0.2,0.0,7,8,   1000
2026-07-21 17:26:18,384850,0.2,0.0,7,8,   1002
2026-07-21 17:26:20,384850,0.2,0.0,7,8,   1004
2026-07-21 17:26:22,384850,0.2,0.0,7,8,   1006
2026-07-21 17:26:24,384850,0.2,0.0,7,8,   1008
2026-07-21 17:26:27,384850,0.2,0.0,7,8,   1010
2026-07-21 17:26:29,384850,0.2,0.0,7,8,   1012
2026-07-21 17:26:31,384850,0.2,0.0,7,8,   1014
2026-07-21 17:26:33,384850,0.2,0.0,7,8,   1016
2026-07-21 17:26:35,384850,0.2,0.0,7,8,   1018
2026-07-21 17:26:37,384850,0.2,0.0,7,8,   1020
2026-07-21 17:26:39,384850,0.2,0.0,7,8,   1022
2026-07-21 17:26:41,384850,0.2,0.0,7,8,   1024
2026-07-21 17:26:43,384850,0.2,0.0,7,8,   1027
2026-07-21 17:26:45,384850,0.2,0.0,7,8,   1029
2026-07-21 17:26:47,384850,0.2,0.0,7,8,   1031
2026-07-21 17:26:49,384850,0.2,0.0,7,8,   1033
2026-07-21 17:26:51,384850,0.2,0.0,7,8,   1035
2026-07-21 17:26:53,384850,0.2,0.0,7,8,   1037
2026-07-21 17:26:55,384850,0.2,0.0,7,8,   1039
2026-07-21 17:26:58,384850,0.2,0.0,7,8,   1041
2026-07-21 17:27:00,384850,0.2,0.0,7,9,   1043
2026-07-21 17:27:02,384850,0.2,0.0,7,8,   1045
2026-07-21 17:27:04,384850,0.2,0.0,7,8,   1047
2026-07-21 17:27:06,384850,0.2,0.0,7,8,   1049
2026-07-21 17:27:08,384850,0.2,0.0,7,8,   1051
2026-07-21 17:27:10,384850,0.2,0.0,7,8,   1053
2026-07-21 17:27:12,384850,0.2,0.0,7,8,   1055
2026-07-21 17:27:14,384850,0.2,0.0,7,8,   1058
2026-07-21 17:27:16,384850,0.2,0.0,7,8,   1060
2026-07-21 17:27:18,384850,0.2,0.0,7,8,   1062
2026-07-21 17:27:20,384850,0.2,0.0,7,8,   1064
2026-07-21 17:27:22,384850,0.2,0.0,7,8,   1066
2026-07-21 17:27:24,384850,0.2,0.0,7,8,   1068
2026-07-21 17:27:26,384850,0.2,0.0,7,8,   1070
2026-07-21 17:27:29,384850,0.2,0.0,7,8,   1072
2026-07-21 17:27:31,384850,0.2,0.0,7,8,   1074
2026-07-21 17:27:33,384850,0.2,0.0,7,8,   1076
2026-07-21 17:27:35,384850,0.2,0.0,7,8,   1078
2026-07-21 17:27:37,384850,0.2,0.0,7,8,   1080
2026-07-21 17:27:39,384850,0.2,0.0,7,8,   1082
2026-07-21 17:27:41,384850,0.2,0.0,7,8,   1084
2026-07-21 17:27:43,384850,0.2,0.0,7,8,   1086
2026-07-21 17:27:45,384850,0.2,0.0,7,8,   1089
2026-07-21 17:27:47,384850,0.2,0.0,7,8,   1091
2026-07-21 17:27:49,384850,0.2,0.0,7,8,   1093
2026-07-21 17:27:51,384850,0.2,0.0,7,8,   1095
2026-07-21 17:27:53,384850,0.2,0.0,7,8,   1097
2026-07-21 17:27:55,384850,0.2,0.0,7,8,   1099
2026-07-21 17:27:57,384850,0.2,0.0,7,8,   1101
2026-07-21 17:28:00,384850,0.2,0.0,7,8,   1103
2026-07-21 17:28:02,384850,0.2,0.0,7,8,   1105
2026-07-21 17:28:04,384850,0.2,0.0,7,8,   1107
2026-07-21 17:28:06,384850,0.2,0.0,7,8,   1109
2026-07-21 17:28:08,384850,0.2,0.0,7,8,   1111
2026-07-21 17:28:10,384850,0.2,0.0,7,8,   1113
2026-07-21 17:28:12,384850,0.2,0.0,7,8,   1115
2026-07-21 17:28:14,384850,0.2,0.0,7,8,   1117
2026-07-21 17:28:16,384850,0.2,0.0,7,8,   1120
2026-07-21 17:28:18,384850,0.2,0.0,7,8,   1122
2026-07-21 17:28:20,384850,0.2,0.0,7,8,   1124
2026-07-21 17:28:22,384850,0.2,0.0,7,8,   1126
2026-07-21 17:28:24,384850,0.2,0.0,7,8,   1128
2026-07-21 17:28:26,384850,0.2,0.0,7,8,   1130
2026-07-21 17:28:28,384850,0.2,0.0,7,8,   1132
2026-07-21 17:28:31,384850,0.2,0.0,7,8,   1134
2026-07-21 17:28:33,384850,0.2,0.0,7,8,   1136
2026-07-21 17:28:35,384850,0.2,0.0,7,8,   1138
2026-07-21 17:28:37,384850,0.2,0.0,7,8,   1140
2026-07-21 17:28:39,384850,0.2,0.0,7,8,   1142
2026-07-21 17:28:41,384850,0.2,0.0,7,8,   1144
2026-07-21 17:28:43,384850,0.2,0.0,7,8,   1146
2026-07-21 17:28:45,384850,0.2,0.0,7,8,   1148
2026-07-21 17:28:47,384850,0.2,0.0,7,8,   1151
2026-07-21 17:28:49,384850,0.2,0.0,7,8,   1153
2026-07-21 17:28:51,384850,0.2,0.0,7,8,   1155
2026-07-21 17:28:53,384850,0.2,0.0,7,8,   1157
2026-07-21 17:28:55,384850,0.2,0.0,7,8,   1159
2026-07-21 17:28:57,384850,0.2,0.0,7,8,   1161
2026-07-21 17:28:59,384850,0.2,0.0,7,8,   1163
2026-07-21 17:29:02,384850,0.2,0.0,7,8,   1165
2026-07-21 17:29:04,384850,0.2,0.0,7,8,   1167
2026-07-21 17:29:06,384850,0.2,0.0,7,8,   1169
2026-07-21 17:29:08,384850,0.2,0.0,7,8,   1171
2026-07-21 17:29:10,384850,0.2,0.0,7,8,   1173
2026-07-21 17:29:12,384850,0.2,0.0,7,8,   1175
2026-07-21 17:29:14,384850,0.2,0.0,7,8,   1177
2026-07-21 17:29:16,384850,0.2,0.0,7,8,   1180
2026-07-21 17:29:18,384850,0.2,0.0,7,8,   1182
2026-07-21 17:29:20,384850,0.2,0.0,7,8,   1184
2026-07-21 17:29:22,384850,0.2,0.0,7,8,   1186
2026-07-21 17:29:24,384850,0.2,0.0,7,8,   1188
2026-07-21 17:29:26,384850,0.2,0.0,7,8,   1190
2026-07-21 17:29:28,384850,0.2,0.0,7,8,   1192
2026-07-21 17:29:31,384850,0.2,0.0,7,8,   1194
2026-07-21 17:29:33,384850,0.2,0.0,7,8,   1196
2026-07-21 17:29:35,384850,0.2,0.0,7,8,   1198
2026-07-21 17:29:37,384850,0.2,0.0,7,8,   1200
2026-07-21 17:29:39,384850,0.2,0.0,7,8,   1202
2026-07-21 17:29:41,384850,0.2,0.0,7,8,   1204
2026-07-21 17:29:43,384850,0.2,0.0,7,8,   1206
2026-07-21 17:29:45,384850,0.2,0.0,7,8,   1208
2026-07-21 17:29:47,384850,0.2,0.0,7,8,   1211
2026-07-21 17:29:49,384850,0.2,0.0,7,8,   1213
2026-07-21 17:29:51,384850,0.2,0.0,7,8,   1215
2026-07-21 17:29:53,384850,0.2,0.0,7,8,   1217
2026-07-21 17:29:55,384850,0.2,0.0,7,8,   1219
2026-07-21 17:29:57,384850,0.2,0.0,7,8,   1221
2026-07-21 17:29:59,384850,0.2,0.0,7,8,   1223
2026-07-21 17:30:02,384850,0.2,0.0,7,8,   1225
2026-07-21 17:30:04,384850,0.2,0.0,7,9,   1227
2026-07-21 17:30:06,384850,0.2,0.0,7,8,   1229
2026-07-21 17:30:08,384850,0.2,0.0,7,8,   1231
2026-07-21 17:30:10,384850,0.2,0.0,7,8,   1233
2026-07-21 17:30:12,384850,0.2,0.0,7,8,   1235
2026-07-21 17:30:14,384850,0.2,0.0,7,8,   1237
2026-07-21 17:30:16,384850,0.2,0.0,7,8,   1239
2026-07-21 17:30:18,384850,0.2,0.0,7,8,   1242
2026-07-21 17:30:20,384850,0.2,0.0,7,8,   1244
2026-07-21 17:30:22,384850,0.2,0.0,7,8,   1246
2026-07-21 17:30:24,384850,0.2,0.0,7,8,   1248
2026-07-21 17:30:26,384850,0.2,0.0,7,8,   1250
2026-07-21 17:30:28,384850,0.2,0.0,7,8,   1252
2026-07-21 17:30:30,384850,0.2,0.0,7,8,   1254
2026-07-21 17:30:33,384850,0.2,0.0,7,8,   1256
2026-07-21 17:30:35,384850,0.2,0.0,7,8,   1258
2026-07-21 17:30:37,384850,0.2,0.0,7,8,   1260
2026-07-21 17:30:39,384850,0.2,0.0,7,8,   1262
2026-07-21 17:30:41,384850,0.2,0.0,7,8,   1264
2026-07-21 17:30:43,384850,0.2,0.0,7,8,   1266
2026-07-21 17:30:45,384850,0.2,0.0,7,8,   1268
2026-07-21 17:30:47,384850,0.2,0.0,7,8,   1270
2026-07-21 17:30:49,384850,0.2,0.0,7,8,   1273
2026-07-21 17:30:51,384850,0.2,0.0,7,8,   1275
2026-07-21 17:30:53,384850,0.2,0.0,7,8,   1277
2026-07-21 17:30:55,384850,0.2,0.0,7,8,   1279
2026-07-21 17:30:57,384850,0.2,0.0,7,8,   1281
2026-07-21 17:30:59,384850,0.2,0.0,7,8,   1283
2026-07-21 17:31:01,384850,0.2,0.0,7,8,   1285
2026-07-21 17:31:04,384850,0.2,0.0,7,8,   1287
2026-07-21 17:31:06,384850,0.2,0.0,7,8,   1289
2026-07-21 17:31:08,384850,0.2,0.0,7,8,   1291
2026-07-21 17:31:10,384850,0.2,0.0,7,8,   1293
2026-07-21 17:31:12,384850,0.2,0.0,7,8,   1295
2026-07-21 17:31:14,384850,0.2,0.0,7,8,   1297
2026-07-21 17:31:16,384850,0.2,0.0,7,8,   1299
2026-07-21 17:31:18,384850,0.2,0.0,7,8,   1301
2026-07-21 17:31:20,384850,0.2,0.0,7,8,   1304
2026-07-21 17:31:22,384850,0.2,0.0,7,8,   1306
2026-07-21 17:31:24,384850,0.2,0.0,7,8,   1308
2026-07-21 17:31:26,384850,0.2,0.0,7,8,   1310
2026-07-21 17:31:28,384850,0.2,0.0,7,8,   1312
2026-07-21 17:31:30,384850,0.2,0.0,7,8,   1314
2026-07-21 17:31:32,384850,0.2,0.0,7,8,   1316
2026-07-21 17:31:34,384850,0.2,0.0,7,8,   1318
2026-07-21 17:31:37,384850,0.2,0.0,7,8,   1320
2026-07-21 17:31:39,384850,0.2,0.0,7,8,   1322
2026-07-21 17:31:41,384850,0.2,0.0,7,8,   1324
2026-07-21 17:31:43,384850,0.2,0.0,7,8,   1326
2026-07-21 17:31:45,384850,0.2,0.0,7,8,   1328
2026-07-21 17:31:47,384850,0.2,0.0,7,8,   1330
2026-07-21 17:31:49,384850,0.2,0.0,7,8,   1332
2026-07-21 17:31:51,384850,0.2,0.0,7,8,   1334
2026-07-21 17:31:53,384850,0.2,0.0,7,8,   1337
2026-07-21 17:31:55,384850,0.2,0.0,7,8,   1339
2026-07-21 17:31:57,384850,0.2,0.0,7,8,   1341
2026-07-21 17:31:59,384850,0.2,0.0,7,8,   1343
2026-07-21 17:32:01,384850,0.2,0.0,7,8,   1345
2026-07-21 17:32:03,384850,0.2,0.0,7,8,   1347
2026-07-21 17:32:05,384850,0.2,0.0,7,8,   1349
2026-07-21 17:32:08,384850,0.2,0.0,7,8,   1351
2026-07-21 17:32:10,384850,0.2,0.0,7,8,   1353
2026-07-21 17:32:12,384850,0.2,0.0,7,8,   1355
2026-07-21 17:32:14,384850,0.2,0.0,7,8,   1357
2026-07-21 17:32:16,384850,0.2,0.0,7,8,   1359
2026-07-21 17:32:18,384850,0.2,0.0,7,8,   1361
2026-07-21 17:32:20,384850,0.2,0.0,7,8,   1363
2026-07-21 17:32:22,384850,0.2,0.0,7,8,   1365
2026-07-21 17:32:24,384850,0.2,0.0,7,8,   1368
2026-07-21 17:32:26,384850,0.2,0.0,7,8,   1370
2026-07-21 17:32:28,384850,0.2,0.0,7,8,   1372
2026-07-21 17:32:30,384850,0.2,0.0,7,8,   1374
2026-07-21 17:32:32,384850,0.2,0.0,7,8,   1376
2026-07-21 17:32:34,384850,0.2,0.0,7,8,   1378
2026-07-21 17:32:36,384850,0.2,0.0,7,8,   1380
2026-07-21 17:32:39,384850,0.2,0.0,7,8,   1382
2026-07-21 17:32:41,384850,0.2,0.0,7,8,   1384
2026-07-21 17:32:43,384850,0.2,0.0,7,8,   1386
2026-07-21 17:32:45,384850,0.2,0.0,7,8,   1388
2026-07-21 17:32:47,384850,0.2,0.0,7,8,   1390
2026-07-21 17:32:49,384850,0.2,0.0,7,8,   1392
2026-07-21 17:32:51,384850,0.2,0.0,7,8,   1394
2026-07-21 17:32:53,384850,0.2,0.0,7,8,   1396
2026-07-21 17:32:55,384850,0.2,0.0,7,8,   1399
2026-07-21 17:32:57,384850,0.2,0.0,7,8,   1401
2026-07-21 17:32:59,384850,0.2,0.0,7,8,   1403
2026-07-21 17:33:01,384850,0.2,0.0,7,8,   1405
2026-07-21 17:33:03,384850,0.2,0.0,7,8,   1407
2026-07-21 17:33:05,384850,0.2,0.0,7,8,   1409
2026-07-21 17:33:08,384850,0.2,0.0,7,9,   1411
2026-07-21 17:33:10,384850,0.2,0.0,7,8,   1413
2026-07-21 17:33:12,384850,0.2,0.0,7,8,   1415
2026-07-21 17:33:14,384850,0.2,0.0,7,8,   1417
2026-07-21 17:33:16,384850,0.2,0.0,7,8,   1419
2026-07-21 17:33:18,384850,0.2,0.0,7,8,   1421
2026-07-21 17:33:20,384850,0.2,0.0,7,8,   1423
2026-07-21 17:33:22,384850,0.2,0.0,7,8,   1425
2026-07-21 17:33:24,384850,0.2,0.0,7,8,   1427
2026-07-21 17:33:26,384850,0.2,0.0,7,8,   1430
2026-07-21 17:33:28,384850,0.2,0.0,7,8,   1432
2026-07-21 17:33:30,384850,0.2,0.0,7,8,   1434
2026-07-21 17:33:32,384850,0.2,0.0,7,8,   1436
2026-07-21 17:33:34,384850,0.2,0.0,7,8,   1438
2026-07-21 17:33:36,384850,0.2,0.0,7,8,   1440
2026-07-21 17:33:39,384850,0.2,0.0,7,8,   1442
2026-07-21 17:33:41,384850,0.2,0.0,7,8,   1444
2026-07-21 17:33:43,384850,0.2,0.0,7,8,   1446
2026-07-21 17:33:45,384850,0.2,0.0,7,8,   1448
2026-07-21 17:33:47,384850,0.2,0.0,7,8,   1450
2026-07-21 17:33:49,384850,0.2,0.0,7,8,   1452
2026-07-21 17:33:51,384850,0.2,0.0,7,8,   1454
2026-07-21 17:33:53,384850,0.2,0.0,7,8,   1456
2026-07-21 17:33:55,384850,0.2,0.0,7,8,   1459
2026-07-21 17:33:57,384850,0.2,0.0,7,8,   1461
2026-07-21 17:33:59,384850,0.2,0.0,7,8,   1463
2026-07-21 17:34:01,384850,0.2,0.0,7,8,   1465
2026-07-21 17:34:03,384850,0.2,0.0,7,8,   1467
2026-07-21 17:34:05,384850,0.2,0.0,7,8,   1469
2026-07-21 17:34:08,384850,0.2,0.0,7,8,   1471
2026-07-21 17:34:10,384850,0.2,0.0,7,8,   1473
2026-07-21 17:34:12,384850,0.2,0.0,7,8,   1475
2026-07-21 17:34:14,384850,0.2,0.0,7,8,   1477
2026-07-21 17:34:16,384850,0.2,0.0,7,8,   1479
2026-07-21 17:34:18,384850,0.2,0.0,7,8,   1481
2026-07-21 17:34:20,384850,0.2,0.0,7,8,   1483
2026-07-21 17:34:22,384850,0.2,0.0,7,8,   1485
2026-07-21 17:34:24,384850,0.2,0.0,7,8,   1488
2026-07-21 17:34:26,384850,0.2,0.0,7,8,   1490
2026-07-21 17:34:28,384850,0.2,0.0,7,8,   1492
2026-07-21 17:34:30,384850,0.2,0.0,7,8,   1494
2026-07-21 17:34:32,384850,0.2,0.0,7,8,   1496
2026-07-21 17:34:34,384850,0.2,0.0,7,8,   1498
2026-07-21 17:34:37,384850,0.2,0.0,7,8,   1500
2026-07-21 17:34:39,384850,0.2,0.0,7,8,   1502
2026-07-21 17:34:41,384850,0.2,0.0,7,8,   1504
2026-07-21 17:34:43,384850,0.2,0.0,7,8,   1506
2026-07-21 17:34:45,384850,0.2,0.0,7,8,   1508
2026-07-21 17:34:47,384850,0.2,0.0,7,8,   1510
2026-07-21 17:34:49,384850,0.2,0.0,7,8,   1512
2026-07-21 17:34:51,384850,0.2,0.0,7,8,   1514
2026-07-21 17:34:53,384850,0.2,0.0,7,8,   1517
2026-07-21 17:34:55,384850,0.2,0.0,7,8,   1519
2026-07-21 17:34:57,384850,0.2,0.0,7,8,   1521
2026-07-21 17:34:59,384850,0.2,0.0,7,8,   1523
2026-07-21 17:35:01,384850,0.2,0.0,7,8,   1525
2026-07-21 17:35:03,384850,0.2,0.0,7,8,   1527
2026-07-21 17:35:05,384850,0.2,0.0,7,8,   1529
2026-07-21 17:35:08,384850,0.2,0.0,7,8,   1531
2026-07-21 17:35:10,384850,0.2,0.0,7,8,   1533
2026-07-21 17:35:12,384850,0.2,0.0,7,8,   1535
2026-07-21 17:35:14,384850,0.2,0.0,7,8,   1537
2026-07-21 17:35:16,384850,0.2,0.0,7,8,   1539
2026-07-21 17:35:18,384850,0.2,0.0,7,8,   1541
2026-07-21 17:35:20,384850,0.2,0.0,7,8,   1543
2026-07-21 17:35:22,384850,0.2,0.0,7,8,   1545
2026-07-21 17:35:24,384850,0.2,0.0,7,8,   1548
2026-07-21 17:35:26,384850,0.2,0.0,7,8,   1550
2026-07-21 17:35:28,384850,0.2,0.0,7,8,   1552
2026-07-21 17:35:30,384850,0.2,0.0,7,8,   1554
2026-07-21 17:35:32,384850,0.2,0.0,7,8,   1556
2026-07-21 17:35:34,384850,0.2,0.0,7,8,   1558
2026-07-21 17:35:36,384850,0.2,0.0,7,8,   1560
2026-07-21 17:35:39,384850,0.2,0.0,7,8,   1562
2026-07-21 17:35:41,384850,0.2,0.0,7,8,   1564
2026-07-21 17:35:43,384850,0.2,0.0,7,8,   1566
2026-07-21 17:35:45,384850,0.2,0.0,7,8,   1568
2026-07-21 17:35:47,384850,0.2,0.0,7,8,   1570
2026-07-21 17:35:49,384850,0.2,0.0,7,8,   1572
2026-07-21 17:35:51,384850,0.2,0.0,7,8,   1574
2026-07-21 17:35:53,384850,0.2,0.0,7,8,   1576
2026-07-21 17:35:55,384850,0.2,0.0,7,8,   1579
2026-07-21 17:35:57,384850,0.2,0.0,7,8,   1581
2026-07-21 17:35:59,384850,0.2,0.0,7,8,   1583
2026-07-21 17:36:01,384850,0.2,0.0,7,8,   1585
2026-07-21 17:36:03,384850,0.2,0.0,7,8,   1587
2026-07-21 17:36:05,384850,0.2,0.0,7,8,   1589
2026-07-21 17:36:07,384850,0.2,0.0,7,8,   1591
2026-07-21 17:36:10,384850,0.2,0.0,7,8,   1593
2026-07-21 17:36:12,384850,0.2,0.0,7,9,   1595
2026-07-21 17:36:14,384850,0.2,0.0,7,8,   1597
2026-07-21 17:36:16,384850,0.2,0.0,7,8,   1599
2026-07-21 17:36:18,384850,0.2,0.0,7,8,   1601
2026-07-21 17:36:20,384850,0.2,0.0,7,8,   1603
2026-07-21 17:36:22,384850,0.2,0.0,7,8,   1605
2026-07-21 17:36:24,384850,0.2,0.0,7,8,   1607
2026-07-21 17:36:26,384850,0.2,0.0,7,8,   1610
2026-07-21 17:36:28,384850,0.2,0.0,7,8,   1612
2026-07-21 17:36:30,384850,0.2,0.0,7,8,   1614
2026-07-21 17:36:32,384850,0.2,0.0,7,8,   1616
2026-07-21 17:36:34,384850,0.2,0.0,7,8,   1618
2026-07-21 17:36:36,384850,0.2,0.0,7,8,   1620
2026-07-21 17:36:38,384850,0.2,0.0,7,8,   1622
2026-07-21 17:36:41,384850,0.2,0.0,7,8,   1624
2026-07-21 17:36:43,384850,0.2,0.0,7,8,   1626
2026-07-21 17:36:45,384850,0.2,0.0,7,8,   1628
2026-07-21 17:36:47,384850,0.2,0.0,7,8,   1630
2026-07-21 17:36:49,384850,0.2,0.0,7,8,   1632
2026-07-21 17:36:51,384850,0.2,0.0,7,8,   1634
2026-07-21 17:36:53,384850,0.2,0.0,7,8,   1636
2026-07-21 17:36:55,384850,0.2,0.0,7,8,   1638
2026-07-21 17:36:57,384850,0.2,0.0,7,8,   1641
2026-07-21 17:36:59,384850,0.2,0.0,7,8,   1643
2026-07-21 17:37:01,384850,0.2,0.0,7,8,   1645
2026-07-21 17:37:03,384850,0.2,0.0,7,8,   1647
2026-07-21 17:37:05,384850,0.2,0.0,7,8,   1649
2026-07-21 17:37:07,384850,0.2,0.0,7,8,   1651
2026-07-21 17:37:09,384850,0.2,0.0,7,8,   1653
2026-07-21 17:37:12,384850,0.2,0.0,7,8,   1655
2026-07-21 17:37:14,384850,0.2,0.0,7,8,   1657
2026-07-21 17:37:16,384850,0.2,0.0,7,8,   1659
2026-07-21 17:37:18,384850,0.2,0.0,7,8,   1661
2026-07-21 17:37:20,384850,0.2,0.0,7,8,   1663
2026-07-21 17:37:22,384850,0.2,0.0,7,8,   1665
2026-07-21 17:37:24,384850,0.2,0.0,7,8,   1667
2026-07-21 17:37:26,384850,0.2,0.0,7,8,   1670
2026-07-21 17:37:28,384850,0.2,0.0,7,8,   1672
2026-07-21 17:37:30,384850,0.2,0.0,7,8,   1674
2026-07-21 17:37:32,384850,0.2,0.0,7,8,   1676
2026-07-21 17:37:34,384850,0.2,0.0,7,8,   1678
2026-07-21 17:37:36,384850,0.2,0.0,7,8,   1680
2026-07-21 17:37:38,384850,0.2,0.0,7,8,   1682
2026-07-21 17:37:40,384850,0.2,0.0,7,8,   1684
2026-07-21 17:37:43,384850,0.2,0.0,7,8,   1686
2026-07-21 17:37:45,384850,0.2,0.0,7,8,   1688
2026-07-21 17:37:47,384850,0.2,0.0,7,8,   1690
2026-07-21 17:37:49,384850,0.2,0.0,7,8,   1692
2026-07-21 17:37:51,384850,0.2,0.0,7,8,   1694
2026-07-21 17:37:53,384850,0.2,0.0,7,8,   1696
2026-07-21 17:37:55,384850,0.2,0.0,7,8,   1698
2026-07-21 17:37:57,384850,0.2,0.0,7,8,   1700
2026-07-21 17:37:59,384850,0.2,0.0,7,8,   1703
2026-07-21 17:38:01,384850,0.2,0.0,7,8,   1705
2026-07-21 17:38:03,384850,0.2,0.0,7,8,   1707
2026-07-21 17:38:05,384850,0.2,0.0,7,8,   1709
2026-07-21 17:38:07,384850,0.2,0.0,7,8,   1711
2026-07-21 17:38:09,384850,0.2,0.0,7,8,   1713
2026-07-21 17:38:12,384850,0.2,0.0,7,8,   1715
2026-07-21 17:38:14,384850,0.2,0.0,7,8,   1717
2026-07-21 17:38:16,384850,0.2,0.0,7,8,   1719
2026-07-21 17:38:18,384850,0.2,0.0,7,8,   1721
2026-07-21 17:38:20,384850,0.2,0.0,7,8,   1723
2026-07-21 17:38:22,384850,0.2,0.0,7,8,   1725
2026-07-21 17:38:24,384850,0.2,0.0,7,8,   1727
2026-07-21 17:38:26,384850,0.2,0.0,7,8,   1729
2026-07-21 17:38:28,384850,0.2,0.0,7,8,   1732
2026-07-21 17:38:30,384850,0.2,0.0,7,8,   1734
2026-07-21 17:38:32,384850,0.2,0.0,7,8,   1736
2026-07-21 17:38:34,384850,0.2,0.0,7,8,   1738
2026-07-21 17:38:36,384850,0.2,0.0,7,8,   1740
2026-07-21 17:38:38,384850,0.2,0.0,7,8,   1742
2026-07-21 17:38:40,384850,0.2,0.0,7,8,   1744
2026-07-21 17:38:43,384850,0.2,0.0,7,8,   1746
2026-07-21 17:38:45,384850,0.2,0.0,7,8,   1748
2026-07-21 17:38:47,384850,0.2,0.0,7,8,   1750
2026-07-21 17:38:49,384850,0.2,0.0,7,8,   1752
2026-07-21 17:38:51,384850,0.2,0.0,7,8,   1754
2026-07-21 17:38:53,384850,0.2,0.0,7,8,   1756
2026-07-21 17:38:55,384850,0.2,0.0,7,8,   1758
2026-07-21 17:38:57,384850,0.2,0.0,7,8,   1760
2026-07-21 17:38:59,384850,0.2,0.0,7,8,   1763
2026-07-21 17:39:01,384850,0.2,0.0,7,8,   1765
2026-07-21 17:39:03,384850,0.2,0.0,7,8,   1767
2026-07-21 17:39:05,384850,0.2,0.0,7,8,   1769
2026-07-21 17:39:07,384850,0.2,0.0,7,8,   1771
2026-07-21 17:39:09,384850,0.2,0.0,7,8,   1773
2026-07-21 17:39:11,384850,0.2,0.0,7,8,   1775
2026-07-21 17:39:14,384850,0.2,0.0,7,8,   1777
2026-07-21 17:39:16,384850,0.2,0.0,7,9,   1779
2026-07-21 17:39:18,384850,0.2,0.0,7,8,   1781
2026-07-21 17:39:20,384850,0.2,0.0,7,8,   1783
2026-07-21 17:39:22,384850,0.2,0.0,7,8,   1785
2026-07-21 17:39:24,384850,0.2,0.0,7,8,   1787
2026-07-21 17:39:26,384850,0.2,0.0,7,8,   1789
2026-07-21 17:39:28,384850,0.2,0.0,7,8,   1792
2026-07-21 17:39:30,384850,0.2,0.0,7,8,   1794
2026-07-21 17:39:32,384850,0.2,0.0,7,8,   1796
2026-07-21 17:44:12,474079,0.3,0.0,7,4,     23
2026-07-21 17:44:14,474079,0.3,0.0,7,4,     25
2026-07-21 17:44:16,474079,0.2,0.0,7,4,     27
2026-07-21 17:44:18,474079,0.2,0.0,7,4,     29
2026-07-21 17:44:20,474079,0.5,0.0,7,5,     31
2026-07-21 17:44:22,474079,0.5,0.0,7,5,     33
2026-07-21 17:44:24,474079,0.4,0.0,7,5,     35
2026-07-21 17:44:26,474079,0.4,0.0,7,5,     37
2026-07-21 17:44:28,474079,0.4,0.0,7,5,     39
2026-07-21 17:44:30,474079,0.4,0.0,7,5,     41
2026-07-21 17:44:32,474079,0.3,0.0,7,5,     43
2026-07-21 17:44:34,474079,0.3,0.0,7,5,     45
2026-07-21 17:44:36,474079,0.3,0.0,7,5,     47
2026-07-21 17:44:38,474079,0.3,0.0,7,5,     49
2026-07-21 17:44:41,474079,0.3,0.0,7,5,     51
2026-07-21 17:44:43,474079,0.3,0.0,7,5,     54
2026-07-21 17:44:45,474079,0.3,0.0,7,5,     56
2026-07-21 17:44:47,474079,0.2,0.0,7,5,     58
2026-07-21 17:44:49,474079,0.2,0.0,7,5,     60
2026-07-21 17:44:51,474079,0.4,0.0,7,6,     62
2026-07-21 17:44:53,474079,0.4,0.0,7,6,     64
2026-07-21 17:44:55,474079,0.3,0.0,7,6,     66
2026-07-21 17:44:57,474079,0.3,0.0,7,6,     68
2026-07-21 17:44:59,474079,0.3,0.0,7,6,     70
2026-07-21 17:45:01,474079,0.3,0.0,7,6,     72
2026-07-21 17:45:03,474079,0.3,0.0,7,6,     74
2026-07-21 17:45:05,474079,0.3,0.0,7,6,     76
2026-07-21 17:45:07,474079,0.3,0.0,7,6,     78
2026-07-21 17:45:09,474079,0.3,0.0,7,6,     80
2026-07-21 17:45:12,474079,0.3,0.0,7,6,     82
2026-07-21 17:45:14,474079,0.3,0.0,7,6,     85
2026-07-21 17:45:16,474079,0.2,0.0,7,6,     87
2026-07-21 17:45:18,474079,0.2,0.0,7,6,     89
2026-07-21 17:45:20,474079,0.2,0.0,7,6,     91
2026-07-21 17:45:22,474079,0.3,0.0,7,6,     93
2026-07-21 17:45:24,474079,0.3,0.0,7,6,     95
2026-07-21 17:45:26,474079,0.3,0.0,7,6,     97
2026-07-21 17:45:28,474079,0.3,0.0,7,6,     99
2026-07-21 17:45:30,474079,0.3,0.0,7,6,    101
2026-07-21 17:45:32,474079,0.3,0.0,7,6,    103
2026-07-21 17:45:34,474079,0.3,0.0,7,6,    105
2026-07-21 17:45:36,474079,0.3,0.0,7,6,    107
2026-07-21 17:45:38,474079,0.3,0.0,7,6,    109
2026-07-21 17:45:41,474079,0.3,0.0,7,6,    111
2026-07-21 17:45:43,474079,0.3,0.0,7,6,    114
2026-07-21 17:45:45,474079,0.3,0.0,7,6,    116
2026-07-21 17:45:47,474079,0.2,0.0,7,6,    118
2026-07-21 17:45:49,474079,0.2,0.0,7,6,    120
2026-07-21 17:45:51,474079,0.2,0.0,7,6,    122
2026-07-21 17:45:53,474079,0.3,0.0,7,6,    124
2026-07-21 17:45:55,474079,0.3,0.0,7,6,    126
2026-07-21 17:45:57,474079,0.3,0.0,7,6,    128
2026-07-21 17:45:59,474079,0.3,0.0,7,6,    130
2026-07-21 17:46:01,474079,0.3,0.0,7,6,    132
2026-07-21 17:46:03,474079,0.3,0.0,7,6,    134
2026-07-21 17:46:05,474079,0.3,0.0,7,6,    136
2026-07-21 17:46:07,474079,0.3,0.0,7,6,    138
2026-07-21 17:46:09,474079,0.3,0.0,7,6,    140
2026-07-21 17:46:12,474079,0.3,0.0,7,6,    142
2026-07-21 17:46:14,474079,0.2,0.0,7,6,    145
2026-07-21 17:46:16,474079,0.2,0.0,7,6,    147
2026-07-21 17:46:18,474079,0.2,0.0,7,6,    149
2026-07-21 17:46:20,474079,0.2,0.0,7,6,    151
2026-07-21 17:46:22,474079,0.2,0.0,7,6,    153
2026-07-21 17:46:24,474079,0.3,0.0,7,6,    155
2026-07-21 17:46:26,474079,0.3,0.0,7,6,    157
2026-07-21 17:46:28,474079,0.3,0.0,7,6,    159
2026-07-21 17:46:30,474079,0.3,0.0,7,6,    161
2026-07-21 17:46:32,474079,0.3,0.0,7,6,    163
2026-07-21 17:46:34,474079,0.3,0.0,7,6,    165
2026-07-21 17:46:36,474079,0.3,0.0,7,6,    167
2026-07-21 17:46:38,474079,0.3,0.0,7,6,    169
2026-07-21 17:46:40,474079,0.3,0.0,7,6,    171
2026-07-21 17:46:43,474079,0.2,0.0,7,6,    173
2026-07-21 17:46:45,474079,0.2,0.0,7,6,    176
2026-07-21 17:46:47,474079,0.2,0.0,7,6,    178
2026-07-21 17:46:49,474079,0.2,0.0,7,6,    180
2026-07-21 17:46:51,474079,0.2,0.0,7,6,    182
2026-07-21 17:46:53,474079,0.3,0.0,7,7,    184
2026-07-21 17:46:55,474079,0.3,0.0,7,7,    186
2026-07-21 17:46:57,474079,0.3,0.0,7,7,    188
2026-07-21 17:46:59,474079,0.3,0.0,7,7,    190
2026-07-21 17:47:01,474079,0.3,0.0,7,7,    192
2026-07-21 17:47:03,474079,0.3,0.0,7,7,    194
2026-07-21 17:47:05,474079,0.3,0.0,7,7,    196
2026-07-21 17:47:07,474079,0.3,0.0,7,7,    198
2026-07-21 17:47:09,474079,0.3,0.0,7,7,    200
2026-07-21 17:47:12,474079,0.3,0.0,7,7,    202
2026-07-21 17:47:14,474079,0.2,0.0,7,7,    204
2026-07-21 17:47:16,474079,0.2,0.0,7,7,    207
2026-07-21 17:47:18,474079,0.2,0.0,7,7,    209
2026-07-21 17:47:20,474079,0.2,0.0,7,7,    211
2026-07-21 17:47:22,474079,0.2,0.0,7,7,    213
2026-07-21 17:47:24,474079,0.3,0.0,7,7,    215
2026-07-21 17:47:26,474079,0.3,0.0,7,7,    217
2026-07-21 17:47:28,474079,0.3,0.0,7,7,    219
2026-07-21 17:47:30,474079,0.3,0.0,7,7,    221
2026-07-21 17:47:32,474079,0.3,0.0,7,7,    223
2026-07-21 17:47:34,474079,0.3,0.0,7,7,    225
2026-07-21 17:47:36,474079,0.3,0.0,7,7,    227
2026-07-21 17:47:38,474079,0.3,0.0,7,7,    229
2026-07-21 17:47:40,474079,0.3,0.0,7,7,    231
2026-07-21 17:47:43,474079,0.2,0.0,7,7,    233
2026-07-21 17:47:45,474079,0.2,0.0,7,7,    236
2026-07-21 17:47:47,474079,0.2,0.0,7,7,    238
2026-07-21 17:47:49,474079,0.2,0.0,7,7,    240
2026-07-21 17:47:51,474079,0.2,0.0,7,7,    242
2026-07-21 17:47:53,474079,0.2,0.0,7,7,    244
2026-07-21 17:47:55,474079,0.3,0.0,7,7,    246
2026-07-21 17:47:57,474079,0.3,0.0,7,7,    248
2026-07-21 17:47:59,474079,0.3,0.0,7,7,    250
2026-07-21 17:48:01,474079,0.3,0.0,7,7,    252
2026-07-21 17:48:03,474079,0.3,0.0,7,7,    254
2026-07-21 17:48:05,474079,0.3,0.0,7,7,    256
2026-07-21 17:48:07,474079,0.3,0.0,7,7,    258
2026-07-21 17:48:09,474079,0.3,0.0,7,7,    260
2026-07-21 17:48:11,474079,0.3,0.0,7,7,    262
2026-07-21 17:48:14,474079,0.2,0.0,7,7,    264
2026-07-21 17:48:16,474079,0.2,0.0,7,7,    267
2026-07-21 17:48:18,474079,0.2,0.0,7,7,    269
2026-07-21 17:48:20,474079,0.2,0.0,7,7,    271
2026-07-21 17:48:22,474079,0.2,0.0,7,7,    273
2026-07-21 17:48:24,474079,0.2,0.0,7,7,    275
2026-07-21 17:48:26,474079,0.3,0.0,7,7,    277
2026-07-21 17:48:28,474079,0.3,0.0,7,7,    279
2026-07-21 17:48:30,474079,0.3,0.0,7,7,    281
2026-07-21 17:48:32,474079,0.3,0.0,7,7,    283
2026-07-21 17:48:34,474079,0.3,0.0,7,7,    285
2026-07-21 17:48:36,474079,0.3,0.0,7,7,    287
2026-07-21 17:48:38,474079,0.3,0.0,7,7,    289
2026-07-21 17:48:40,474079,0.2,0.0,7,7,    291
2026-07-21 17:48:42,474079,0.2,0.0,7,7,    293
2026-07-21 17:48:45,474079,0.2,0.0,7,7,    295
2026-07-21 17:48:47,474079,0.2,0.0,7,7,    298
2026-07-21 17:48:49,474079,0.2,0.0,7,7,    300
2026-07-21 17:48:51,474079,0.2,0.0,7,7,    302
2026-07-21 17:48:53,474079,0.2,0.0,7,7,    304
2026-07-21 17:48:55,474079,0.2,0.0,7,7,    306
2026-07-21 17:48:57,474079,0.3,0.0,7,7,    308
2026-07-21 17:48:59,474079,0.3,0.0,7,7,    310
2026-07-21 17:49:01,474079,0.3,0.0,7,7,    312
2026-07-21 17:49:03,474079,0.3,0.0,7,7,    314
2026-07-21 17:49:05,474079,0.3,0.0,7,7,    316
2026-07-21 17:49:07,474079,0.3,0.0,7,7,    318
2026-07-21 17:49:09,474079,0.2,0.0,7,7,    320
2026-07-21 17:49:11,474079,0.2,0.0,7,7,    322
2026-07-21 17:49:13,474079,0.2,0.0,7,7,    324
2026-07-21 17:49:16,474079,0.2,0.0,7,7,    326
2026-07-21 17:49:18,474079,0.2,0.0,7,7,    329
2026-07-21 17:49:20,474079,0.2,0.0,7,7,    331
2026-07-21 17:49:22,474079,0.2,0.0,7,7,    333
2026-07-21 17:49:24,474079,0.2,0.0,7,7,    335
2026-07-21 17:49:26,474079,0.2,0.0,7,7,    337
2026-07-21 17:49:28,474079,0.3,0.0,7,7,    339
2026-07-21 17:49:30,474079,0.3,0.0,7,7,    341
2026-07-21 17:49:32,474079,0.3,0.0,7,7,    343
2026-07-21 17:49:34,474079,0.3,0.0,7,7,    345
2026-07-21 17:49:36,474079,0.2,0.0,7,7,    347
2026-07-21 17:49:38,474079,0.2,0.0,7,7,    349
2026-07-21 17:49:40,474079,0.2,0.0,7,7,    351
2026-07-21 17:49:42,474079,0.2,0.0,7,7,    353
2026-07-21 17:49:44,474079,0.2,0.0,7,7,    355
2026-07-21 17:49:47,474079,0.2,0.0,7,7,    357
2026-07-21 17:49:49,474079,0.2,0.0,7,7,    360
2026-07-21 17:49:51,474079,0.2,0.0,7,7,    362
2026-07-21 17:49:53,474079,0.2,0.0,7,7,    364
2026-07-21 17:49:55,474079,0.2,0.0,7,7,    366
2026-07-21 17:49:57,474079,0.2,0.0,7,8,    368
2026-07-21 17:49:59,474079,0.3,0.0,7,7,    370
2026-07-21 17:50:01,474079,0.3,0.0,7,7,    372
2026-07-21 17:50:03,474079,0.2,0.0,7,7,    374
2026-07-21 17:50:05,474079,0.2,0.0,7,7,    376
2026-07-21 17:50:07,474079,0.2,0.0,7,7,    378
2026-07-21 17:50:09,474079,0.2,0.0,7,7,    380
2026-07-21 17:50:11,474079,0.2,0.0,7,7,    382
2026-07-21 17:50:13,474079,0.2,0.0,7,7,    384
2026-07-21 17:50:15,474079,0.2,0.0,7,7,    386
2026-07-21 17:50:18,474079,0.2,0.0,7,7,    389
2026-07-21 17:50:20,474079,0.2,0.0,7,7,    391
2026-07-21 17:50:22,474079,0.2,0.0,7,7,    393
2026-07-21 17:50:24,474079,0.2,0.0,7,7,    395
2026-07-21 17:50:26,474079,0.2,0.0,7,7,    397
2026-07-21 17:50:28,474079,0.3,0.0,7,8,    399
2026-07-21 17:50:30,474079,0.3,0.0,7,7,    401
2026-07-21 17:50:32,474079,0.2,0.0,7,7,    403
2026-07-21 17:50:34,474079,0.2,0.0,7,7,    405
2026-07-21 17:50:36,474079,0.2,0.0,7,7,    407
2026-07-21 17:50:38,474079,0.2,0.0,7,7,    409
2026-07-21 17:50:40,474079,0.2,0.0,7,7,    411
2026-07-21 17:50:42,474079,0.2,0.0,7,7,    413
2026-07-21 17:50:44,474079,0.2,0.0,7,7,    415
2026-07-21 17:50:46,474079,0.2,0.0,7,7,    417
2026-07-21 17:50:49,474079,0.2,0.0,7,7,    419
2026-07-21 17:50:51,474079,0.2,0.0,7,7,    422
2026-07-21 17:50:53,474079,0.2,0.0,7,7,    424
2026-07-21 17:50:55,474079,0.2,0.0,7,7,    426
2026-07-21 17:50:57,474079,0.2,0.0,7,7,    428
2026-07-21 17:50:59,474079,0.3,0.0,7,7,    430
2026-07-21 17:51:01,474079,0.3,0.0,7,7,    432
2026-07-21 17:51:03,474079,0.2,0.0,7,7,    434
2026-07-21 17:51:05,474079,0.2,0.0,7,7,    436
2026-07-21 17:51:07,474079,0.2,0.0,7,7,    438
2026-07-21 17:51:09,474079,0.2,0.0,7,7,    440
2026-07-21 17:51:11,474079,0.2,0.0,7,7,    442
2026-07-21 17:51:13,474079,0.2,0.0,7,7,    444
2026-07-21 17:51:15,474079,0.2,0.0,7,7,    446
2026-07-21 17:51:17,474079,0.2,0.0,7,7,    448
2026-07-21 17:51:20,474079,0.2,0.0,7,7,    450
2026-07-21 17:51:22,474079,0.2,0.0,7,7,    453
2026-07-21 17:51:24,474079,0.2,0.0,7,7,    455
2026-07-21 17:51:26,474079,0.2,0.0,7,7,    457
2026-07-21 17:51:28,474079,0.2,0.0,7,7,    459
2026-07-21 17:51:30,474079,0.2,0.0,7,7,    461
2026-07-21 17:51:32,474079,0.2,0.0,7,7,    463
2026-07-21 17:51:34,474079,0.2,0.0,7,7,    465
2026-07-21 17:51:36,474079,0.2,0.0,7,7,    467
2026-07-21 17:51:38,474079,0.2,0.0,7,7,    469
2026-07-21 17:51:40,474079,0.2,0.0,7,7,    471
2026-07-21 17:51:42,474079,0.2,0.0,7,7,    473
2026-07-21 17:51:44,474079,0.2,0.0,7,7,    475
2026-07-21 17:51:46,474079,0.2,0.0,7,7,    477
2026-07-21 17:51:48,474079,0.2,0.0,7,7,    479
2026-07-21 17:51:50,474079,0.2,0.0,7,7,    481
2026-07-21 17:51:53,474079,0.2,0.0,7,7,    483
2026-07-21 17:51:55,474079,0.2,0.0,7,7,    486
2026-07-21 17:51:57,474079,0.2,0.0,7,7,    488
2026-07-21 17:51:59,474079,0.2,0.0,7,7,    490
2026-07-21 17:52:01,474079,0.2,0.0,7,7,    492
2026-07-21 17:52:03,474079,0.2,0.0,7,7,    494
2026-07-21 17:52:05,474079,0.2,0.0,7,7,    496
2026-07-21 17:52:07,474079,0.2,0.0,7,7,    498
2026-07-21 17:52:09,474079,0.2,0.0,7,7,    500
2026-07-21 17:52:11,474079,0.2,0.0,7,7,    502
2026-07-21 17:52:13,474079,0.2,0.0,7,7,    504
2026-07-21 17:52:15,474079,0.2,0.0,7,7,    506
2026-07-21 17:52:17,474079,0.2,0.0,7,7,    508
2026-07-21 17:52:19,474079,0.2,0.0,7,7,    510
2026-07-21 17:52:21,474079,0.2,0.0,7,7,    512
2026-07-21 17:52:24,474079,0.2,0.0,7,7,    514
2026-07-21 17:52:26,474079,0.2,0.0,7,7,    517
2026-07-21 17:52:28,474079,0.2,0.0,7,7,    519
2026-07-21 17:52:30,474079,0.2,0.0,7,7,    521
2026-07-21 17:52:32,474079,0.2,0.0,7,7,    523
2026-07-21 17:52:34,474079,0.2,0.0,7,7,    525
2026-07-21 17:52:36,474079,0.2,0.0,7,7,    527
2026-07-21 17:52:38,474079,0.2,0.0,7,7,    529
2026-07-21 17:52:40,474079,0.2,0.0,7,7,    531
2026-07-21 17:52:42,474079,0.2,0.0,7,7,    533
2026-07-21 17:52:44,474079,0.2,0.0,7,7,    535
2026-07-21 17:52:46,474079,0.2,0.0,7,7,    537
2026-07-21 17:52:48,474079,0.2,0.0,7,7,    539
2026-07-21 17:52:50,474079,0.2,0.0,7,7,    541
2026-07-21 17:52:52,474079,0.2,0.0,7,7,    543
2026-07-21 17:52:55,474079,0.2,0.0,7,7,    545
2026-07-21 17:52:57,474079,0.2,0.0,7,7,    548
2026-07-21 17:52:59,474079,0.2,0.0,7,7,    550
2026-07-21 17:53:01,474079,0.2,0.0,7,8,    552
2026-07-21 17:53:03,474079,0.2,0.0,7,7,    554
2026-07-21 17:53:05,474079,0.2,0.0,7,7,    556
2026-07-21 17:53:07,474079,0.2,0.0,7,7,    558
2026-07-21 17:53:09,474079,0.2,0.0,7,7,    560
2026-07-21 17:53:11,474079,0.2,0.0,7,7,    562
2026-07-21 17:53:13,474079,0.2,0.0,7,7,    564
2026-07-21 17:53:15,474079,0.2,0.0,7,7,    566
2026-07-21 17:53:17,474079,0.2,0.0,7,7,    568
2026-07-21 17:53:19,474079,0.2,0.0,7,7,    570
2026-07-21 17:53:21,474079,0.2,0.0,7,7,    572
2026-07-21 17:53:23,474079,0.2,0.0,7,7,    574
2026-07-21 17:53:26,474079,0.2,0.0,7,7,    576
2026-07-21 17:53:28,474079,0.2,0.0,7,7,    579
2026-07-21 17:53:30,474079,0.2,0.0,7,7,    581
2026-07-21 17:53:32,474079,0.2,0.0,7,7,    583
2026-07-21 17:53:34,474079,0.2,0.0,7,7,    585
2026-07-21 17:53:36,474079,0.2,0.0,7,7,    587
2026-07-21 17:53:38,474079,0.2,0.0,7,7,    589
2026-07-21 17:53:40,474079,0.2,0.0,7,7,    591
2026-07-21 17:53:42,474079,0.2,0.0,7,7,    593
2026-07-21 17:53:44,474079,0.2,0.0,7,7,    595
2026-07-21 17:53:46,474079,0.2,0.0,7,7,    597
2026-07-21 17:53:48,474079,0.2,0.0,7,7,    599
2026-07-21 17:53:50,474079,0.2,0.0,7,7,    601
2026-07-21 17:53:52,474079,0.2,0.0,7,7,    603
2026-07-21 17:53:54,474079,0.2,0.0,7,7,    605
2026-07-21 17:53:57,474079,0.2,0.0,7,7,    607
2026-07-21 17:53:59,474079,0.2,0.0,7,7,    610
2026-07-21 17:54:01,474079,0.2,0.0,7,7,    612
2026-07-21 17:54:03,474079,0.2,0.0,7,7,    614
2026-07-21 17:54:05,474079,0.2,0.0,7,7,    616
2026-07-21 17:54:07,474079,0.2,0.0,7,7,    618
2026-07-21 17:54:09,474079,0.2,0.0,7,7,    620
2026-07-21 17:54:11,474079,0.2,0.0,7,7,    622
2026-07-21 17:54:13,474079,0.2,0.0,7,7,    624
2026-07-21 17:54:15,474079,0.2,0.0,7,7,    626
2026-07-21 17:54:17,474079,0.2,0.0,7,7,    628
2026-07-21 17:54:19,474079,0.2,0.0,7,7,    630
2026-07-21 17:54:21,474079,0.2,0.0,7,7,    632
2026-07-21 17:54:23,474079,0.2,0.0,7,7,    634
2026-07-21 17:54:25,474079,0.2,0.0,7,7,    636
2026-07-21 17:54:28,474079,0.2,0.0,7,7,    638
2026-07-21 17:54:30,474079,0.2,0.0,7,7,    641
2026-07-21 17:54:32,474079,0.2,0.0,7,7,    643
2026-07-21 17:54:34,474079,0.2,0.0,7,8,    645
2026-07-21 17:54:36,474079,0.2,0.0,7,8,    647
2026-07-21 17:54:38,474079,0.2,0.0,7,8,    649
2026-07-21 17:54:40,474079,0.2,0.0,7,8,    651
2026-07-21 17:54:42,474079,0.2,0.0,7,8,    653
2026-07-21 17:54:44,474079,0.2,0.0,7,8,    655
2026-07-21 17:54:46,474079,0.2,0.0,7,8,    657
2026-07-21 17:54:48,474079,0.2,0.0,7,8,    659
2026-07-21 17:54:50,474079,0.2,0.0,7,8,    661
2026-07-21 17:54:52,474079,0.2,0.0,7,8,    663
2026-07-21 17:54:54,474079,0.2,0.0,7,8,    665
2026-07-21 17:54:56,474079,0.2,0.0,7,8,    667
2026-07-21 17:54:59,474079,0.2,0.0,7,8,    669
2026-07-21 17:55:01,474079,0.2,0.0,7,8,    672
2026-07-21 17:55:03,474079,0.2,0.0,7,8,    674
2026-07-21 17:55:05,474079,0.2,0.0,7,8,    676
2026-07-21 17:55:07,474079,0.2,0.0,7,8,    678
2026-07-21 17:55:09,474079,0.2,0.0,7,8,    680
2026-07-21 17:55:11,474079,0.2,0.0,7,8,    682
2026-07-21 17:55:13,474079,0.2,0.0,7,8,    684
2026-07-21 17:55:15,474079,0.2,0.0,7,8,    686
2026-07-21 17:55:17,474079,0.2,0.0,7,8,    688
2026-07-21 17:55:19,474079,0.2,0.0,7,8,    690
2026-07-21 17:55:21,474079,0.2,0.0,7,8,    692
2026-07-21 17:55:23,474079,0.2,0.0,7,8,    694
2026-07-21 17:55:25,474079,0.2,0.0,7,8,    696
2026-07-21 17:55:27,474079,0.2,0.0,7,8,    698
2026-07-21 17:55:30,474079,0.2,0.0,7,8,    700
2026-07-21 17:55:32,474079,0.2,0.0,7,8,    703
2026-07-21 17:55:34,474079,0.2,0.0,7,8,    705
2026-07-21 17:55:36,474079,0.2,0.0,7,8,    707
2026-07-21 17:55:38,474079,0.2,0.0,7,8,    709
2026-07-21 17:55:40,474079,0.2,0.0,7,8,    711
2026-07-21 17:55:42,474079,0.2,0.0,7,8,    713
2026-07-21 17:55:44,474079,0.2,0.0,7,8,    715
2026-07-21 17:55:46,474079,0.2,0.0,7,8,    717
2026-07-21 17:55:48,474079,0.2,0.0,7,8,    719
2026-07-21 17:55:50,474079,0.2,0.0,7,8,    721
2026-07-21 17:55:52,474079,0.2,0.0,7,8,    723
2026-07-21 17:55:54,474079,0.2,0.0,7,8,    725
2026-07-21 17:55:56,474079,0.2,0.0,7,8,    727
2026-07-21 17:55:58,474079,0.2,0.0,7,8,    729
2026-07-21 17:56:01,474079,0.2,0.0,7,8,    731
2026-07-21 17:56:03,474079,0.2,0.0,7,8,    734
2026-07-21 17:56:05,474079,0.2,0.0,7,8,    736
2026-07-21 17:56:07,474079,0.2,0.0,7,8,    738
2026-07-21 17:56:09,474079,0.2,0.0,7,8,    740
2026-07-21 17:56:11,474079,0.2,0.0,7,8,    742
2026-07-21 17:56:13,474079,0.2,0.0,7,8,    744
2026-07-21 17:56:15,474079,0.2,0.0,7,8,    746
2026-07-21 17:56:17,474079,0.2,0.0,7,8,    748
2026-07-21 17:56:19,474079,0.2,0.0,7,8,    750
2026-07-21 17:56:21,474079,0.2,0.0,7,8,    752
2026-07-21 17:56:23,474079,0.2,0.0,7,8,    754
2026-07-21 17:56:25,474079,0.2,0.0,7,8,    756
2026-07-21 17:56:27,474079,0.2,0.0,7,8,    758
2026-07-21 17:56:29,474079,0.2,0.0,7,8,    760
2026-07-21 17:56:32,474079,0.2,0.0,7,8,    762
2026-07-21 17:56:34,474079,0.2,0.0,7,8,    765
2026-07-21 17:56:36,474079,0.2,0.0,7,8,    767
2026-07-21 17:56:38,474079,0.2,0.0,7,8,    769
2026-07-21 17:56:40,474079,0.2,0.0,7,8,    771
2026-07-21 17:56:42,474079,0.2,0.0,7,8,    773
2026-07-21 17:56:44,474079,0.2,0.0,7,8,    775
2026-07-21 17:56:46,474079,0.2,0.0,7,8,    777
2026-07-21 17:56:48,474079,0.2,0.0,7,8,    779
2026-07-21 17:56:50,474079,0.2,0.0,7,8,    781
2026-07-21 17:56:52,474079,0.2,0.0,7,8,    783
2026-07-21 17:56:54,474079,0.2,0.0,7,8,    785
2026-07-21 17:56:56,474079,0.2,0.0,7,8,    787
2026-07-21 17:56:58,474079,0.2,0.0,7,8,    789
2026-07-21 17:57:00,474079,0.2,0.0,7,8,    791
2026-07-21 17:57:03,474079,0.2,0.0,7,8,    793
2026-07-21 17:57:05,474079,0.2,0.0,7,8,    796
2026-07-21 17:57:07,474079,0.2,0.0,7,8,    798
2026-07-21 17:57:09,474079,0.2,0.0,7,8,    800
2026-07-21 17:57:11,474079,0.2,0.0,7,8,    802
2026-07-21 17:57:13,474079,0.2,0.0,7,8,    804
2026-07-21 17:57:15,474079,0.2,0.0,7,8,    806
2026-07-21 17:57:17,474079,0.2,0.0,7,8,    808
2026-07-21 17:57:19,474079,0.2,0.0,7,8,    810
2026-07-21 17:57:21,474079,0.2,0.0,7,8,    812
2026-07-21 17:57:23,474079,0.2,0.0,7,8,    814
2026-07-21 17:57:25,474079,0.2,0.0,7,8,    816
2026-07-21 17:57:27,474079,0.2,0.0,7,8,    818
2026-07-21 17:57:29,474079,0.2,0.0,7,8,    820
2026-07-21 17:57:31,474079,0.2,0.0,7,8,    822
2026-07-21 17:57:34,474079,0.2,0.0,7,8,    824
2026-07-21 17:57:36,474079,0.2,0.0,7,8,    827
2026-07-21 17:57:38,474079,0.2,0.0,7,8,    829
2026-07-21 17:57:40,474079,0.2,0.0,7,8,    831
2026-07-21 17:57:42,474079,0.2,0.0,7,8,    833
2026-07-21 17:57:44,474079,0.2,0.0,7,8,    835
2026-07-21 17:57:46,474079,0.2,0.0,7,8,    837
2026-07-21 17:57:48,474079,0.2,0.0,7,8,    839
2026-07-21 17:57:50,474079,0.2,0.0,7,8,    841
2026-07-21 17:57:52,474079,0.2,0.0,7,8,    843
2026-07-21 17:57:54,474079,0.2,0.0,7,8,    845
2026-07-21 17:57:56,474079,0.2,0.0,7,8,    847
2026-07-21 17:57:58,474079,0.2,0.0,7,8,    849
2026-07-21 17:58:00,474079,0.2,0.0,7,8,    851
2026-07-21 17:58:02,474079,0.2,0.0,7,8,    853
2026-07-21 17:58:05,474079,0.2,0.0,7,8,    855
2026-07-21 17:58:07,474079,0.2,0.0,7,8,    858
2026-07-21 17:58:09,474079,0.2,0.0,7,8,    860
2026-07-21 17:58:11,474079,0.2,0.0,7,8,    862
2026-07-21 17:58:13,474079,0.2,0.0,7,8,    864
2026-07-21 17:58:15,474079,0.2,0.0,7,8,    866
2026-07-21 17:58:17,474079,0.2,0.0,7,8,    868
2026-07-21 17:58:19,474079,0.2,0.0,7,8,    870
2026-07-21 17:58:21,474079,0.2,0.0,7,8,    872
2026-07-21 17:58:23,474079,0.2,0.0,7,8,    874
2026-07-21 17:58:25,474079,0.2,0.0,7,8,    876
2026-07-21 17:58:27,474079,0.2,0.0,7,8,    878
2026-07-21 17:58:29,474079,0.2,0.0,7,8,    880
2026-07-21 17:58:31,474079,0.2,0.0,7,8,    882
2026-07-21 17:58:33,474079,0.2,0.0,7,8,    884
2026-07-21 17:58:36,474079,0.2,0.0,7,8,    886
2026-07-21 17:58:38,474079,0.2,0.0,7,8,    889
2026-07-21 17:58:40,474079,0.2,0.0,7,8,    891
2026-07-21 17:58:42,474079,0.2,0.0,7,8,    893
2026-07-21 17:58:44,474079,0.2,0.0,7,8,    895
2026-07-21 17:58:46,474079,0.2,0.0,7,8,    897
2026-07-21 17:58:48,474079,0.2,0.0,7,8,    899
2026-07-21 17:58:50,474079,0.2,0.0,7,8,    901
2026-07-21 17:58:52,474079,0.2,0.0,7,8,    903
2026-07-21 17:58:54,474079,0.2,0.0,7,8,    905
2026-07-21 17:58:56,474079,0.2,0.0,7,8,    907
2026-07-21 17:58:58,474079,0.2,0.0,7,8,    909
2026-07-21 17:59:00,474079,0.2,0.0,7,8,    911
2026-07-21 17:59:02,474079,0.2,0.0,7,8,    913
2026-07-21 17:59:04,474079,0.2,0.0,7,8,    915
2026-07-21 17:59:07,474079,0.2,0.0,7,8,    917
2026-07-21 17:59:09,474079,0.2,0.0,7,8,    920
2026-07-21 17:59:11,474079,0.2,0.0,7,8,    922
2026-07-21 17:59:13,474079,0.2,0.0,7,8,    924
2026-07-21 17:59:15,474079,0.2,0.0,7,8,    926
2026-07-21 17:59:17,474079,0.2,0.0,7,8,    928
2026-07-21 17:59:19,474079,0.2,0.0,7,8,    930
2026-07-21 17:59:21,474079,0.2,0.0,7,8,    932
2026-07-21 17:59:23,474079,0.2,0.0,7,8,    934
2026-07-21 17:59:25,474079,0.2,0.0,7,8,    936
2026-07-21 17:59:27,474079,0.2,0.0,7,8,    938
2026-07-21 17:59:29,474079,0.2,0.0,7,8,    940
2026-07-21 17:59:31,474079,0.2,0.0,7,8,    942
2026-07-21 17:59:33,474079,0.2,0.0,7,8,    944
2026-07-21 17:59:35,474079,0.2,0.0,7,8,    946
2026-07-21 17:59:38,474079,0.2,0.0,7,8,    948
2026-07-21 17:59:40,474079,0.2,0.0,7,8,    951
2026-07-21 17:59:42,474079,0.2,0.0,7,8,    953
2026-07-21 17:59:44,474079,0.2,0.0,7,8,    955
2026-07-21 17:59:46,474079,0.2,0.0,7,8,    957
2026-07-21 17:59:48,474079,0.2,0.0,7,8,    959
2026-07-21 17:59:50,474079,0.2,0.0,7,8,    961
2026-07-21 17:59:52,474079,0.2,0.0,7,8,    963
2026-07-21 17:59:54,474079,0.2,0.0,7,8,    965
2026-07-21 17:59:56,474079,0.2,0.0,7,8,    967
2026-07-21 17:59:58,474079,0.2,0.0,7,8,    969
2026-07-21 18:00:00,474079,0.2,0.0,7,8,    971
2026-07-21 18:00:02,474079,0.2,0.0,7,8,    973
2026-07-21 18:00:04,474079,0.2,0.0,7,8,    975
2026-07-21 18:00:06,474079,0.2,0.0,7,8,    977
2026-07-21 18:00:09,474079,0.2,0.0,7,8,    979
2026-07-21 18:00:11,474079,0.2,0.0,7,8,    982
2026-07-21 18:00:13,474079,0.2,0.0,7,8,    984
2026-07-21 18:00:15,474079,0.2,0.0,7,8,    986
2026-07-21 18:00:17,474079,0.2,0.0,7,8,    988
2026-07-21 18:00:19,474079,0.2,0.0,7,8,    990
2026-07-21 18:00:21,474079,0.2,0.0,7,8,    992
2026-07-21 18:00:23,474079,0.2,0.0,7,8,    994
2026-07-21 18:00:25,474079,0.2,0.0,7,8,    996
2026-07-21 18:00:27,474079,0.2,0.0,7,8,    998
2026-07-21 18:00:29,474079,0.2,0.0,7,8,   1000
2026-07-21 18:00:31,474079,0.2,0.0,7,8,   1002
2026-07-21 18:00:33,474079,0.2,0.0,7,8,   1004
2026-07-21 18:00:35,474079,0.2,0.0,7,8,   1006
2026-07-21 18:00:37,474079,0.2,0.0,7,8,   1008
2026-07-21 18:00:39,474079,0.2,0.0,7,8,   1010
2026-07-21 18:00:42,474079,0.2,0.0,7,8,   1012
2026-07-21 18:00:44,474079,0.2,0.0,7,8,   1015
2026-07-21 18:00:46,474079,0.2,0.0,7,8,   1017
2026-07-21 18:00:48,474079,0.2,0.0,7,8,   1019
2026-07-21 18:00:50,474079,0.2,0.0,7,8,   1021
2026-07-21 18:00:52,474079,0.2,0.0,7,8,   1023
2026-07-21 18:00:54,474079,0.2,0.0,7,8,   1025
2026-07-21 18:00:56,474079,0.2,0.0,7,8,   1027
2026-07-21 18:00:58,474079,0.2,0.0,7,8,   1029
2026-07-21 18:01:00,474079,0.2,0.0,7,8,   1031
2026-07-21 18:01:02,474079,0.2,0.0,7,8,   1033
2026-07-21 18:01:04,474079,0.2,0.0,7,8,   1035
2026-07-21 18:01:06,474079,0.2,0.0,7,8,   1037
2026-07-21 18:01:08,474079,0.2,0.0,7,8,   1039
2026-07-21 18:01:10,474079,0.2,0.0,7,8,   1041
2026-07-21 18:01:13,474079,0.2,0.0,7,8,   1043
2026-07-21 18:01:15,474079,0.2,0.0,7,8,   1046
2026-07-21 18:01:17,474079,0.2,0.0,7,8,   1048
2026-07-21 18:01:19,474079,0.2,0.0,7,8,   1050
2026-07-21 18:01:21,474079,0.2,0.0,7,8,   1052
2026-07-21 18:01:23,474079,0.2,0.0,7,8,   1054
2026-07-21 18:01:25,474079,0.2,0.0,7,8,   1056
2026-07-21 18:01:27,474079,0.2,0.0,7,8,   1058
2026-07-21 18:01:29,474079,0.2,0.0,7,8,   1060
2026-07-21 18:01:31,474079,0.2,0.0,7,8,   1062
2026-07-21 18:01:33,474079,0.2,0.0,7,8,   1064
2026-07-21 18:01:35,474079,0.2,0.0,7,8,   1066
2026-07-21 18:01:37,474079,0.2,0.0,7,8,   1068
2026-07-21 18:01:39,474079,0.2,0.0,7,8,   1070
2026-07-21 18:01:41,474079,0.2,0.0,7,8,   1072
2026-07-21 18:01:44,474079,0.2,0.0,7,8,   1074
2026-07-21 18:01:46,474079,0.2,0.0,7,8,   1077
2026-07-21 18:01:48,474079,0.2,0.0,7,8,   1079
2026-07-21 18:01:50,474079,0.2,0.0,7,8,   1081
2026-07-21 18:01:52,474079,0.2,0.0,7,8,   1083
2026-07-21 18:01:54,474079,0.2,0.0,7,8,   1085
2026-07-21 18:01:56,474079,0.2,0.0,7,8,   1087
2026-07-21 18:01:58,474079,0.2,0.0,7,8,   1089
2026-07-21 18:02:00,474079,0.2,0.0,7,8,   1091
2026-07-21 18:02:02,474079,0.2,0.0,7,8,   1093
2026-07-21 18:02:04,474079,0.2,0.0,7,8,   1095
2026-07-21 18:02:06,474079,0.2,0.0,7,8,   1097
2026-07-21 18:02:08,474079,0.2,0.0,7,8,   1099
2026-07-21 18:02:10,474079,0.2,0.0,7,8,   1101
2026-07-21 18:02:12,474079,0.2,0.0,7,8,   1103
2026-07-21 18:02:15,474079,0.2,0.0,7,8,   1105
2026-07-21 18:02:17,474079,0.2,0.0,7,8,   1108
2026-07-21 18:02:19,474079,0.2,0.0,7,8,   1110
2026-07-21 18:02:21,474079,0.2,0.0,7,8,   1112
2026-07-21 18:02:23,474079,0.2,0.0,7,8,   1114
2026-07-21 18:02:25,474079,0.2,0.0,7,8,   1116
2026-07-21 18:02:27,474079,0.2,0.0,7,8,   1118
2026-07-21 18:02:29,474079,0.2,0.0,7,8,   1120
2026-07-21 18:02:31,474079,0.2,0.0,7,8,   1122
2026-07-21 18:02:33,474079,0.2,0.0,7,8,   1124
2026-07-21 18:02:35,474079,0.2,0.0,7,8,   1126
2026-07-21 18:02:37,474079,0.2,0.0,7,8,   1128
2026-07-21 18:02:39,474079,0.2,0.0,7,8,   1130
2026-07-21 18:02:41,474079,0.2,0.0,7,8,   1132
2026-07-21 18:02:43,474079,0.2,0.0,7,8,   1134
2026-07-21 18:02:46,474079,0.2,0.0,7,8,   1137
2026-07-21 18:02:48,474079,0.2,0.0,7,8,   1139
2026-07-21 18:02:50,474079,0.2,0.0,7,8,   1141
2026-07-21 18:02:52,474079,0.2,0.0,7,8,   1143
2026-07-21 18:02:54,474079,0.2,0.0,7,8,   1145
2026-07-21 18:02:56,474079,0.2,0.0,7,8,   1147
2026-07-21 18:02:58,474079,0.2,0.0,7,8,   1149
2026-07-21 18:03:00,474079,0.2,0.0,7,8,   1151
2026-07-21 18:03:02,474079,0.2,0.0,7,8,   1153
2026-07-21 18:03:04,474079,0.2,0.0,7,8,   1155
2026-07-21 18:03:06,474079,0.2,0.0,7,8,   1157
2026-07-21 18:03:08,474079,0.2,0.0,7,8,   1159
2026-07-21 18:03:10,474079,0.2,0.0,7,8,   1161
2026-07-21 18:03:12,474079,0.2,0.0,7,8,   1163
2026-07-21 18:03:15,474079,0.2,0.0,7,8,   1165
2026-07-21 18:03:17,474079,0.2,0.0,7,8,   1168
2026-07-21 18:03:19,474079,0.2,0.0,7,8,   1170
2026-07-21 18:03:21,474079,0.2,0.0,7,8,   1172
2026-07-21 18:03:23,474079,0.2,0.0,7,8,   1174
2026-07-21 18:03:25,474079,0.2,0.0,7,8,   1176
2026-07-21 18:03:27,474079,0.2,0.0,7,8,   1178
2026-07-21 18:03:29,474079,0.2,0.0,7,8,   1180
2026-07-21 18:03:31,474079,0.2,0.0,7,8,   1182
2026-07-21 18:03:33,474079,0.2,0.0,7,8,   1184
2026-07-21 18:03:35,474079,0.2,0.0,7,8,   1186
2026-07-21 18:03:37,474079,0.2,0.0,7,8,   1188
2026-07-21 18:03:39,474079,0.2,0.0,7,8,   1190
2026-07-21 18:03:41,474079,0.2,0.0,7,8,   1192
2026-07-21 18:03:43,474079,0.2,0.0,7,8,   1194
2026-07-21 18:03:45,474079,0.2,0.0,7,8,   1196
2026-07-21 18:03:48,474079,0.2,0.0,7,8,   1198
2026-07-21 18:03:50,474079,0.2,0.0,7,8,   1201
2026-07-21 18:03:52,474079,0.2,0.0,7,8,   1203
2026-07-21 18:03:54,474079,0.2,0.0,7,8,   1205
2026-07-21 18:03:56,474079,0.2,0.0,7,8,   1207
2026-07-21 18:03:58,474079,0.2,0.0,7,8,   1209
2026-07-21 18:04:00,474079,0.2,0.0,7,8,   1211
2026-07-21 18:04:02,474079,0.2,0.0,7,8,   1213
2026-07-21 18:04:04,474079,0.2,0.0,7,8,   1215
2026-07-21 18:04:06,474079,0.2,0.0,7,8,   1217
2026-07-21 18:04:08,474079,0.2,0.0,7,8,   1219
2026-07-21 18:04:10,474079,0.2,0.0,7,8,   1221
2026-07-21 18:04:12,474079,0.2,0.0,7,8,   1223
2026-07-21 18:04:14,474079,0.2,0.0,7,8,   1225
2026-07-21 18:04:16,474079,0.2,0.0,7,8,   1227
2026-07-21 18:04:19,474079,0.2,0.0,7,8,   1229
2026-07-21 18:04:21,474079,0.2,0.0,7,8,   1232
2026-07-21 18:04:23,474079,0.2,0.0,7,8,   1234
2026-07-21 18:04:25,474079,0.2,0.0,7,8,   1236
2026-07-21 18:04:27,474079,0.2,0.0,7,8,   1238
2026-07-21 18:04:29,474079,0.2,0.0,7,8,   1240
2026-07-21 18:04:31,474079,0.2,0.0,7,8,   1242
2026-07-21 18:04:33,474079,0.2,0.0,7,8,   1244
2026-07-21 18:04:35,474079,0.2,0.0,7,8,   1246
2026-07-21 18:04:37,474079,0.2,0.0,7,8,   1248
2026-07-21 18:04:39,474079,0.2,0.0,7,8,   1250
2026-07-21 18:04:41,474079,0.2,0.0,7,8,   1252
2026-07-21 18:04:43,474079,0.2,0.0,7,8,   1254
2026-07-21 18:04:45,474079,0.2,0.0,7,8,   1256
2026-07-21 18:04:48,474079,0.2,0.0,7,8,   1258
2026-07-21 18:04:50,474079,0.2,0.0,7,8,   1261
2026-07-21 18:04:52,474079,0.2,0.0,7,8,   1263
2026-07-21 18:04:54,474079,0.2,0.0,7,8,   1265
2026-07-21 18:04:56,474079,0.2,0.0,7,8,   1267
2026-07-21 18:04:58,474079,0.2,0.0,7,8,   1269
2026-07-21 18:05:00,474079,0.2,0.0,7,8,   1271
2026-07-21 18:05:02,474079,0.2,0.0,7,8,   1273
2026-07-21 18:05:04,474079,0.2,0.0,7,8,   1275
2026-07-21 18:05:06,474079,0.2,0.0,7,8,   1277
2026-07-21 18:05:08,474079,0.2,0.0,7,8,   1279
2026-07-21 18:05:10,474079,0.2,0.0,7,8,   1281
2026-07-21 18:05:12,474079,0.2,0.0,7,8,   1283
2026-07-21 18:05:14,474079,0.2,0.0,7,8,   1285
2026-07-21 18:05:16,474079,0.2,0.0,7,8,   1287
2026-07-21 18:05:19,474079,0.2,0.0,7,8,   1289
2026-07-21 18:05:21,474079,0.2,0.0,7,8,   1292
2026-07-21 18:05:23,474079,0.2,0.0,7,8,   1294
2026-07-21 18:05:25,474079,0.2,0.0,7,8,   1296
2026-07-21 18:05:27,474079,0.2,0.0,7,8,   1298
2026-07-21 18:05:29,474079,0.2,0.0,7,8,   1300
2026-07-21 18:05:31,474079,0.2,0.0,7,8,   1302
2026-07-21 18:05:33,474079,0.2,0.0,7,8,   1304
2026-07-21 18:05:35,474079,0.2,0.0,7,8,   1306
2026-07-21 18:05:37,474079,0.2,0.0,7,8,   1308
2026-07-21 18:05:39,474079,0.2,0.0,7,8,   1310
2026-07-21 18:05:41,474079,0.2,0.0,7,8,   1312
2026-07-21 18:05:43,474079,0.2,0.0,7,8,   1314
2026-07-21 18:05:45,474079,0.2,0.0,7,8,   1316
2026-07-21 18:05:47,474079,0.2,0.0,7,8,   1318
2026-07-21 18:05:50,474079,0.2,0.0,7,8,   1320
2026-07-21 18:05:52,474079,0.2,0.0,7,8,   1323
2026-07-21 18:05:54,474079,0.2,0.0,7,8,   1325
2026-07-21 18:05:56,474079,0.2,0.0,7,8,   1327
2026-07-21 18:05:58,474079,0.2,0.0,7,8,   1329
2026-07-21 18:06:00,474079,0.2,0.0,7,8,   1331
2026-07-21 18:06:02,474079,0.2,0.0,7,8,   1333
2026-07-21 18:06:04,474079,0.2,0.0,7,8,   1335
2026-07-21 18:06:06,474079,0.2,0.0,7,8,   1337
2026-07-21 18:06:08,474079,0.2,0.0,7,8,   1339
2026-07-21 18:06:10,474079,0.2,0.0,7,8,   1341
2026-07-21 18:06:12,474079,0.2,0.0,7,8,   1343
2026-07-21 18:06:14,474079,0.2,0.0,7,8,   1345
2026-07-21 18:06:16,474079,0.2,0.0,7,8,   1347
2026-07-21 18:06:18,474079,0.2,0.0,7,8,   1349
2026-07-21 18:06:21,474079,0.2,0.0,7,8,   1351
2026-07-21 18:06:23,474079,0.2,0.0,7,8,   1354
2026-07-21 18:06:25,474079,0.2,0.0,7,8,   1356
2026-07-21 18:06:27,474079,0.2,0.0,7,8,   1358
2026-07-21 18:06:29,474079,0.2,0.0,7,8,   1360
2026-07-21 18:06:31,474079,0.2,0.0,7,8,   1362
2026-07-21 18:06:33,474079,0.2,0.0,7,8,   1364
2026-07-21 18:06:35,474079,0.2,0.0,7,8,   1366
2026-07-21 18:06:37,474079,0.2,0.0,7,8,   1368
2026-07-21 18:06:39,474079,0.2,0.0,7,8,   1370
2026-07-21 18:06:41,474079,0.2,0.0,7,8,   1372
2026-07-21 18:06:43,474079,0.2,0.0,7,8,   1374
2026-07-21 18:06:45,474079,0.2,0.0,7,8,   1376
2026-07-21 18:06:47,474079,0.2,0.0,7,8,   1378
2026-07-21 18:06:49,474079,0.2,0.0,7,8,   1380
2026-07-21 18:06:52,474079,0.2,0.0,7,8,   1382
2026-07-21 18:06:54,474079,0.2,0.0,7,8,   1385
2026-07-21 18:06:56,474079,0.2,0.0,7,8,   1387
2026-07-21 18:06:58,474079,0.2,0.0,7,8,   1389
2026-07-21 18:07:00,474079,0.2,0.0,7,8,   1391
2026-07-21 18:07:02,474079,0.2,0.0,7,8,   1393
2026-07-21 18:07:04,474079,0.2,0.0,7,8,   1395
2026-07-21 18:07:06,474079,0.2,0.0,7,8,   1397
2026-07-21 18:07:08,474079,0.2,0.0,7,8,   1399
2026-07-21 18:07:10,474079,0.2,0.0,7,8,   1401
2026-07-21 18:07:12,474079,0.2,0.0,7,8,   1403
2026-07-21 18:07:14,474079,0.2,0.0,7,8,   1405
2026-07-21 18:07:16,474079,0.2,0.0,7,8,   1407
2026-07-21 18:07:18,474079,0.2,0.0,7,8,   1409
2026-07-21 18:07:20,474079,0.2,0.0,7,8,   1411
2026-07-21 18:07:23,474079,0.2,0.0,7,8,   1413
2026-07-21 18:07:25,474079,0.2,0.0,7,8,   1416
2026-07-21 18:07:27,474079,0.2,0.0,7,8,   1418
2026-07-21 18:07:29,474079,0.2,0.0,7,8,   1420
2026-07-21 18:07:31,474079,0.2,0.0,7,8,   1422
2026-07-21 18:07:33,474079,0.2,0.0,7,8,   1424
2026-07-21 18:07:35,474079,0.2,0.0,7,8,   1426
2026-07-21 18:07:37,474079,0.2,0.0,7,8,   1428
2026-07-21 18:07:39,474079,0.2,0.0,7,8,   1430
2026-07-21 18:07:41,474079,0.2,0.0,7,8,   1432
2026-07-21 18:07:43,474079,0.2,0.0,7,8,   1434
2026-07-21 18:07:45,474079,0.2,0.0,7,8,   1436
2026-07-21 18:07:47,474079,0.2,0.0,7,8,   1438
2026-07-21 18:07:49,474079,0.2,0.0,7,8,   1440
2026-07-21 18:07:51,474079,0.2,0.0,7,8,   1442
2026-07-21 18:07:54,474079,0.2,0.0,7,8,   1444
2026-07-21 18:07:56,474079,0.2,0.0,7,8,   1447
2026-07-21 18:07:58,474079,0.2,0.0,7,8,   1449
2026-07-21 18:08:00,474079,0.2,0.0,7,8,   1451
2026-07-21 18:08:02,474079,0.2,0.0,7,8,   1453
2026-07-21 18:08:04,474079,0.2,0.0,7,8,   1455
2026-07-21 18:08:06,474079,0.2,0.0,7,8,   1457
2026-07-21 18:08:08,474079,0.2,0.0,7,8,   1459
2026-07-21 18:08:10,474079,0.2,0.0,7,8,   1461
2026-07-21 18:08:12,474079,0.2,0.0,7,8,   1463
2026-07-21 18:08:14,474079,0.2,0.0,7,8,   1465
2026-07-21 18:08:16,474079,0.2,0.0,7,8,   1467
2026-07-21 18:08:18,474079,0.2,0.0,7,8,   1469
2026-07-21 18:08:20,474079,0.2,0.0,7,8,   1471
2026-07-21 18:08:23,474079,0.2,0.0,7,8,   1473
2026-07-21 18:08:25,474079,0.2,0.0,7,8,   1475
2026-07-21 18:08:27,474079,0.2,0.0,7,8,   1478
2026-07-21 18:08:29,474079,0.2,0.0,7,8,   1480
2026-07-21 18:08:31,474079,0.2,0.0,7,8,   1482
2026-07-21 18:08:33,474079,0.2,0.0,7,8,   1484
2026-07-21 18:08:35,474079,0.2,0.0,7,8,   1486
2026-07-21 18:08:37,474079,0.2,0.0,7,8,   1488
2026-07-21 18:08:39,474079,0.2,0.0,7,8,   1490
2026-07-21 18:08:41,474079,0.2,0.0,7,8,   1492
2026-07-21 18:08:43,474079,0.2,0.0,7,8,   1494
2026-07-21 18:08:45,474079,0.2,0.0,7,8,   1496
2026-07-21 18:08:47,474079,0.2,0.0,7,8,   1498
2026-07-21 18:08:49,474079,0.2,0.0,7,8,   1500
2026-07-21 18:08:51,474079,0.2,0.0,7,8,   1502
2026-07-21 18:08:53,474079,0.2,0.0,7,8,   1504
2026-07-21 18:08:56,474079,0.2,0.0,7,8,   1506
2026-07-21 18:08:58,474079,0.2,0.0,7,8,   1509
2026-07-21 18:09:00,474079,0.2,0.0,7,8,   1511
2026-07-21 18:09:02,474079,0.2,0.0,7,8,   1513
2026-07-21 18:09:04,474079,0.2,0.0,7,8,   1515
2026-07-21 18:09:06,474079,0.2,0.0,7,8,   1517
2026-07-21 18:09:08,474079,0.2,0.0,7,8,   1519
2026-07-21 18:09:10,474079,0.2,0.0,7,8,   1521
2026-07-21 18:09:12,474079,0.2,0.0,7,8,   1523
2026-07-21 18:09:14,474079,0.2,0.0,7,8,   1525
2026-07-21 18:09:16,474079,0.2,0.0,7,8,   1527
2026-07-21 18:09:18,474079,0.2,0.0,7,8,   1529
2026-07-21 18:09:20,474079,0.2,0.0,7,8,   1531
2026-07-21 18:09:22,474079,0.2,0.0,7,8,   1533
2026-07-21 18:09:24,474079,0.2,0.0,7,8,   1535
2026-07-21 18:09:27,474079,0.2,0.0,7,8,   1537
2026-07-21 18:09:29,474079,0.2,0.0,7,8,   1540
2026-07-21 18:09:31,474079,0.2,0.0,7,8,   1542
2026-07-21 18:09:33,474079,0.2,0.0,7,8,   1544
2026-07-21 18:09:35,474079,0.2,0.0,7,8,   1546
2026-07-21 18:09:37,474079,0.2,0.0,7,8,   1548
2026-07-21 18:09:39,474079,0.2,0.0,7,8,   1550
2026-07-21 18:09:41,474079,0.2,0.0,7,8,   1552
2026-07-21 18:09:43,474079,0.2,0.0,7,8,   1554
2026-07-21 18:09:45,474079,0.2,0.0,7,8,   1556
2026-07-21 18:09:47,474079,0.2,0.0,7,8,   1558
2026-07-21 18:09:49,474079,0.2,0.0,7,8,   1560
2026-07-21 18:09:51,474079,0.2,0.0,7,8,   1562
2026-07-21 18:09:53,474079,0.2,0.0,7,8,   1564
2026-07-21 18:09:55,474079,0.2,0.0,7,8,   1566
2026-07-21 18:09:57,474079,0.2,0.0,7,8,   1568
2026-07-21 18:10:00,474079,0.2,0.0,7,8,   1570
2026-07-21 18:10:02,474079,0.2,0.0,7,8,   1573
2026-07-21 18:10:04,474079,0.2,0.0,7,8,   1575
2026-07-21 18:10:06,474079,0.2,0.0,7,8,   1577
2026-07-21 18:10:08,474079,0.2,0.0,7,8,   1579
2026-07-21 18:10:10,474079,0.2,0.0,7,8,   1581
2026-07-21 18:10:12,474079,0.2,0.0,7,8,   1583
2026-07-21 18:10:14,474079,0.2,0.0,7,8,   1585
2026-07-21 18:10:16,474079,0.2,0.0,7,8,   1587
2026-07-21 18:10:18,474079,0.2,0.0,7,8,   1589
2026-07-21 18:10:20,474079,0.2,0.0,7,8,   1591
2026-07-21 18:10:22,474079,0.2,0.0,7,8,   1593
2026-07-21 18:10:24,474079,0.2,0.0,7,8,   1595
2026-07-21 18:10:26,474079,0.2,0.0,7,8,   1597
2026-07-21 18:10:28,474079,0.2,0.0,7,8,   1599
2026-07-21 18:10:31,474079,0.2,0.0,7,8,   1601
2026-07-21 18:10:33,474079,0.2,0.0,7,8,   1604
2026-07-21 18:10:35,474079,0.2,0.0,7,8,   1606
2026-07-21 18:10:37,474079,0.2,0.0,7,8,   1608
2026-07-21 18:10:39,474079,0.2,0.0,7,8,   1610
2026-07-21 18:10:41,474079,0.2,0.0,7,8,   1612
2026-07-21 18:10:43,474079,0.2,0.0,7,8,   1614
2026-07-21 18:10:45,474079,0.2,0.0,7,8,   1616
2026-07-21 18:10:47,474079,0.2,0.0,7,8,   1618
2026-07-21 18:10:49,474079,0.2,0.0,7,8,   1620
2026-07-21 18:10:51,474079,0.2,0.0,7,8,   1622
2026-07-21 18:10:53,474079,0.2,0.0,7,8,   1624
2026-07-21 18:10:55,474079,0.2,0.0,7,8,   1626
2026-07-21 18:10:57,474079,0.2,0.0,7,8,   1628
2026-07-21 18:10:59,474079,0.2,0.0,7,8,   1630
2026-07-21 18:11:02,474079,0.2,0.0,7,8,   1632
2026-07-21 18:11:04,474079,0.2,0.0,7,8,   1635
2026-07-21 18:11:06,474079,0.2,0.0,7,8,   1637
2026-07-21 18:11:08,474079,0.2,0.0,7,8,   1639
2026-07-21 18:11:10,474079,0.2,0.0,7,8,   1641
2026-07-21 18:11:12,474079,0.2,0.0,7,8,   1643
2026-07-21 18:11:14,474079,0.2,0.0,7,8,   1645
2026-07-21 18:11:16,474079,0.2,0.0,7,8,   1647
2026-07-21 18:11:18,474079,0.2,0.0,7,8,   1649
2026-07-21 18:11:20,474079,0.2,0.0,7,8,   1651
2026-07-21 18:11:22,474079,0.2,0.0,7,8,   1653
2026-07-21 18:11:24,474079,0.2,0.0,7,8,   1655
2026-07-21 18:11:26,474079,0.2,0.0,7,8,   1657
2026-07-21 18:11:28,474079,0.2,0.0,7,8,   1659
2026-07-21 18:11:30,474079,0.2,0.0,7,8,   1661
2026-07-21 18:11:33,474079,0.2,0.0,7,8,   1663
2026-07-21 18:11:35,474079,0.2,0.0,7,8,   1666
2026-07-21 18:11:37,474079,0.2,0.0,7,8,   1668
2026-07-21 18:11:39,474079,0.2,0.0,7,8,   1670
2026-07-21 18:11:41,474079,0.2,0.0,7,8,   1672
2026-07-21 18:11:43,474079,0.2,0.0,7,8,   1674
2026-07-21 18:11:45,474079,0.2,0.0,7,8,   1676
2026-07-21 18:11:47,474079,0.2,0.0,7,8,   1678
2026-07-21 18:11:49,474079,0.2,0.0,7,8,   1680
2026-07-21 18:11:51,474079,0.2,0.0,7,8,   1682
2026-07-21 18:11:53,474079,0.2,0.0,7,8,   1684
2026-07-21 18:11:55,474079,0.2,0.0,7,8,   1686
2026-07-21 18:11:57,474079,0.2,0.0,7,8,   1688
2026-07-21 18:11:59,474079,0.2,0.0,7,8,   1690
2026-07-21 18:12:02,474079,0.2,0.0,7,8,   1692
2026-07-21 18:12:04,474079,0.2,0.0,7,8,   1694
2026-07-21 18:12:06,474079,0.2,0.0,7,8,   1697
2026-07-21 18:12:08,474079,0.2,0.0,7,8,   1699
2026-07-21 18:12:10,474079,0.2,0.0,7,8,   1701
2026-07-21 18:12:12,474079,0.2,0.0,7,8,   1703
2026-07-21 18:12:14,474079,0.2,0.0,7,8,   1705
2026-07-21 18:12:16,474079,0.2,0.0,7,8,   1707
2026-07-21 18:12:18,474079,0.2,0.0,7,8,   1709
2026-07-21 18:12:20,474079,0.2,0.0,7,8,   1711
2026-07-21 18:12:22,474079,0.2,0.0,7,8,   1713
2026-07-21 18:12:24,474079,0.2,0.0,7,8,   1715
2026-07-21 18:12:26,474079,0.2,0.0,7,8,   1717
2026-07-21 18:12:28,474079,0.2,0.0,7,8,   1719
2026-07-21 18:12:30,474079,0.2,0.0,7,8,   1721
2026-07-21 18:12:33,474079,0.2,0.0,7,8,   1723
2026-07-21 18:12:35,474079,0.2,0.0,7,8,   1726
2026-07-21 18:12:37,474079,0.2,0.0,7,8,   1728
2026-07-21 18:12:39,474079,0.2,0.0,7,8,   1730
2026-07-21 18:12:41,474079,0.2,0.0,7,8,   1732
2026-07-21 18:12:43,474079,0.2,0.0,7,8,   1734
2026-07-21 18:12:45,474079,0.2,0.0,7,8,   1736
2026-07-21 18:12:47,474079,0.2,0.0,7,8,   1738
2026-07-21 18:12:49,474079,0.2,0.0,7,8,   1740
2026-07-21 18:12:51,474079,0.2,0.0,7,8,   1742
2026-07-21 18:12:53,474079,0.2,0.0,7,8,   1744
2026-07-21 18:12:55,474079,0.2,0.0,7,8,   1746
2026-07-21 18:12:57,474079,0.2,0.0,7,8,   1748
2026-07-21 18:12:59,474079,0.2,0.0,7,8,   1750
2026-07-21 18:13:01,474079,0.2,0.0,7,8,   1752
2026-07-21 18:13:03,474079,0.2,0.0,7,8,   1754
2026-07-21 18:13:06,474079,0.2,0.0,7,8,   1757
2026-07-21 18:13:08,474079,0.2,0.0,7,8,   1759
2026-07-21 18:13:10,474079,0.2,0.0,7,8,   1761
2026-07-21 18:13:12,474079,0.2,0.0,7,8,   1763
2026-07-21 18:13:14,474079,0.2,0.0,7,8,   1765
2026-07-21 18:13:16,474079,0.2,0.0,7,8,   1767
2026-07-21 18:13:18,474079,0.2,0.0,7,8,   1769
2026-07-21 18:13:20,474079,0.2,0.0,7,8,   1771
2026-07-21 18:13:22,474079,0.2,0.0,7,8,   1773
2026-07-21 18:13:24,474079,0.2,0.0,7,8,   1775
2026-07-21 18:13:26,474079,0.2,0.0,7,8,   1777
2026-07-21 18:13:28,474079,0.2,0.0,7,8,   1779
2026-07-21 18:13:30,474079,0.2,0.0,7,8,   1781
2026-07-21 18:13:32,474079,0.2,0.0,7,8,   1783
2026-07-21 18:13:34,474079,0.2,0.0,7,8,   1785
2026-07-21 18:13:37,474079,0.2,0.0,7,8,   1787
2026-07-21 18:13:39,474079,0.2,0.0,7,8,   1790
2026-07-21 18:13:41,474079,0.2,0.0,7,8,   1792
2026-07-21 18:13:43,474079,0.2,0.0,7,8,   1794
2026-07-21 18:13:45,474079,0.2,0.0,7,8,   1796
2026-07-21 18:13:47,474079,0.2,0.0,7,8,   1798
2026-07-21 18:13:49,474079,0.2,0.0,7,8,   1800
2026-07-21 18:13:51,474079,0.2,0.0,7,8,   1802
2026-07-21 18:13:53,474079,0.2,0.0,7,8,   1804
2026-07-21 18:13:55,474079,0.2,0.0,7,8,   1806
2026-07-21 18:13:57,474079,0.2,0.0,7,8,   1808
2026-07-21 18:13:59,474079,0.2,0.0,7,8,   1810
2026-07-21 18:14:01,474079,0.2,0.0,7,8,   1812
2026-07-21 18:14:03,474079,0.2,0.0,7,8,   1814
2026-07-21 18:14:05,474079,0.2,0.0,7,8,   1816
2026-07-21 18:14:08,474079,0.2,0.0,7,8,   1818
2026-07-21 18:14:10,474079,0.2,0.0,7,8,   1821
2026-07-21 18:14:12,474079,0.2,0.0,7,8,   1823
2026-07-21 18:14:14,474079,0.2,0.0,7,8,   1825
2026-07-21 18:14:16,474079,0.2,0.0,7,8,   1827
2026-07-21 18:14:18,474079,0.2,0.0,7,8,   1829
2026-07-21 18:14:20,474079,0.2,0.0,7,8,   1831
2026-07-21 18:14:22,474079,0.2,0.0,7,8,   1833
2026-07-21 18:14:24,474079,0.2,0.0,7,8,   1835
2026-07-21 18:14:26,474079,0.2,0.0,7,8,   1837
2026-07-21 18:14:28,474079,0.2,0.0,7,8,   1839
2026-07-21 18:14:30,474079,0.2,0.0,7,8,   1841
2026-07-21 18:14:32,474079,0.2,0.0,7,8,   1843
2026-07-21 18:14:34,474079,0.2,0.0,7,8,   1845
2026-07-21 18:14:36,474079,0.2,0.0,7,8,   1847
2026-07-21 18:14:38,474079,0.2,0.0,7,8,   1849
2026-07-21 18:14:41,474079,0.2,0.0,7,8,   1851
2026-07-21 18:14:43,474079,0.2,0.0,7,8,   1854
2026-07-21 18:14:45,474079,0.2,0.0,7,8,   1856
2026-07-21 18:14:47,474079,0.2,0.0,7,8,   1858
2026-07-21 18:14:49,474079,0.2,0.0,7,8,   1860
2026-07-21 18:14:51,474079,0.2,0.0,7,8,   1862
2026-07-21 18:14:53,474079,0.2,0.0,7,8,   1864
2026-07-21 18:14:55,474079,0.2,0.0,7,8,   1866
2026-07-21 18:14:57,474079,0.2,0.0,7,8,   1868
2026-07-21 18:14:59,474079,0.2,0.0,7,8,   1870
2026-07-21 18:15:01,474079,0.2,0.0,7,8,   1872
2026-07-21 18:15:03,474079,0.2,0.0,7,8,   1874
2026-07-21 18:15:05,474079,0.2,0.0,7,8,   1876
2026-07-21 18:15:07,474079,0.2,0.0,7,8,   1878
2026-07-21 18:15:10,474079,0.2,0.0,7,8,   1880
2026-07-21 18:15:12,474079,0.2,0.0,7,8,   1883
2026-07-21 18:15:14,474079,0.2,0.0,7,8,   1885
2026-07-21 18:15:16,474079,0.2,0.0,7,8,   1887
2026-07-21 18:15:18,474079,0.2,0.0,7,8,   1889
2026-07-21 18:15:20,474079,0.2,0.0,7,8,   1891
2026-07-21 18:15:22,474079,0.2,0.0,7,8,   1893
2026-07-21 18:15:24,474079,0.2,0.0,7,8,   1895
2026-07-21 18:15:26,474079,0.2,0.0,7,8,   1897
2026-07-21 18:15:28,474079,0.2,0.0,7,8,   1899
2026-07-21 18:15:30,474079,0.2,0.0,7,8,   1901
2026-07-21 18:15:32,474079,0.2,0.0,7,8,   1903
2026-07-21 18:15:34,474079,0.2,0.0,7,8,   1905
2026-07-21 18:15:36,474079,0.2,0.0,7,8,   1907
2026-07-21 18:15:38,474079,0.2,0.0,7,8,   1909
2026-07-21 18:15:41,474079,0.2,0.0,7,8,   1911
2026-07-21 18:15:43,474079,0.2,0.0,7,8,   1914
2026-07-21 18:15:45,474079,0.2,0.0,7,8,   1916
2026-07-21 18:15:47,474079,0.2,0.0,7,8,   1918
2026-07-21 18:15:49,474079,0.2,0.0,7,8,   1920
2026-07-21 18:15:51,474079,0.2,0.0,7,8,   1922
2026-07-21 18:15:53,474079,0.2,0.0,7,8,   1924
2026-07-21 18:15:55,474079,0.2,0.0,7,8,   1926
2026-07-21 18:15:57,474079,0.2,0.0,7,8,   1928
2026-07-21 18:15:59,474079,0.2,0.0,7,8,   1930
2026-07-21 18:16:01,474079,0.2,0.0,7,9,   1932
2026-07-21 18:16:03,474079,0.2,0.0,7,9,   1934
2026-07-21 18:16:05,474079,0.2,0.0,7,9,   1936
2026-07-21 18:16:08,474079,0.2,0.0,7,9,   1939
2026-07-21 18:16:10,474079,0.2,0.0,7,9,   1941
2026-07-21 18:16:12,474079,0.2,0.0,7,9,   1943
2026-07-21 18:16:14,474079,0.2,0.0,7,9,   1945
2026-07-21 18:16:16,474079,0.2,0.0,7,9,   1947
2026-07-21 18:16:18,474079,0.2,0.0,8,0,   1949
2026-07-21 18:16:20,474079,0.2,0.0,8,0,   1951
2026-07-21 18:16:22,474079,0.2,0.0,8,0,   1953
2026-07-21 18:16:24,474079,0.2,0.0,8,0,   1955
2026-07-21 18:16:26,474079,0.2,0.0,8,0,   1957
2026-07-21 18:16:28,474079,0.2,0.0,8,0,   1959
2026-07-21 18:16:30,474079,0.2,0.0,8,0,   1961
2026-07-21 18:16:33,474079,0.2,0.0,8,0,   1963
2026-07-21 18:16:35,474079,0.2,0.0,8,0,   1966
2026-07-21 18:16:37,474079,0.2,0.0,8,0,   1968
2026-07-21 18:16:39,474079,0.2,0.0,8,0,   1970
2026-07-21 18:16:41,474079,0.2,0.0,8,0,   1972
2026-07-21 18:16:43,474079,0.2,0.0,8,0,   1974
2026-07-21 18:16:45,474079,0.2,0.0,8,0,   1976
2026-07-21 18:16:47,474079,0.2,0.0,8,0,   1978
2026-07-21 18:16:49,474079,0.2,0.0,8,0,   1980
2026-07-21 18:16:51,474079,0.2,0.0,8,0,   1982
2026-07-21 18:16:53,474079,0.2,0.0,8,0,   1984
2026-07-21 18:16:55,474079,0.2,0.0,8,0,   1986
2026-07-21 18:16:57,474079,0.2,0.0,8,0,   1988
2026-07-21 18:17:00,474079,0.2,0.0,8,0,   1990
2026-07-21 18:17:02,474079,0.2,0.0,8,0,   1993
2026-07-21 18:17:04,474079,0.2,0.0,8,0,   1995
2026-07-21 18:17:06,474079,0.2,0.0,8,0,   1997
2026-07-21 18:17:08,474079,0.2,0.0,8,0,   1999
2026-07-21 18:17:10,474079,0.2,0.0,8,0,   2001
2026-07-21 18:17:12,474079,0.2,0.0,8,0,   2003
2026-07-21 18:17:14,474079,0.2,0.0,8,0,   2005
2026-07-21 18:17:16,474079,0.2,0.0,8,0,   2007
2026-07-21 18:17:18,474079,0.2,0.0,8,0,   2009
2026-07-21 18:17:20,474079,0.2,0.0,8,0,   2011
2026-07-21 18:17:22,474079,0.2,0.0,8,0,   2013
2026-07-21 18:17:24,474079,0.2,0.0,8,0,   2015
2026-07-21 18:17:26,474079,0.2,0.0,8,0,   2017
2026-07-21 18:17:29,474079,0.2,0.0,8,0,   2019
2026-07-21 18:17:31,474079,0.2,0.0,8,0,   2022
2026-07-21 18:17:33,474079,0.2,0.0,8,0,   2024
2026-07-21 18:17:35,474079,0.2,0.0,8,0,   2026
2026-07-21 18:17:37,474079,0.2,0.0,8,0,   2028
2026-07-21 18:17:39,474079,0.2,0.0,8,0,   2030
2026-07-21 18:17:41,474079,0.2,0.0,8,0,   2032
2026-07-21 18:17:43,474079,0.2,0.0,8,0,   2034
2026-07-21 18:17:45,474079,0.2,0.0,8,0,   2036
2026-07-21 18:17:47,474079,0.2,0.0,8,0,   2038
2026-07-21 18:17:49,474079,0.2,0.0,8,0,   2040
2026-07-21 18:17:51,474079,0.2,0.0,8,0,   2042
2026-07-21 18:17:53,474079,0.2,0.0,8,0,   2044
2026-07-21 18:17:56,474079,0.2,0.0,8,0,   2046
2026-07-21 18:17:58,474079,0.2,0.0,8,0,   2049
2026-07-21 18:18:00,474079,0.2,0.0,8,0,   2051
2026-07-21 18:18:02,474079,0.2,0.0,8,0,   2053
2026-07-21 18:18:04,474079,0.2,0.0,8,1,   2055
2026-07-21 18:18:06,474079,0.2,0.0,8,0,   2057
2026-07-21 18:18:08,474079,0.2,0.0,8,0,   2059
2026-07-21 18:18:10,474079,0.2,0.0,8,0,   2061
2026-07-21 18:18:12,474079,0.2,0.0,8,0,   2063
2026-07-21 18:18:14,474079,0.2,0.0,8,0,   2065
2026-07-21 18:18:16,474079,0.2,0.0,8,0,   2067
2026-07-21 18:18:18,474079,0.2,0.0,8,0,   2069
2026-07-21 18:18:20,474079,0.2,0.0,8,0,   2071
2026-07-21 18:18:23,474079,0.2,0.0,8,0,   2073
2026-07-21 18:18:25,474079,0.2,0.0,8,0,   2076
2026-07-21 18:18:27,474079,0.2,0.0,8,0,   2078
2026-07-21 18:18:29,474079,0.2,0.0,8,0,   2080
2026-07-21 18:18:31,474079,0.2,0.0,8,0,   2082
2026-07-21 18:18:33,474079,0.2,0.0,8,0,   2084
2026-07-21 18:18:35,474079,0.2,0.0,8,1,   2086
2026-07-21 18:18:37,474079,0.2,0.0,8,0,   2088
2026-07-21 18:18:39,474079,0.2,0.0,8,0,   2090
2026-07-21 18:18:41,474079,0.2,0.0,8,0,   2092
2026-07-21 18:18:43,474079,0.2,0.0,8,0,   2094
2026-07-21 18:18:45,474079,0.2,0.0,8,0,   2096
2026-07-21 18:18:47,474079,0.2,0.0,8,0,   2098
2026-07-21 18:18:49,474079,0.2,0.0,8,0,   2100
2026-07-21 18:18:52,474079,0.2,0.0,8,0,   2102
2026-07-21 18:18:54,474079,0.2,0.0,8,0,   2105
2026-07-21 18:18:56,474079,0.2,0.0,8,0,   2107
2026-07-21 18:18:58,474079,0.2,0.0,8,0,   2109
2026-07-21 18:19:00,474079,0.2,0.0,8,0,   2111
2026-07-21 18:19:02,474079,0.2,0.0,8,0,   2113
2026-07-21 18:19:04,474079,0.2,0.0,8,0,   2115
2026-07-21 18:19:06,474079,0.2,0.0,8,1,   2117
2026-07-21 18:19:08,474079,0.2,0.0,8,0,   2119
2026-07-21 18:19:10,474079,0.2,0.0,8,0,   2121
2026-07-21 18:19:12,474079,0.2,0.0,8,0,   2123
2026-07-21 18:19:14,474079,0.2,0.0,8,0,   2125
2026-07-21 18:19:16,474079,0.2,0.0,8,0,   2127
2026-07-21 18:19:18,474079,0.2,0.0,8,0,   2129
2026-07-21 18:19:21,474079,0.2,0.0,8,0,   2131
2026-07-21 18:19:23,474079,0.2,0.0,8,0,   2134
2026-07-21 18:19:25,474079,0.2,0.0,8,0,   2136
2026-07-21 18:19:27,474079,0.2,0.0,8,0,   2138
2026-07-21 18:19:29,474079,0.2,0.0,8,0,   2140
2026-07-21 18:19:31,474079,0.2,0.0,8,0,   2142
2026-07-21 18:19:33,474079,0.2,0.0,8,0,   2144
2026-07-21 18:19:35,474079,0.2,0.0,8,0,   2146
2026-07-21 18:19:37,474079,0.2,0.0,8,0,   2148
2026-07-21 18:19:39,474079,0.2,0.0,8,0,   2150
2026-07-21 18:19:41,474079,0.2,0.0,8,0,   2152
2026-07-21 18:19:43,474079,0.2,0.0,8,0,   2154
2026-07-21 18:19:45,474079,0.2,0.0,8,0,   2156
2026-07-21 18:19:47,474079,0.2,0.0,8,0,   2158
2026-07-21 18:19:49,474079,0.2,0.0,8,0,   2160
2026-07-21 18:19:52,474079,0.2,0.0,8,0,   2162
2026-07-21 18:19:54,474079,0.2,0.0,8,0,   2165
2026-07-21 18:19:56,474079,0.2,0.0,8,0,   2167
2026-07-21 18:19:58,474079,0.2,0.0,8,0,   2169
2026-07-21 18:20:00,474079,0.2,0.0,8,0,   2171
2026-07-21 18:20:02,474079,0.2,0.0,8,0,   2173
2026-07-21 18:20:04,474079,0.2,0.0,8,0,   2175
2026-07-21 18:20:06,474079,0.2,0.0,8,0,   2177
2026-07-21 18:20:08,474079,0.2,0.0,8,0,   2179
2026-07-21 18:20:10,474079,0.2,0.0,8,0,   2181
2026-07-21 18:20:12,474079,0.2,0.0,8,0,   2183
2026-07-21 18:20:14,474079,0.2,0.0,8,0,   2185
2026-07-21 18:20:16,474079,0.2,0.0,8,0,   2187
2026-07-21 18:20:18,474079,0.2,0.0,8,0,   2189
2026-07-21 18:20:21,474079,0.2,0.0,8,0,   2191
2026-07-21 18:20:23,474079,0.2,0.0,8,0,   2194
2026-07-21 18:20:25,474079,0.2,0.0,8,0,   2196
2026-07-21 18:20:27,474079,0.2,0.0,8,0,   2198
2026-07-21 18:20:29,474079,0.2,0.0,8,0,   2200
2026-07-21 18:20:31,474079,0.2,0.0,8,0,   2202
2026-07-21 18:20:33,474079,0.2,0.0,8,0,   2204
2026-07-21 18:20:35,474079,0.2,0.0,8,0,   2206
2026-07-21 18:20:37,474079,0.2,0.0,8,0,   2208
2026-07-21 18:20:39,474079,0.2,0.0,8,0,   2210
2026-07-21 18:20:41,474079,0.2,0.0,8,0,   2212
2026-07-21 18:20:43,474079,0.2,0.0,8,0,   2214
2026-07-21 18:20:45,474079,0.2,0.0,8,0,   2216
2026-07-21 18:20:47,474079,0.2,0.0,8,0,   2218
2026-07-21 18:20:50,474079,0.2,0.0,8,0,   2220
2026-07-21 18:20:52,474079,0.2,0.0,8,0,   2222
2026-07-21 18:20:54,474079,0.2,0.0,8,0,   2225
2026-07-21 18:20:56,474079,0.2,0.0,8,0,   2227
2026-07-21 18:20:58,474079,0.2,0.0,8,0,   2229
2026-07-21 18:21:00,474079,0.2,0.0,8,0,   2231
2026-07-21 18:21:02,474079,0.2,0.0,8,0,   2233
2026-07-21 18:21:04,474079,0.2,0.0,8,0,   2235
2026-07-21 18:21:06,474079,0.2,0.0,8,0,   2237
2026-07-21 18:21:08,474079,0.2,0.0,8,0,   2239
2026-07-21 18:21:10,474079,0.2,0.0,8,0,   2241
2026-07-21 18:21:12,474079,0.2,0.0,8,0,   2243
2026-07-21 18:21:14,474079,0.2,0.0,8,0,   2245
2026-07-21 18:21:16,474079,0.2,0.0,8,0,   2247
2026-07-21 18:21:18,474079,0.2,0.0,8,0,   2249
2026-07-21 18:21:20,474079,0.2,0.0,8,0,   2251
2026-07-21 18:21:23,474079,0.2,0.0,8,0,   2253
2026-07-21 18:21:25,474079,0.2,0.0,8,0,   2256
2026-07-21 18:21:27,474079,0.2,0.0,8,0,   2258
2026-07-21 18:21:29,474079,0.2,0.0,8,0,   2260
2026-07-21 18:21:31,474079,0.2,0.0,8,0,   2262
2026-07-21 18:21:33,474079,0.2,0.0,8,0,   2264
2026-07-21 18:21:35,474079,0.2,0.0,8,0,   2266
2026-07-21 18:21:37,474079,0.2,0.0,8,0,   2268
2026-07-21 18:21:39,474079,0.2,0.0,8,1,   2270
2026-07-21 18:21:41,474079,0.2,0.0,8,0,   2272
2026-07-21 18:21:43,474079,0.2,0.0,8,0,   2274
2026-07-21 18:21:45,474079,0.2,0.0,8,0,   2276
2026-07-21 18:21:47,474079,0.2,0.0,8,0,   2278
2026-07-21 18:21:49,474079,0.2,0.0,8,0,   2280
2026-07-21 18:21:51,474079,0.2,0.0,8,0,   2282
2026-07-21 18:21:54,474079,0.2,0.0,8,0,   2284
2026-07-21 18:21:56,474079,0.2,0.0,8,0,   2287
2026-07-21 18:21:58,474079,0.2,0.0,8,0,   2289
2026-07-21 18:22:00,474079,0.2,0.0,8,0,   2291
2026-07-21 18:22:02,474079,0.2,0.0,8,0,   2293
2026-07-21 18:22:04,474079,0.2,0.0,8,0,   2295
2026-07-21 18:22:06,474079,0.2,0.0,8,0,   2297
2026-07-21 18:22:08,474079,0.2,0.0,8,0,   2299
2026-07-21 18:22:10,474079,0.2,0.0,8,1,   2301
2026-07-21 18:22:12,474079,0.2,0.0,8,0,   2303
2026-07-21 18:22:14,474079,0.2,0.0,8,0,   2305
2026-07-21 18:22:16,474079,0.2,0.0,8,0,   2307
2026-07-21 18:22:18,474079,0.2,0.0,8,0,   2309
2026-07-21 18:22:20,474079,0.2,0.0,8,0,   2311
2026-07-21 18:22:23,474079,0.2,0.0,8,0,   2313
2026-07-21 18:22:25,474079,0.2,0.0,8,0,   2316
2026-07-21 18:22:27,474079,0.2,0.0,8,0,   2318
2026-07-21 18:22:29,474079,0.2,0.0,8,0,   2320
2026-07-21 18:22:31,474079,0.2,0.0,8,0,   2322
2026-07-21 18:22:33,474079,0.2,0.0,8,0,   2324
2026-07-21 18:22:35,474079,0.2,0.0,8,0,   2326
2026-07-21 18:22:37,474079,0.2,0.0,8,0,   2328
2026-07-21 18:22:39,474079,0.2,0.0,8,0,   2330
2026-07-21 18:22:41,474079,0.2,0.0,8,1,   2332
2026-07-21 18:22:43,474079,0.2,0.0,8,0,   2334
2026-07-21 18:22:45,474079,0.2,0.0,8,0,   2336
2026-07-21 18:22:47,474079,0.2,0.0,8,0,   2338
2026-07-21 18:22:49,474079,0.2,0.0,8,0,   2340
2026-07-21 18:22:52,474079,0.2,0.0,8,0,   2342
2026-07-21 18:22:54,474079,0.2,0.0,8,0,   2345
2026-07-21 18:22:56,474079,0.2,0.0,8,0,   2347
2026-07-21 18:22:58,474079,0.2,0.0,8,0,   2349
2026-07-21 18:23:00,474079,0.2,0.0,8,0,   2351
2026-07-21 18:23:02,474079,0.2,0.0,8,0,   2353
2026-07-21 18:23:04,474079,0.2,0.0,8,0,   2355
2026-07-21 18:23:06,474079,0.2,0.0,8,0,   2357
2026-07-21 18:23:08,474079,0.2,0.0,8,0,   2359
2026-07-21 18:23:10,474079,0.2,0.0,8,0,   2361
2026-07-21 18:23:12,474079,0.2,0.0,8,0,   2363
2026-07-21 18:23:14,474079,0.2,0.0,8,0,   2365
2026-07-21 18:23:16,474079,0.2,0.0,8,0,   2367
2026-07-21 18:23:18,474079,0.2,0.0,8,0,   2369
2026-07-21 18:23:21,474079,0.2,0.0,8,0,   2371
2026-07-21 18:23:23,474079,0.2,0.0,8,0,   2374
2026-07-21 18:23:25,474079,0.2,0.0,8,0,   2376
2026-07-21 18:23:27,474079,0.2,0.0,8,0,   2378
2026-07-21 18:23:29,474079,0.2,0.0,8,0,   2380
2026-07-21 18:23:31,474079,0.2,0.0,8,0,   2382
2026-07-21 18:23:33,474079,0.2,0.0,8,0,   2384
2026-07-21 18:23:35,474079,0.2,0.0,8,0,   2386
2026-07-21 18:23:37,474079,0.2,0.0,8,0,   2388
2026-07-21 18:23:39,474079,0.2,0.0,8,0,   2390
2026-07-21 18:23:41,474079,0.2,0.0,8,0,   2392
2026-07-21 18:23:43,474079,0.2,0.0,8,0,   2394
2026-07-21 18:23:45,474079,0.2,0.0,8,0,   2396
2026-07-21 18:23:47,474079,0.2,0.0,8,0,   2398
2026-07-21 18:23:50,474079,0.2,0.0,8,0,   2400
2026-07-21 18:23:52,474079,0.2,0.0,8,0,   2403
2026-07-21 18:23:54,474079,0.2,0.0,8,0,   2405
2026-07-21 18:23:56,474079,0.2,0.0,8,0,   2407
2026-07-21 18:23:58,474079,0.2,0.0,8,0,   2409
2026-07-21 18:24:00,474079,0.2,0.0,8,0,   2411
2026-07-21 18:24:02,474079,0.2,0.0,8,0,   2413
2026-07-21 18:24:04,474079,0.2,0.0,8,0,   2415
2026-07-21 18:24:06,474079,0.2,0.0,8,0,   2417
2026-07-21 18:24:08,474079,0.2,0.0,8,0,   2419
2026-07-21 18:24:10,474079,0.2,0.0,8,0,   2421
2026-07-21 18:24:12,474079,0.2,0.0,8,0,   2423
2026-07-21 18:24:14,474079,0.2,0.0,8,0,   2425
2026-07-21 18:24:16,474079,0.2,0.0,8,0,   2427
2026-07-21 18:24:18,474079,0.2,0.0,8,0,   2429
2026-07-21 18:24:21,474079,0.2,0.0,8,0,   2431
2026-07-21 18:24:23,474079,0.2,0.0,8,0,   2434
2026-07-21 18:24:25,474079,0.2,0.0,8,0,   2436
2026-07-21 18:24:27,474079,0.2,0.0,8,0,   2438
2026-07-21 18:24:29,474079,0.2,0.0,8,0,   2440
2026-07-21 18:24:31,474079,0.2,0.0,8,0,   2442
2026-07-21 18:24:33,474079,0.2,0.0,8,0,   2444
2026-07-21 18:24:35,474079,0.2,0.0,8,0,   2446
2026-07-21 18:24:37,474079,0.2,0.0,8,0,   2448
2026-07-21 18:24:39,474079,0.2,0.0,8,0,   2450
2026-07-21 18:24:41,474079,0.2,0.0,8,0,   2452
2026-07-21 18:24:43,474079,0.2,0.0,8,0,   2454
2026-07-21 18:24:45,474079,0.2,0.0,8,0,   2456
2026-07-21 18:24:47,474079,0.2,0.0,8,0,   2458
2026-07-21 18:24:49,474079,0.2,0.0,8,0,   2460
2026-07-21 18:24:52,474079,0.2,0.0,8,0,   2462
2026-07-21 18:24:54,474079,0.2,0.0,8,0,   2465
2026-07-21 18:24:56,474079,0.2,0.0,8,0,   2467
2026-07-21 18:24:58,474079,0.2,0.0,8,0,   2469
2026-07-21 18:25:00,474079,0.2,0.0,8,0,   2471
2026-07-21 18:25:02,474079,0.2,0.0,8,0,   2473
2026-07-21 18:25:04,474079,0.2,0.0,8,0,   2475
2026-07-21 18:25:06,474079,0.2,0.0,8,0,   2477
2026-07-21 18:25:08,474079,0.2,0.0,8,0,   2479
2026-07-21 18:25:10,474079,0.2,0.0,8,0,   2481
2026-07-21 18:25:12,474079,0.2,0.0,8,0,   2483
2026-07-21 18:25:14,474079,0.2,0.0,8,0,   2485
2026-07-21 18:25:16,474079,0.2,0.0,8,0,   2487
2026-07-21 18:25:18,474079,0.2,0.0,8,0,   2489
2026-07-21 18:25:21,474079,0.2,0.0,8,0,   2491
2026-07-21 18:25:23,474079,0.2,0.0,8,0,   2494
2026-07-21 18:25:25,474079,0.2,0.0,8,0,   2496
2026-07-21 18:25:27,474079,0.2,0.0,8,0,   2498
2026-07-21 18:25:29,474079,0.2,0.0,8,0,   2500
2026-07-21 18:25:31,474079,0.2,0.0,8,0,   2502
2026-07-21 18:25:33,474079,0.2,0.0,8,0,   2504
2026-07-21 18:25:35,474079,0.2,0.0,8,0,   2506
2026-07-21 18:25:37,474079,0.2,0.0,8,0,   2508
2026-07-21 18:25:39,474079,0.2,0.0,8,0,   2510
2026-07-21 18:25:41,474079,0.2,0.0,8,0,   2512
2026-07-21 18:25:43,474079,0.2,0.0,8,0,   2514
2026-07-21 18:25:45,474079,0.2,0.0,8,1,   2516
2026-07-21 18:25:47,474079,0.2,0.0,8,0,   2518
2026-07-21 18:25:49,474079,0.2,0.0,8,0,   2520
2026-07-21 18:25:52,474079,0.2,0.0,8,0,   2522
2026-07-21 18:25:54,474079,0.2,0.0,8,0,   2525
2026-07-21 18:25:56,474079,0.2,0.0,8,0,   2527
2026-07-21 18:25:58,474079,0.2,0.0,8,0,   2529
2026-07-21 18:26:00,474079,0.2,0.0,8,0,   2531
2026-07-21 18:26:02,474079,0.2,0.0,8,0,   2533
2026-07-21 18:26:04,474079,0.2,0.0,8,0,   2535
2026-07-21 18:26:06,474079,0.2,0.0,8,0,   2537
2026-07-21 18:26:08,474079,0.2,0.0,8,0,   2539
2026-07-21 18:26:10,474079,0.2,0.0,8,0,   2541
2026-07-21 18:26:12,474079,0.2,0.0,8,0,   2543
2026-07-21 18:26:14,474079,0.2,0.0,8,0,   2545
2026-07-21 18:26:16,474079,0.2,0.0,8,1,   2547
2026-07-21 18:26:18,474079,0.2,0.0,8,0,   2549
2026-07-21 18:26:21,474079,0.2,0.0,8,0,   2551
2026-07-21 18:26:23,474079,0.2,0.0,8,0,   2554
2026-07-21 18:26:25,474079,0.2,0.0,8,0,   2556
2026-07-21 18:26:27,474079,0.2,0.0,8,0,   2558
2026-07-21 18:26:29,474079,0.2,0.0,8,0,   2560
2026-07-21 18:26:31,474079,0.2,0.0,8,0,   2562
2026-07-21 18:26:33,474079,0.2,0.0,8,0,   2564
2026-07-21 18:26:35,474079,0.2,0.0,8,0,   2566
2026-07-21 18:26:37,474079,0.2,0.0,8,0,   2568
2026-07-21 18:26:39,474079,0.2,0.0,8,0,   2570
2026-07-21 18:26:41,474079,0.2,0.0,8,0,   2572
2026-07-21 18:26:43,474079,0.2,0.0,8,0,   2574
2026-07-21 18:26:45,474079,0.2,0.0,8,0,   2576
2026-07-21 18:26:47,474079,0.2,0.0,8,0,   2578
2026-07-21 18:26:50,474079,0.2,0.0,8,0,   2580
2026-07-21 18:26:52,474079,0.2,0.0,8,0,   2583
2026-07-21 18:26:54,474079,0.2,0.0,8,0,   2585
2026-07-21 18:26:56,474079,0.2,0.0,8,0,   2587
2026-07-21 18:26:58,474079,0.2,0.0,8,0,   2589
2026-07-21 18:27:00,474079,0.2,0.0,8,0,   2591
2026-07-21 18:27:02,474079,0.2,0.0,8,0,   2593
2026-07-21 18:27:04,474079,0.2,0.0,8,0,   2595
2026-07-21 18:27:06,474079,0.2,0.0,8,0,   2597
2026-07-21 18:27:08,474079,0.2,0.0,8,0,   2599
2026-07-21 18:27:10,474079,0.2,0.0,8,0,   2601
2026-07-21 18:27:12,474079,0.2,0.0,8,0,   2603
2026-07-21 18:27:14,474079,0.2,0.0,8,0,   2605
2026-07-21 18:27:16,474079,0.2,0.0,8,0,   2607
2026-07-21 18:27:18,474079,0.2,0.0,8,0,   2609
2026-07-21 18:27:21,474079,0.2,0.0,8,0,   2611
2026-07-21 18:27:23,474079,0.2,0.0,8,0,   2614
2026-07-21 18:27:25,474079,0.2,0.0,8,0,   2616
2026-07-21 18:27:27,474079,0.2,0.0,8,0,   2618
2026-07-21 18:27:29,474079,0.2,0.0,8,0,   2620
2026-07-21 18:27:31,474079,0.2,0.0,8,0,   2622
2026-07-21 18:27:33,474079,0.2,0.0,8,0,   2624
2026-07-21 18:27:35,474079,0.2,0.0,8,0,   2626
2026-07-21 18:27:37,474079,0.2,0.0,8,0,   2628
2026-07-21 18:27:39,474079,0.2,0.0,8,0,   2630
2026-07-21 18:27:41,474079,0.2,0.0,8,0,   2632
2026-07-21 18:27:43,474079,0.2,0.0,8,0,   2634
2026-07-21 18:27:45,474079,0.2,0.0,8,0,   2636
2026-07-21 18:27:47,474079,0.2,0.0,8,0,   2638
2026-07-21 18:27:50,474079,0.2,0.0,8,0,   2640
2026-07-21 18:27:52,474079,0.2,0.0,8,0,   2643
2026-07-21 18:27:54,474079,0.2,0.0,8,0,   2645
2026-07-21 18:27:56,474079,0.2,0.0,8,0,   2647
2026-07-21 18:27:58,474079,0.2,0.0,8,0,   2649
2026-07-21 18:28:00,474079,0.2,0.0,8,0,   2651
2026-07-21 18:28:02,474079,0.2,0.0,8,0,   2653
2026-07-21 18:28:04,474079,0.2,0.0,8,0,   2655
2026-07-21 18:28:06,474079,0.2,0.0,8,0,   2657
2026-07-21 18:28:08,474079,0.2,0.0,8,0,   2659
2026-07-21 18:28:10,474079,0.2,0.0,8,0,   2661
2026-07-21 18:28:12,474079,0.2,0.0,8,0,   2663
2026-07-21 18:28:14,474079,0.2,0.0,8,0,   2665
2026-07-21 18:28:16,474079,0.2,0.0,8,0,   2667
2026-07-21 18:28:19,474079,0.2,0.0,8,0,   2669
2026-07-21 18:28:21,474079,0.2,0.0,8,0,   2672
2026-07-21 18:28:23,474079,0.2,0.0,8,0,   2674
2026-07-21 18:28:25,474079,0.2,0.0,8,0,   2676
2026-07-21 18:28:27,474079,0.2,0.0,8,0,   2678
2026-07-21 18:28:29,474079,0.2,0.0,8,0,   2680
2026-07-21 18:28:31,474079,0.2,0.0,8,0,   2682
2026-07-21 18:28:33,474079,0.2,0.0,8,0,   2684
2026-07-21 18:28:35,474079,0.2,0.0,8,0,   2686
2026-07-21 18:28:37,474079,0.2,0.0,8,0,   2688
2026-07-21 18:28:39,474079,0.2,0.0,8,0,   2690
2026-07-21 18:28:41,474079,0.2,0.0,8,0,   2692
2026-07-21 18:28:43,474079,0.2,0.0,8,0,   2694
2026-07-21 18:28:45,474079,0.2,0.0,8,0,   2696
2026-07-21 18:28:47,474079,0.2,0.0,8,0,   2698
2026-07-21 18:28:50,474079,0.2,0.0,8,1,   2700
2026-07-21 18:28:52,474079,0.2,0.0,8,0,   2703
2026-07-21 18:28:54,474079,0.2,0.0,8,0,   2705
2026-07-21 18:28:56,474079,0.2,0.0,8,0,   2707
2026-07-21 18:28:58,474079,0.2,0.0,8,0,   2709
2026-07-21 18:29:00,474079,0.2,0.0,8,0,   2711
2026-07-21 18:29:02,474079,0.2,0.0,8,0,   2713
2026-07-21 18:29:04,474079,0.2,0.0,8,0,   2715
2026-07-21 18:29:06,474079,0.2,0.0,8,0,   2717
2026-07-21 18:29:08,474079,0.2,0.0,8,0,   2719
2026-07-21 18:29:10,474079,0.2,0.0,8,0,   2721
2026-07-21 18:29:12,474079,0.2,0.0,8,0,   2723
2026-07-21 18:29:14,474079,0.2,0.0,8,0,   2725
2026-07-21 18:29:16,474079,0.2,0.0,8,0,   2727
2026-07-21 18:29:19,474079,0.2,0.0,8,0,   2729
2026-07-21 18:29:21,474079,0.2,0.0,8,1,   2732
2026-07-21 18:29:23,474079,0.2,0.0,8,0,   2734
2026-07-21 18:29:25,474079,0.2,0.0,8,0,   2736
2026-07-21 18:29:27,474079,0.2,0.0,8,0,   2738
2026-07-21 18:29:29,474079,0.2,0.0,8,0,   2740
2026-07-21 18:29:31,474079,0.2,0.0,8,0,   2742
2026-07-21 18:29:33,474079,0.2,0.0,8,0,   2744
2026-07-21 18:29:35,474079,0.2,0.0,8,0,   2746
2026-07-21 18:29:37,474079,0.2,0.0,8,0,   2748
2026-07-21 18:29:39,474079,0.2,0.0,8,0,   2750
2026-07-21 18:29:41,474079,0.2,0.0,8,0,   2752
2026-07-21 18:29:43,474079,0.2,0.0,8,0,   2754
2026-07-21 18:29:45,474079,0.2,0.0,8,0,   2756
2026-07-21 18:29:47,474079,0.2,0.0,8,0,   2758
2026-07-21 18:29:50,474079,0.2,0.0,8,0,   2760
2026-07-21 18:29:52,474079,0.2,0.0,8,0,   2763
2026-07-21 18:29:54,474079,0.2,0.0,8,0,   2765
2026-07-21 18:29:56,474079,0.2,0.0,8,0,   2767
2026-07-21 18:29:58,474079,0.2,0.0,8,0,   2769
2026-07-21 18:30:00,474079,0.2,0.0,8,0,   2771
2026-07-21 18:30:02,474079,0.2,0.0,8,0,   2773
2026-07-21 18:30:04,474079,0.2,0.0,8,0,   2775
2026-07-21 18:30:06,474079,0.2,0.0,8,0,   2777
2026-07-21 18:30:08,474079,0.2,0.0,8,0,   2779
2026-07-21 18:30:10,474079,0.2,0.0,8,0,   2781
2026-07-21 18:30:12,474079,0.2,0.0,8,0,   2783
2026-07-21 18:30:14,474079,0.2,0.0,8,0,   2785
2026-07-21 18:30:16,474079,0.2,0.0,8,0,   2787
2026-07-21 18:30:18,474079,0.2,0.0,8,0,   2789
2026-07-21 18:30:21,474079,0.2,0.0,8,0,   2791
2026-07-21 18:30:23,474079,0.2,0.0,8,0,   2794
2026-07-21 18:30:25,474079,0.2,0.0,8,0,   2796
2026-07-21 18:30:27,474079,0.2,0.0,8,0,   2798
2026-07-21 18:30:29,474079,0.2,0.0,8,0,   2800
2026-07-21 18:30:31,474079,0.2,0.0,8,0,   2802
2026-07-21 18:30:33,474079,0.2,0.0,8,0,   2804
2026-07-21 18:30:35,474079,0.2,0.0,8,0,   2806
2026-07-21 18:30:37,474079,0.2,0.0,8,0,   2808
2026-07-21 18:30:39,474079,0.2,0.0,8,0,   2810
2026-07-21 18:30:41,474079,0.2,0.0,8,0,   2812
2026-07-21 18:30:43,474079,0.2,0.0,8,0,   2814
2026-07-21 18:30:45,474079,0.2,0.0,8,0,   2816
2026-07-21 18:30:47,474079,0.2,0.0,8,0,   2818
2026-07-21 18:30:50,474079,0.2,0.0,8,0,   2820
2026-07-21 18:30:52,474079,0.2,0.0,8,0,   2823
2026-07-21 18:30:54,474079,0.2,0.0,8,0,   2825
2026-07-21 18:30:56,474079,0.2,0.0,8,0,   2827
2026-07-21 18:30:58,474079,0.2,0.0,8,0,   2829
2026-07-21 18:31:00,474079,0.2,0.0,8,0,   2831
2026-07-21 18:31:02,474079,0.2,0.0,8,0,   2833
2026-07-21 18:31:04,474079,0.2,0.0,8,0,   2835
2026-07-21 18:31:06,474079,0.2,0.0,8,0,   2837
2026-07-21 18:31:08,474079,0.2,0.0,8,0,   2839
2026-07-21 18:31:10,474079,0.2,0.0,8,0,   2841
2026-07-21 18:31:12,474079,0.2,0.0,8,0,   2843
2026-07-21 18:31:14,474079,0.2,0.0,8,0,   2845
2026-07-21 18:31:16,474079,0.2,0.0,8,0,   2847
2026-07-21 18:31:18,474079,0.2,0.0,8,0,   2849
2026-07-21 18:31:21,474079,0.2,0.0,8,0,   2851
2026-07-21 18:31:23,474079,0.2,0.0,8,0,   2854
2026-07-21 18:31:25,474079,0.2,0.0,8,0,   2856
2026-07-21 18:31:27,474079,0.2,0.0,8,0,   2858
2026-07-21 18:31:29,474079,0.2,0.0,8,0,   2860
2026-07-21 18:31:31,474079,0.2,0.0,8,0,   2862
2026-07-21 18:31:33,474079,0.2,0.0,8,0,   2864
2026-07-21 18:31:35,474079,0.2,0.0,8,0,   2866
2026-07-21 18:31:37,474079,0.2,0.0,8,0,   2868
2026-07-21 18:31:39,474079,0.2,0.0,8,0,   2870
2026-07-21 18:31:41,474079,0.2,0.0,8,0,   2872
2026-07-21 18:31:43,474079,0.2,0.0,8,0,   2874
2026-07-21 18:31:45,474079,0.2,0.0,8,0,   2876
2026-07-21 18:31:47,474079,0.2,0.0,8,0,   2878
2026-07-21 18:31:50,474079,0.2,0.0,8,0,   2880
2026-07-21 18:31:52,474079,0.2,0.0,8,0,   2883
2026-07-21 18:31:54,474079,0.2,0.0,8,0,   2885
2026-07-21 18:31:56,474079,0.2,0.0,8,0,   2887
2026-07-21 18:31:58,474079,0.2,0.0,8,0,   2889
2026-07-21 18:32:00,474079,0.2,0.0,8,0,   2891
2026-07-21 18:32:02,474079,0.2,0.0,8,0,   2893
2026-07-21 18:32:04,474079,0.2,0.0,8,0,   2895
2026-07-21 18:32:06,474079,0.2,0.0,8,0,   2897
2026-07-21 18:32:08,474079,0.2,0.0,8,0,   2899
2026-07-21 18:32:10,474079,0.2,0.0,8,0,   2901
2026-07-21 18:32:12,474079,0.2,0.0,8,0,   2903
2026-07-21 18:32:14,474079,0.2,0.0,8,0,   2905
2026-07-21 18:32:16,474079,0.2,0.0,8,0,   2907
2026-07-21 18:32:18,474079,0.2,0.0,8,0,   2909
2026-07-21 18:32:21,474079,0.2,0.0,8,0,   2911
2026-07-21 18:32:23,474079,0.2,0.0,8,0,   2914
2026-07-21 18:32:25,474079,0.2,0.0,8,0,   2916
2026-07-21 18:32:27,474079,0.2,0.0,8,0,   2918
2026-07-21 18:32:29,474079,0.2,0.0,8,0,   2920
2026-07-21 18:32:31,474079,0.2,0.0,8,0,   2922
2026-07-21 18:32:33,474079,0.2,0.0,8,0,   2924
2026-07-21 18:32:35,474079,0.2,0.0,8,0,   2926
2026-07-21 18:32:37,474079,0.2,0.0,8,0,   2928
2026-07-21 18:32:39,474079,0.2,0.0,8,0,   2930
2026-07-21 18:32:41,474079,0.2,0.0,8,0,   2932
2026-07-21 18:32:43,474079,0.2,0.0,8,0,   2934
2026-07-21 18:32:45,474079,0.2,0.0,8,0,   2936
2026-07-21 18:32:47,474079,0.2,0.0,8,0,   2938
2026-07-21 18:32:49,474079,0.2,0.0,8,0,   2940
2026-07-21 18:32:52,474079,0.2,0.0,8,0,   2942
2026-07-21 18:32:54,474079,0.2,0.0,8,0,   2945
2026-07-21 18:32:56,474079,0.2,0.0,8,1,   2947
2026-07-21 18:32:58,474079,0.2,0.0,8,0,   2949
2026-07-21 18:33:00,474079,0.2,0.0,8,0,   2951
2026-07-21 18:33:02,474079,0.2,0.0,8,0,   2953
2026-07-21 18:33:04,474079,0.2,0.0,8,0,   2955
2026-07-21 18:33:06,474079,0.2,0.0,8,0,   2957
2026-07-21 18:33:08,474079,0.2,0.0,8,0,   2959
2026-07-21 18:33:10,474079,0.2,0.0,8,0,   2961
2026-07-21 18:33:12,474079,0.2,0.0,8,0,   2963
2026-07-21 18:33:14,474079,0.2,0.0,8,0,   2965
2026-07-21 18:33:16,474079,0.2,0.0,8,0,   2967
2026-07-21 18:33:18,474079,0.2,0.0,8,0,   2969
2026-07-21 18:33:21,474079,0.2,0.0,8,0,   2971
2026-07-21 18:33:23,474079,0.2,0.0,8,0,   2974
2026-07-21 18:33:25,474079,0.2,0.0,8,0,   2976
2026-07-21 18:33:27,474079,0.2,0.0,8,1,   2978
2026-07-21 18:33:29,474079,0.2,0.0,8,0,   2980
2026-07-21 18:33:31,474079,0.2,0.0,8,0,   2982
2026-07-21 18:33:33,474079,0.2,0.0,8,0,   2984
2026-07-21 18:33:35,474079,0.2,0.0,8,0,   2986
2026-07-21 18:33:37,474079,0.2,0.0,8,0,   2988
2026-07-21 18:33:39,474079,0.2,0.0,8,0,   2990
2026-07-21 18:33:41,474079,0.2,0.0,8,0,   2992
2026-07-21 18:33:43,474079,0.2,0.0,8,0,   2994
2026-07-21 18:33:45,474079,0.2,0.0,8,0,   2996
2026-07-21 18:33:47,474079,0.2,0.0,8,0,   2998
2026-07-21 18:33:49,474079,0.2,0.0,8,0,   3000
2026-07-21 18:33:52,474079,0.2,0.0,8,0,   3002
2026-07-21 18:33:54,474079,0.2,0.0,8,0,   3005
2026-07-21 18:33:56,474079,0.2,0.0,8,0,   3007
2026-07-21 18:33:58,474079,0.2,0.0,8,0,   3009
2026-07-21 18:34:00,474079,0.2,0.0,8,0,   3011
2026-07-21 18:34:02,474079,0.2,0.0,8,0,   3013
2026-07-21 18:34:04,474079,0.2,0.0,8,0,   3015
2026-07-21 18:34:06,474079,0.2,0.0,8,0,   3017
2026-07-21 18:34:08,474079,0.2,0.0,8,0,   3019
2026-07-21 18:34:10,474079,0.2,0.0,8,0,   3021
2026-07-21 18:34:12,474079,0.2,0.0,8,0,   3023
2026-07-21 18:34:14,474079,0.2,0.0,8,0,   3025
2026-07-21 18:34:16,474079,0.2,0.0,8,0,   3027
2026-07-21 18:34:18,474079,0.2,0.0,8,0,   3029
2026-07-21 18:34:20,474079,0.2,0.0,8,0,   3031
2026-07-21 18:34:22,474079,0.2,0.0,8,0,   3033
2026-07-21 18:34:25,474079,0.2,0.0,8,0,   3035
2026-07-21 18:34:27,474079,0.2,0.0,8,0,   3038
2026-07-21 18:34:29,474079,0.2,0.0,8,0,   3040
2026-07-21 18:34:31,474079,0.2,0.0,8,0,   3042
2026-07-21 18:34:33,474079,0.2,0.0,8,0,   3044
2026-07-21 18:34:35,474079,0.2,0.0,8,0,   3046
2026-07-21 18:34:37,474079,0.2,0.0,8,0,   3048
2026-07-21 18:34:39,474079,0.2,0.0,8,0,   3050
2026-07-21 18:34:41,474079,0.2,0.0,8,0,   3052
2026-07-21 18:34:43,474079,0.2,0.0,8,0,   3054
2026-07-21 18:34:45,474079,0.2,0.0,8,0,   3056
2026-07-21 18:34:47,474079,0.2,0.0,8,0,   3058
2026-07-21 18:34:49,474079,0.2,0.0,8,0,   3060
2026-07-21 18:34:51,474079,0.2,0.0,8,0,   3062
2026-07-21 18:34:54,474079,0.2,0.0,8,0,   3064
2026-07-21 18:34:56,474079,0.2,0.0,8,0,   3067
2026-07-21 18:34:58,474079,0.2,0.0,8,0,   3069
2026-07-21 18:35:00,474079,0.2,0.0,8,0,   3071
2026-07-21 18:35:02,474079,0.2,0.0,8,0,   3073
2026-07-21 18:35:04,474079,0.2,0.0,8,0,   3075
2026-07-21 18:35:06,474079,0.2,0.0,8,0,   3077
2026-07-21 18:35:08,474079,0.2,0.0,8,0,   3079
2026-07-21 18:35:10,474079,0.2,0.0,8,0,   3081
2026-07-21 18:35:12,474079,0.2,0.0,8,0,   3083
2026-07-21 18:35:14,474079,0.2,0.0,8,0,   3085
2026-07-21 18:35:16,474079,0.2,0.0,8,0,   3087
2026-07-21 18:35:18,474079,0.2,0.0,8,0,   3089
2026-07-21 18:35:20,474079,0.2,0.0,8,0,   3091
2026-07-21 18:35:23,474079,0.2,0.0,8,0,   3093
2026-07-21 18:35:25,474079,0.2,0.0,8,0,   3095
2026-07-21 18:35:27,474079,0.2,0.0,8,0,   3098
2026-07-21 18:35:29,474079,0.2,0.0,8,0,   3100
2026-07-21 18:35:31,474079,0.2,0.0,8,0,   3102
2026-07-21 18:35:33,474079,0.2,0.0,8,0,   3104
2026-07-21 18:35:35,474079,0.2,0.0,8,0,   3106
2026-07-21 18:35:37,474079,0.2,0.0,8,0,   3108
2026-07-21 18:35:39,474079,0.2,0.0,8,0,   3110
2026-07-21 18:35:41,474079,0.2,0.0,8,0,   3112
2026-07-21 18:35:43,474079,0.2,0.0,8,0,   3114
2026-07-21 18:35:45,474079,0.2,0.0,8,0,   3116
2026-07-21 18:35:47,474079,0.2,0.0,8,0,   3118
2026-07-21 18:35:49,474079,0.2,0.0,8,0,   3120
2026-07-21 18:35:51,474079,0.2,0.0,8,0,   3122
2026-07-21 18:35:54,474079,0.2,0.0,8,0,   3124
2026-07-21 18:35:56,474079,0.2,0.0,8,0,   3127
2026-07-21 18:35:58,474079,0.2,0.0,8,0,   3129
2026-07-21 18:36:00,474079,0.2,0.0,8,1,   3131
2026-07-21 18:36:02,474079,0.2,0.0,8,0,   3133
2026-07-21 18:36:04,474079,0.2,0.0,8,0,   3135
2026-07-21 18:36:06,474079,0.2,0.0,8,0,   3137
2026-07-21 18:36:08,474079,0.2,0.0,8,0,   3139
2026-07-21 18:36:10,474079,0.2,0.0,8,0,   3141
2026-07-21 18:36:12,474079,0.2,0.0,8,0,   3143
2026-07-21 18:36:14,474079,0.2,0.0,8,0,   3145
2026-07-21 18:36:16,474079,0.2,0.0,8,0,   3147
2026-07-21 18:36:18,474079,0.2,0.0,8,0,   3149
2026-07-21 18:36:20,474079,0.2,0.0,8,0,   3151
2026-07-21 18:36:23,474079,0.2,0.0,8,0,   3153
2026-07-21 18:36:25,474079,0.2,0.0,8,0,   3156
2026-07-21 18:36:27,474079,0.2,0.0,8,0,   3158
2026-07-21 18:36:29,474079,0.2,0.0,8,0,   3160
2026-07-21 18:36:31,474079,0.2,0.0,8,1,   3162
2026-07-21 18:36:33,474079,0.2,0.0,8,1,   3164
2026-07-21 18:36:35,474079,0.2,0.0,8,1,   3166
2026-07-21 18:36:37,474079,0.2,0.0,8,1,   3168
2026-07-21 18:36:39,474079,0.2,0.0,8,1,   3170
2026-07-21 18:36:41,474079,0.2,0.0,8,1,   3172
2026-07-21 18:36:43,474079,0.2,0.0,8,1,   3174
2026-07-21 18:36:45,474079,0.2,0.0,8,1,   3176
2026-07-21 18:36:47,474079,0.2,0.0,8,1,   3178
2026-07-21 18:36:49,474079,0.2,0.0,8,1,   3180
2026-07-21 18:36:52,474079,0.2,0.0,8,1,   3182
2026-07-21 18:36:54,474079,0.2,0.0,8,1,   3185
2026-07-21 18:36:56,474079,0.2,0.0,8,1,   3187
2026-07-21 18:36:58,474079,0.2,0.0,8,1,   3189
2026-07-21 18:37:00,474079,0.2,0.0,8,1,   3191
2026-07-21 18:37:02,474079,0.2,0.0,8,1,   3193
2026-07-21 18:37:04,474079,0.2,0.0,8,1,   3195
2026-07-21 18:37:06,474079,0.2,0.0,8,1,   3197
2026-07-21 18:37:08,474079,0.2,0.0,8,1,   3199
2026-07-21 18:37:10,474079,0.2,0.0,8,1,   3201
2026-07-21 18:37:12,474079,0.2,0.0,8,1,   3203
2026-07-21 18:37:14,474079,0.2,0.0,8,1,   3205
2026-07-21 18:37:16,474079,0.2,0.0,8,1,   3207
2026-07-21 18:37:18,474079,0.2,0.0,8,1,   3209
2026-07-21 18:37:20,474079,0.2,0.0,8,1,   3211
2026-07-21 18:37:23,474079,0.2,0.0,8,1,   3214
2026-07-21 18:37:25,474079,0.2,0.0,8,1,   3216
2026-07-21 18:37:27,474079,0.2,0.0,8,1,   3218
2026-07-21 18:37:29,474079,0.2,0.0,8,1,   3220
2026-07-21 18:37:31,474079,0.2,0.0,8,1,   3222
2026-07-21 18:37:33,474079,0.2,0.0,8,1,   3224
2026-07-21 18:37:35,474079,0.2,0.0,8,1,   3226
2026-07-21 18:37:37,474079,0.2,0.0,8,1,   3228
2026-07-21 18:37:39,474079,0.2,0.0,8,1,   3230
2026-07-21 18:37:41,474079,0.2,0.0,8,1,   3232
2026-07-21 18:37:43,474079,0.2,0.0,8,1,   3234
2026-07-21 18:37:45,474079,0.2,0.0,8,1,   3236
2026-07-21 18:37:47,474079,0.2,0.0,8,1,   3238
2026-07-21 18:37:49,474079,0.2,0.0,8,1,   3240
2026-07-21 18:37:52,474079,0.2,0.0,8,1,   3242
2026-07-21 18:37:54,474079,0.2,0.0,8,1,   3245
2026-07-21 18:37:56,474079,0.2,0.0,8,1,   3247
2026-07-21 18:37:58,474079,0.2,0.0,8,1,   3249
2026-07-21 18:38:00,474079,0.2,0.0,8,1,   3251
2026-07-21 18:38:02,474079,0.2,0.0,8,1,   3253
2026-07-21 18:38:04,474079,0.2,0.0,8,1,   3255
2026-07-21 18:38:06,474079,0.2,0.0,8,1,   3257
2026-07-21 18:38:08,474079,0.2,0.0,8,1,   3259
2026-07-21 18:38:10,474079,0.2,0.0,8,1,   3261
2026-07-21 18:38:12,474079,0.2,0.0,8,1,   3263
2026-07-21 18:38:14,474079,0.2,0.0,8,1,   3265
2026-07-21 18:38:16,474079,0.2,0.0,8,1,   3267
2026-07-21 18:38:18,474079,0.2,0.0,8,1,   3269
2026-07-21 18:38:20,474079,0.2,0.0,8,1,   3271
2026-07-21 18:38:23,474079,0.2,0.0,8,1,   3273
2026-07-21 18:38:25,474079,0.2,0.0,8,1,   3276
2026-07-21 18:38:27,474079,0.2,0.0,8,1,   3278
2026-07-21 18:38:29,474079,0.2,0.0,8,1,   3280
2026-07-21 18:38:31,474079,0.2,0.0,8,1,   3282
2026-07-21 18:38:33,474079,0.2,0.0,8,1,   3284
2026-07-21 18:38:35,474079,0.3,0.0,8,1,   3286
2026-07-21 18:38:37,474079,0.2,0.0,8,1,   3288
2026-07-21 18:38:39,474079,0.2,0.0,8,1,   3290
2026-07-21 18:38:41,474079,0.2,0.0,8,1,   3292
2026-07-21 18:38:43,474079,0.2,0.0,8,1,   3294
2026-07-21 18:38:45,474079,0.2,0.0,8,1,   3296
2026-07-21 18:38:47,474079,0.2,0.0,8,1,   3298
2026-07-21 18:38:49,474079,0.2,0.0,8,1,   3300
2026-07-21 18:38:51,474079,0.2,0.0,8,1,   3302
2026-07-21 18:38:54,474079,0.2,0.0,8,1,   3304
2026-07-21 18:38:56,474079,0.2,0.0,8,1,   3307
2026-07-21 18:38:58,474079,0.2,0.0,8,1,   3309
2026-07-21 18:39:00,474079,0.2,0.0,8,1,   3311
2026-07-21 18:39:02,474079,0.2,0.0,8,1,   3313
2026-07-21 18:39:04,474079,0.2,0.0,8,1,   3315
2026-07-21 18:39:06,474079,0.3,0.0,8,1,   3317
2026-07-21 18:39:08,474079,0.3,0.0,8,1,   3319
2026-07-21 18:39:10,474079,0.2,0.0,8,1,   3321
2026-07-21 18:39:12,474079,0.2,0.0,8,1,   3323
2026-07-21 18:39:14,474079,0.2,0.0,8,1,   3325
2026-07-21 18:39:16,474079,0.2,0.0,8,1,   3327
2026-07-21 18:39:18,474079,0.2,0.0,8,1,   3329
2026-07-21 18:39:20,474079,0.2,0.0,8,1,   3331
2026-07-21 18:39:22,474079,0.2,0.0,8,1,   3333
2026-07-21 18:39:25,474079,0.2,0.0,8,1,   3335
2026-07-21 18:39:27,474079,0.2,0.0,8,1,   3338
2026-07-21 18:39:29,474079,0.2,0.0,8,1,   3340
2026-07-21 18:39:31,474079,0.2,0.0,8,1,   3342
2026-07-21 18:39:33,474079,0.2,0.0,8,1,   3344
2026-07-21 18:39:35,474079,0.2,0.0,8,1,   3346
2026-07-21 18:39:37,474079,0.3,0.0,8,1,   3348
2026-07-21 18:39:39,474079,0.2,0.0,8,1,   3350
2026-07-21 18:39:41,474079,0.2,0.0,8,1,   3352
2026-07-21 18:39:43,474079,0.2,0.0,8,1,   3354
2026-07-21 18:39:45,474079,0.2,0.0,8,1,   3356
2026-07-21 18:39:47,474079,0.2,0.0,8,1,   3358
2026-07-21 18:39:49,474079,0.2,0.0,8,1,   3360
2026-07-21 18:39:51,474079,0.2,0.0,8,1,   3362
2026-07-21 18:39:54,474079,0.2,0.0,8,1,   3364
2026-07-21 18:39:56,474079,0.2,0.0,8,1,   3367
2026-07-21 18:39:58,474079,0.2,0.0,8,1,   3369
2026-07-21 18:40:00,474079,0.2,0.0,8,1,   3371
2026-07-21 18:40:02,474079,0.2,0.0,8,1,   3373
2026-07-21 18:40:04,474079,0.2,0.0,8,1,   3375
2026-07-21 18:40:06,474079,0.2,0.0,8,1,   3377
2026-07-21 18:40:08,474079,0.3,0.0,8,1,   3379
2026-07-21 18:40:10,474079,0.3,0.0,8,1,   3381
2026-07-21 18:40:12,474079,0.2,0.0,8,1,   3383
2026-07-21 18:40:14,474079,0.2,0.0,8,1,   3385
2026-07-21 18:40:16,474079,0.2,0.0,8,1,   3387
2026-07-21 18:40:18,474079,0.2,0.0,8,1,   3389
2026-07-21 18:40:20,474079,0.2,0.0,8,1,   3391
2026-07-21 18:40:23,474079,0.2,0.0,8,1,   3393
2026-07-21 18:40:25,474079,0.2,0.0,8,1,   3396
2026-07-21 18:40:27,474079,0.2,0.0,8,1,   3398
2026-07-21 18:40:29,474079,0.2,0.0,8,1,   3400
2026-07-21 18:40:31,474079,0.2,0.0,8,1,   3402
2026-07-21 18:40:33,474079,0.2,0.0,8,1,   3404
2026-07-21 18:40:35,474079,0.2,0.0,8,1,   3406
2026-07-21 18:40:37,474079,0.3,0.0,8,1,   3408
2026-07-21 18:40:39,474079,0.3,0.0,8,1,   3410
2026-07-21 18:40:41,474079,0.3,0.0,8,1,   3412
2026-07-21 18:40:43,474079,0.2,0.0,8,1,   3414
2026-07-21 18:40:45,474079,0.2,0.0,8,1,   3416
2026-07-21 18:40:47,474079,0.2,0.0,8,1,   3418
2026-07-21 18:40:49,474079,0.2,0.0,8,1,   3420
2026-07-21 18:40:52,474079,0.2,0.0,8,1,   3422
2026-07-21 18:40:54,474079,0.2,0.0,8,1,   3424
2026-07-21 18:40:56,474079,0.2,0.0,8,1,   3427
2026-07-21 18:40:58,474079,0.2,0.0,8,1,   3429
2026-07-21 18:41:00,474079,0.2,0.0,8,1,   3431
2026-07-21 18:41:02,474079,0.2,0.0,8,1,   3433
2026-07-21 18:41:04,474079,0.2,0.0,8,1,   3435
2026-07-21 18:41:06,474079,0.2,0.0,8,1,   3437
2026-07-21 18:41:08,474079,0.3,0.0,8,1,   3439
2026-07-21 18:41:10,474079,0.3,0.0,8,1,   3441
2026-07-21 18:41:12,474079,0.3,0.0,8,1,   3443
2026-07-21 18:41:14,474079,0.3,0.0,8,1,   3445
2026-07-21 18:41:16,474079,0.3,0.0,8,1,   3447
2026-07-21 18:41:18,474079,0.3,0.0,8,1,   3449
2026-07-21 18:41:20,474079,0.2,0.0,8,1,   3451
2026-07-21 18:41:22,474079,0.2,0.0,8,1,   3453
2026-07-21 18:41:25,474079,0.2,0.0,8,1,   3455
2026-07-21 18:41:27,474079,0.2,0.0,8,1,   3458
2026-07-21 18:41:29,474079,0.2,0.0,8,1,   3460
2026-07-21 18:41:31,474079,0.2,0.0,8,1,   3462
2026-07-21 18:41:33,474079,0.2,0.0,8,1,   3464
2026-07-21 18:41:35,474079,0.2,0.0,8,1,   3466
2026-07-21 18:41:37,474079,0.2,0.0,8,1,   3468
2026-07-21 18:41:39,474079,0.3,0.0,8,1,   3470
2026-07-21 18:41:41,474079,0.3,0.0,8,1,   3472
2026-07-21 18:41:43,474079,0.3,0.0,8,1,   3474
2026-07-21 18:41:45,474079,0.3,0.0,8,1,   3476
2026-07-21 18:41:47,474079,0.3,0.0,8,1,   3478
2026-07-21 18:41:49,474079,0.2,0.0,8,1,   3480
2026-07-21 18:41:51,474079,0.2,0.0,8,1,   3482
2026-07-21 18:41:53,474079,0.2,0.0,8,1,   3484
2026-07-21 18:41:56,474079,0.2,0.0,8,1,   3486
2026-07-21 18:41:58,474079,0.2,0.0,8,1,   3489
2026-07-21 18:42:00,474079,0.2,0.0,8,1,   3491
2026-07-21 18:42:02,474079,0.2,0.0,8,1,   3493
2026-07-21 18:42:04,474079,0.2,0.0,8,1,   3495
2026-07-21 18:42:06,474079,0.2,0.0,8,1,   3497
2026-07-21 18:42:08,474079,0.2,0.0,8,1,   3499
2026-07-21 18:42:10,474079,0.3,0.0,8,1,   3501
2026-07-21 18:42:12,474079,0.3,0.0,8,1,   3503
2026-07-21 18:42:14,474079,0.3,0.0,8,1,   3505
2026-07-21 18:42:16,474079,0.3,0.0,8,1,   3507
2026-07-21 18:42:18,474079,0.3,0.0,8,1,   3509
2026-07-21 18:42:20,474079,0.2,0.0,8,1,   3511
2026-07-21 18:42:22,474079,0.2,0.0,8,1,   3513
2026-07-21 18:42:24,474079,0.2,0.0,8,1,   3515
2026-07-21 18:42:27,474079,0.2,0.0,8,1,   3517
2026-07-21 18:42:29,474079,0.2,0.0,8,1,   3520
2026-07-21 18:42:31,474079,0.2,0.0,8,1,   3522
2026-07-21 18:42:33,474079,0.2,0.0,8,1,   3524
2026-07-21 18:42:35,474079,0.2,0.0,8,1,   3526
2026-07-21 18:42:37,474079,0.2,0.0,8,1,   3528
2026-07-21 18:42:39,474079,0.2,0.0,8,1,   3530
2026-07-21 18:42:41,474079,0.3,0.0,8,1,   3532
2026-07-21 18:42:43,474079,0.3,0.0,8,1,   3534
2026-07-21 18:42:45,474079,0.3,0.0,8,1,   3536
2026-07-21 18:42:47,474079,0.3,0.0,8,1,   3538
2026-07-21 18:42:49,474079,0.3,0.0,8,1,   3540
2026-07-21 18:42:51,474079,0.3,0.0,8,1,   3542
2026-07-21 18:42:53,474079,0.2,0.0,8,1,   3544
2026-07-21 18:42:56,474079,0.2,0.0,8,1,   3546
2026-07-21 18:42:58,474079,0.2,0.0,8,1,   3549
2026-07-21 18:43:00,474079,0.2,0.0,8,1,   3551
2026-07-21 18:43:02,474079,0.2,0.0,8,1,   3553
2026-07-21 18:43:04,474079,0.2,0.0,8,1,   3555
2026-07-21 18:43:06,474079,0.2,0.0,8,1,   3557
2026-07-21 18:43:08,474079,0.2,0.0,8,1,   3559
2026-07-21 18:43:10,474079,0.2,0.0,8,1,   3561
2026-07-21 18:43:12,474079,0.3,0.0,8,1,   3563
2026-07-21 18:43:14,474079,0.3,0.0,8,1,   3565
2026-07-21 18:43:16,474079,0.3,0.0,8,1,   3567
2026-07-21 18:43:18,474079,0.3,0.0,8,1,   3569
2026-07-21 18:43:20,474079,0.3,0.0,8,1,   3571
2026-07-21 18:43:22,474079,0.3,0.0,8,1,   3573
2026-07-21 18:43:24,474079,0.3,0.0,8,1,   3575
2026-07-21 18:43:27,474079,0.2,0.0,8,1,   3577
2026-07-21 18:43:29,474079,0.2,0.0,8,1,   3580
2026-07-21 18:43:31,474079,0.2,0.0,8,1,   3582
2026-07-21 18:43:33,474079,0.2,0.0,8,1,   3584
2026-07-21 18:43:35,474079,0.2,0.0,8,1,   3586
2026-07-21 18:43:37,474079,0.2,0.0,8,1,   3588
2026-07-21 18:43:39,474079,0.2,0.0,8,1,   3590
2026-07-21 18:43:41,474079,0.2,0.0,8,1,   3592
2026-07-21 18:43:43,474079,0.3,0.0,8,1,   3594
2026-07-21 18:43:45,474079,0.3,0.0,8,1,   3596
2026-07-21 18:43:47,474079,0.3,0.0,8,1,   3598
2026-07-21 18:43:49,474079,0.3,0.0,8,1,   3600
2026-07-21 18:43:51,474079,0.3,0.0,8,1,   3602
2026-07-21 18:43:53,474079,0.3,0.0,8,1,   3604
2026-07-21 18:43:56,474079,0.2,0.0,8,1,   3606
2026-07-21 18:43:58,474079,0.3,0.0,8,1,   3609
2026-07-21 18:44:00,474079,0.2,0.0,8,1,   3611
2026-07-21 18:44:02,474079,0.2,0.0,8,1,   3613
2026-07-21 18:44:04,474079,0.2,0.0,8,1,   3615
2026-07-21 18:44:06,474079,0.2,0.0,8,1,   3617
2026-07-21 18:44:08,474079,0.2,0.0,8,1,   3619
2026-07-21 18:44:10,474079,0.2,0.0,8,1,   3621
2026-07-21 18:44:12,474079,0.3,0.0,8,1,   3623
2026-07-21 18:44:14,474079,0.3,0.0,8,1,   3625
2026-07-21 18:44:16,474079,0.3,0.0,8,1,   3627
2026-07-21 18:44:18,474079,0.3,0.0,8,1,   3629
2026-07-21 18:44:20,474079,0.3,0.0,8,1,   3631
2026-07-21 18:44:22,474079,0.3,0.0,8,1,   3633
2026-07-21 18:44:25,474079,0.3,0.0,8,1,   3635
2026-07-21 18:44:27,474079,0.3,0.0,8,1,   3638
2026-07-21 18:44:29,474079,0.3,0.0,8,1,   3640
2026-07-21 18:44:31,474079,0.3,0.0,8,1,   3642
2026-07-21 18:44:33,474079,0.2,0.0,8,1,   3644
2026-07-21 18:44:35,474079,0.2,0.0,8,1,   3646
2026-07-21 18:44:37,474079,0.2,0.0,8,1,   3648
2026-07-21 18:44:39,474079,0.2,0.0,8,1,   3650
2026-07-21 18:44:41,474079,0.2,0.0,8,1,   3652
2026-07-21 18:44:43,474079,0.3,0.0,8,1,   3654
2026-07-21 18:44:45,474079,0.3,0.0,8,1,   3656
2026-07-21 18:44:47,474079,0.3,0.0,8,1,   3658
2026-07-21 18:44:49,474079,0.3,0.0,8,1,   3660
2026-07-21 18:44:51,474079,0.3,0.0,8,1,   3662
2026-07-21 18:44:53,474079,0.3,0.0,8,1,   3664
2026-07-21 18:44:56,474079,0.3,0.0,8,1,   3666
2026-07-21 18:44:58,474079,0.3,0.0,8,1,   3669
2026-07-21 18:45:00,474079,0.3,0.0,8,1,   3671
2026-07-21 18:45:02,474079,0.3,0.0,8,1,   3673
2026-07-21 18:45:04,474079,0.2,0.0,8,1,   3675
2026-07-21 18:45:06,474079,0.2,0.0,8,1,   3677
2026-07-21 18:45:08,474079,0.2,0.0,8,1,   3679
2026-07-21 18:45:10,474079,0.2,0.0,8,1,   3681
2026-07-21 18:45:12,474079,0.2,0.0,8,1,   3683
2026-07-21 18:45:14,474079,0.3,0.0,8,1,   3685
2026-07-21 18:45:16,474079,0.3,0.0,8,1,   3687
2026-07-21 18:45:18,474079,0.3,0.0,8,1,   3689
2026-07-21 18:45:20,474079,0.3,0.0,8,1,   3691
2026-07-21 18:45:22,474079,0.3,0.0,8,1,   3693
2026-07-21 18:45:25,474079,0.3,0.0,8,1,   3695
2026-07-21 18:45:27,474079,0.3,0.0,8,1,   3698
2026-07-21 18:45:29,474079,0.3,0.0,8,1,   3700
2026-07-21 18:45:31,474079,0.3,0.0,8,1,   3702
2026-07-21 18:45:33,474079,0.3,0.0,8,1,   3704
2026-07-21 18:45:35,474079,0.3,0.0,8,1,   3706
2026-07-21 18:45:37,474079,0.2,0.0,8,1,   3708
2026-07-21 18:45:39,474079,0.2,0.0,8,1,   3710
2026-07-21 18:45:41,474079,0.2,0.0,8,1,   3712
2026-07-21 18:45:43,474079,0.2,0.0,8,1,   3714
2026-07-21 18:45:45,474079,0.3,0.0,8,1,   3716
2026-07-21 18:45:47,474079,0.3,0.0,8,1,   3718
2026-07-21 18:45:49,474079,0.3,0.0,8,1,   3720
2026-07-21 18:45:51,474079,0.3,0.0,8,1,   3722
2026-07-21 18:45:54,474079,0.3,0.0,8,1,   3724
2026-07-21 18:45:56,474079,0.3,0.0,8,1,   3727
2026-07-21 18:45:58,474079,0.3,0.0,8,1,   3729
2026-07-21 18:46:00,474079,0.3,0.0,8,1,   3731
2026-07-21 18:46:02,474079,0.3,0.0,8,1,   3733
2026-07-21 18:46:04,474079,0.3,0.0,8,1,   3735
2026-07-21 18:46:06,474079,0.3,0.0,8,1,   3737
2026-07-21 18:46:08,474079,0.3,0.0,8,1,   3739
2026-07-21 18:46:10,474079,0.2,0.0,8,1,   3741
2026-07-21 18:46:12,474079,0.2,0.0,8,1,   3743
2026-07-21 18:46:14,474079,0.2,0.0,8,1,   3745
2026-07-21 18:46:16,474079,0.3,0.0,8,1,   3747
2026-07-21 18:46:18,474079,0.3,0.0,8,1,   3749
2026-07-21 18:46:20,474079,0.3,0.0,8,1,   3751
2026-07-21 18:46:22,474079,0.3,0.0,8,1,   3753
2026-07-21 18:46:25,474079,0.3,0.0,8,1,   3755
2026-07-21 18:46:27,474079,0.3,0.0,8,1,   3758
2026-07-21 18:46:29,474079,0.3,0.0,8,1,   3760
2026-07-21 18:46:31,474079,0.3,0.0,8,1,   3762
2026-07-21 18:46:33,474079,0.3,0.0,8,1,   3764
2026-07-21 18:46:35,474079,0.3,0.0,8,1,   3766
2026-07-21 18:46:37,474079,0.3,0.0,8,1,   3768
2026-07-21 18:46:39,474079,0.2,0.0,8,1,   3770
2026-07-21 18:46:41,474079,0.2,0.0,8,1,   3772
2026-07-21 18:46:43,474079,0.2,0.0,8,1,   3774
2026-07-21 18:46:45,474079,0.2,0.0,8,1,   3776
2026-07-21 18:46:47,474079,0.3,0.0,8,1,   3778
2026-07-21 18:46:49,474079,0.3,0.0,8,1,   3780
2026-07-21 18:46:51,474079,0.3,0.0,8,1,   3782
2026-07-21 18:46:54,474079,0.3,0.0,8,1,   3784
2026-07-21 18:46:56,474079,0.3,0.0,8,1,   3786
2026-07-21 18:46:58,474079,0.3,0.0,8,1,   3789
2026-07-21 18:47:00,474079,0.3,0.0,8,1,   3791
2026-07-21 18:47:02,474079,0.3,0.0,8,1,   3793
2026-07-21 18:47:04,474079,0.3,0.0,8,1,   3795
2026-07-21 18:47:06,474079,0.3,0.0,8,1,   3797
2026-07-21 18:47:08,474079,0.3,0.0,8,1,   3799
2026-07-21 18:47:10,474079,0.2,0.0,8,1,   3801
2026-07-21 18:47:12,474079,0.2,0.0,8,1,   3803
2026-07-21 18:47:14,474079,0.2,0.0,8,1,   3805
2026-07-21 18:47:16,474079,0.2,0.0,8,1,   3807
2026-07-21 18:47:18,474079,0.3,0.0,8,1,   3809
2026-07-21 18:47:20,474079,0.3,0.0,8,1,   3811
2026-07-21 18:47:23,474079,0.3,0.0,8,1,   3813
2026-07-21 18:47:25,474079,0.3,0.0,8,1,   3816
2026-07-21 18:47:27,474079,0.3,0.0,8,1,   3818
2026-07-21 18:47:29,474079,0.3,0.0,8,1,   3820
2026-07-21 18:47:31,474079,0.3,0.0,8,1,   3822
2026-07-21 18:47:33,474079,0.3,0.0,8,1,   3824
2026-07-21 18:47:35,474079,0.3,0.0,8,1,   3826
2026-07-21 18:47:37,474079,0.3,0.0,8,1,   3828
2026-07-21 18:47:39,474079,0.3,0.0,8,1,   3830
2026-07-21 18:47:41,474079,0.3,0.0,8,1,   3832
2026-07-21 18:47:43,474079,0.2,0.0,8,1,   3834
2026-07-21 18:47:45,474079,0.2,0.0,8,1,   3836
2026-07-21 18:47:47,474079,0.3,0.0,8,1,   3838
2026-07-21 18:47:49,474079,0.3,0.0,8,1,   3840
2026-07-21 18:47:51,474079,0.3,0.0,8,1,   3842
2026-07-21 18:47:54,474079,0.3,0.0,8,1,   3844
2026-07-21 18:47:56,474079,0.3,0.0,8,1,   3846
2026-07-21 18:47:58,474079,0.3,0.0,8,1,   3849
2026-07-21 18:48:00,474079,0.3,0.0,8,1,   3851
2026-07-21 18:48:02,474079,0.3,0.0,8,1,   3853
2026-07-21 18:48:04,474079,0.3,0.0,8,1,   3855
2026-07-21 18:48:06,474079,0.3,0.0,8,1,   3857
2026-07-21 18:48:08,474079,0.3,0.0,8,1,   3859
2026-07-21 18:48:10,474079,0.3,0.0,8,1,   3861
2026-07-21 18:48:12,474079,0.3,0.0,8,1,   3863
2026-07-21 18:48:14,474079,0.3,0.0,8,1,   3865
2026-07-21 18:48:16,474079,0.2,0.0,8,1,   3867
2026-07-21 18:48:18,474079,0.3,0.0,8,1,   3869
2026-07-21 18:48:20,474079,0.3,0.0,8,1,   3871
2026-07-21 18:48:22,474079,0.3,0.0,8,1,   3873
2026-07-21 18:48:25,474079,0.3,0.0,8,1,   3875
2026-07-21 18:48:27,474079,0.3,0.0,8,1,   3878
2026-07-21 18:48:29,474079,0.3,0.0,8,1,   3880
2026-07-21 18:48:31,474079,0.3,0.0,8,1,   3882
2026-07-21 18:48:33,474079,0.3,0.0,8,1,   3884
2026-07-21 18:48:35,474079,0.3,0.0,8,1,   3886
2026-07-21 18:48:37,474079,0.3,0.0,8,1,   3888
2026-07-21 18:48:39,474079,0.3,0.0,8,1,   3890
