timestamp,pid,cpu_percent,mem_percent,mem_mb,uptime_sec
2026-07-22 15:52:50,3213520,0.5,0.0,8,2,   4048
2026-07-22 15:52:52,3213520,0.5,0.0,8,2,   4050
2026-07-22 15:52:54,3213520,0.5,0.0,8,2,   4052
2026-07-22 15:52:59,3493329,8.6,0.0,7,5,      1
2026-07-22 15:53:01,3493329,3.0,0.0,7,5,      3
2026-07-22 15:53:03,3493329,1.8,0.0,7,5,      5
2026-07-22 15:53:05,3493329,1.3,0.0,7,5,      7
2026-07-22 15:53:07,3493329,1.0,0.0,7,5,      9
2026-07-22 15:53:09,3493329,0.9,0.0,7,8,     11
2026-07-22 15:53:11,3493329,0.8,0.0,7,8,     13
2026-07-22 15:53:13,3493329,0.7,0.0,7,8,     15
2026-07-22 15:53:15,3493329,0.6,0.0,7,8,     17
2026-07-22 15:53:17,3493329,0.5,0.0,7,8,     19
2026-07-22 15:53:19,3493329,1.0,0.0,7,9,     21
2026-07-22 15:53:21,3493329,0.9,0.0,7,9,     24
2026-07-22 15:53:23,3493329,0.8,0.0,7,9,     26
2026-07-22 15:53:26,3493329,0.7,0.0,7,9,     28
2026-07-22 15:53:28,3493329,0.7,0.0,7,9,     30
2026-07-22 15:53:30,3493329,0.6,0.0,7,9,     32
2026-07-22 15:54:00,3496627,12.7,0.0,6,5,      0
2026-07-22 15:54:02,3496627,4.1,0.0,7,5,      2
2026-07-22 15:54:04,3496627,2.3,0.0,7,5,      4
2026-07-22 15:54:06,3496627,1.6,0.0,7,5,      6
2026-07-22 15:54:08,3496627,1.2,0.0,7,5,      8
2026-07-22 15:54:11,3496627,1.0,0.0,7,8,     11
2026-07-22 15:54:13,3496627,0.8,0.0,7,8,     13
2026-07-22 15:54:15,3496627,0.7,0.0,7,8,     15
2026-07-22 15:54:17,3496627,0.6,0.0,7,8,     17
2026-07-22 15:54:19,3496627,0.5,0.0,7,8,     19
2026-07-22 15:54:21,3496627,0.7,0.0,7,9,     21
2026-07-22 15:54:23,3496627,0.8,0.0,7,9,     23
2026-07-22 15:54:25,3496627,0.8,0.0,7,9,     25
2026-07-22 15:54:27,3496627,0.7,0.0,7,9,     27
2026-07-22 15:54:29,3496627,0.7,0.0,7,9,     29
2026-07-22 15:54:31,3496627,0.6,0.0,7,9,     31
2026-07-22 15:54:33,3496627,0.6,0.0,7,9,     33
2026-07-22 15:54:35,3496627,0.5,0.0,7,9,     35
2026-07-22 15:54:37,3496627,0.5,0.0,7,9,     37
2026-07-22 15:54:40,3496627,0.5,0.0,7,9,     40
2026-07-22 15:54:42,3496627,0.5,0.0,8,0,     42
2026-07-22 15:54:44,3496627,0.7,0.0,8,0,     44
2026-07-22 15:54:46,3496627,0.7,0.0,8,0,     46
2026-07-22 15:54:48,3496627,0.7,0.0,8,0,     48
2026-07-22 15:54:50,3496627,0.6,0.0,8,0,     50
2026-07-22 15:54:52,3496627,0.6,0.0,8,0,     52
2026-07-22 15:54:54,3496627,0.6,0.0,8,0,     54
2026-07-22 15:54:56,3496627,0.5,0.0,8,0,     56
2026-07-22 15:54:58,3496627,0.5,0.0,8,0,     58
2026-07-22 15:55:00,3496627,0.5,0.0,8,0,     60
2026-07-22 15:55:02,3496627,0.5,0.0,8,0,     62
2026-07-22 15:55:05,3496627,0.6,0.0,8,0,     65
2026-07-22 15:55:07,3496627,0.6,0.0,8,0,     67
2026-07-22 15:55:09,3496627,0.6,0.0,8,0,     69
2026-07-22 15:55:11,3496627,0.6,0.0,8,0,     71
2026-07-22 15:55:13,3496627,0.6,0.0,8,0,     73
2026-07-22 15:55:15,3496627,0.5,0.0,8,0,     75
2026-07-22 15:55:17,3496627,0.5,0.0,8,0,     77
2026-07-22 15:55:19,3496627,0.5,0.0,8,0,     79
2026-07-22 15:55:21,3496627,0.5,0.0,8,0,     81
2026-07-22 15:55:23,3496627,0.5,0.0,8,0,     83
2026-07-22 15:55:25,3496627,0.6,0.0,8,0,     85
2026-07-22 15:55:27,3496627,0.6,0.0,8,0,     87
2026-07-22 15:55:29,3496627,0.6,0.0,8,0,     89
2026-07-22 15:55:32,3496627,0.6,0.0,8,0,     92
2026-07-22 15:55:34,3496627,0.5,0.0,8,0,     94
2026-07-22 15:55:36,3496627,0.5,0.0,8,0,     96
2026-07-22 15:55:38,3496627,0.5,0.0,8,0,     98
2026-07-22 15:55:40,3496627,0.5,0.0,8,0,    100
2026-07-22 15:55:42,3496627,0.5,0.0,8,0,    102
2026-07-22 15:55:44,3496627,0.5,0.0,8,0,    104
2026-07-22 15:55:46,3496627,0.6,0.0,8,1,    106
2026-07-22 15:55:48,3496627,0.6,0.0,8,1,    108
2026-07-22 15:55:50,3496627,0.6,0.0,8,1,    110
2026-07-22 15:55:52,3496627,0.5,0.0,8,1,    112
2026-07-22 15:55:55,3496627,0.5,0.0,8,1,    115
2026-07-22 15:55:57,3496627,0.5,0.0,8,1,    117
2026-07-22 15:55:59,3496627,0.5,0.0,8,1,    119
2026-07-22 15:56:01,3496627,0.5,0.0,8,1,    121
2026-07-22 15:56:03,3496627,0.5,0.0,8,1,    123
2026-07-22 15:56:05,3496627,0.5,0.0,8,1,    125
2026-07-22 15:56:07,3496627,0.6,0.0,8,1,    127
2026-07-22 15:56:09,3496627,0.6,0.0,8,1,    129
2026-07-22 15:56:11,3496627,0.6,0.0,8,1,    131
2026-07-22 15:56:13,3496627,0.5,0.0,8,1,    133
2026-07-22 15:56:15,3496627,0.5,0.0,8,1,    135
2026-07-22 15:56:17,3496627,0.5,0.0,8,1,    137
2026-07-22 15:56:19,3496627,0.5,0.0,8,1,    139
2026-07-22 15:56:21,3496627,0.5,0.0,8,1,    141
2026-07-22 15:56:24,3496627,0.5,0.0,8,1,    144
2026-07-22 15:56:26,3496627,0.5,0.0,8,1,    146
2026-07-22 15:56:28,3496627,0.6,0.0,8,1,    148
2026-07-22 15:56:30,3496627,0.5,0.0,8,1,    150
2026-07-22 15:56:32,3496627,0.5,0.0,8,1,    152
2026-07-22 15:56:34,3496627,0.5,0.0,8,1,    154
2026-07-22 15:56:36,3496627,0.5,0.0,8,1,    156
2026-07-22 15:56:38,3496627,0.5,0.0,8,1,    158
2026-07-22 15:56:40,3496627,0.5,0.0,8,1,    160
2026-07-22 15:56:42,3496627,0.5,0.0,8,1,    162
2026-07-22 15:56:44,3496627,0.5,0.0,8,1,    164
2026-07-22 15:56:46,3496627,0.5,0.0,8,1,    166
2026-07-22 15:56:48,3496627,0.5,0.0,8,1,    168
2026-07-22 15:56:51,3496627,0.5,0.0,8,1,    171
2026-07-22 15:56:53,3496627,0.5,0.0,8,1,    173
2026-07-22 15:56:55,3496627,0.5,0.0,8,1,    175
2026-07-22 15:56:57,3496627,0.5,0.0,8,1,    177
2026-07-22 15:56:59,3496627,0.5,0.0,8,1,    179
2026-07-22 15:57:01,3496627,0.5,0.0,8,1,    181
2026-07-22 15:57:03,3496627,0.5,0.0,8,1,    183
2026-07-22 15:57:05,3496627,0.5,0.0,8,1,    185
2026-07-22 15:57:07,3496627,0.5,0.0,8,1,    187
2026-07-22 15:57:09,3496627,0.5,0.0,8,1,    189
2026-07-22 15:57:11,3496627,0.5,0.0,8,1,    191
2026-07-22 15:57:13,3496627,0.5,0.0,8,1,    193
2026-07-22 15:57:15,3496627,0.5,0.0,8,1,    195
2026-07-22 15:57:17,3496627,0.5,0.0,8,1,    197
2026-07-22 15:57:20,3496627,0.5,0.0,8,1,    200
2026-07-22 15:57:22,3496627,0.5,0.0,8,1,    202
2026-07-22 15:57:24,3496627,0.5,0.0,8,1,    204
2026-07-22 15:57:26,3496627,0.5,0.0,8,1,    206
2026-07-22 15:57:28,3496627,0.5,0.0,8,1,    208
2026-07-22 15:57:30,3496627,0.5,0.0,8,1,    210
2026-07-22 15:57:32,3496627,0.5,0.0,8,1,    212
2026-07-22 15:57:34,3496627,0.5,0.0,8,1,    214
2026-07-22 15:57:36,3496627,0.5,0.0,8,1,    216
2026-07-22 15:57:38,3496627,0.5,0.0,8,1,    218
2026-07-22 15:57:40,3496627,0.5,0.0,8,1,    220
2026-07-22 15:57:42,3496627,0.5,0.0,8,1,    222
2026-07-22 15:57:44,3496627,0.5,0.0,8,1,    224
2026-07-22 15:57:47,3496627,0.5,0.0,8,1,    227
2026-07-22 15:57:49,3496627,0.5,0.0,8,1,    229
2026-07-22 15:57:51,3496627,0.5,0.0,8,2,    231
2026-07-22 15:57:53,3496627,0.5,0.0,8,1,    233
2026-07-22 15:57:55,3496627,0.5,0.0,8,1,    235
2026-07-22 15:57:57,3496627,0.5,0.0,8,1,    237
2026-07-22 15:57:59,3496627,0.5,0.0,8,1,    239
2026-07-22 15:58:01,3496627,0.5,0.0,8,1,    241
2026-07-22 15:58:03,3496627,0.5,0.0,8,1,    243
2026-07-22 15:58:05,3496627,0.5,0.0,8,1,    245
2026-07-22 15:58:07,3496627,0.5,0.0,8,1,    247
2026-07-22 15:58:09,3496627,0.5,0.0,8,1,    249
2026-07-22 15:58:11,3496627,0.5,0.0,8,2,    252
2026-07-22 15:58:14,3496627,0.5,0.0,8,1,    254
2026-07-22 15:58:16,3496627,0.5,0.0,8,1,    256
2026-07-22 15:58:18,3496627,0.5,0.0,8,1,    258
2026-07-22 15:58:20,3496627,0.5,0.0,8,1,    260
2026-07-22 15:58:22,3496627,0.5,0.0,8,1,    262
2026-07-22 15:58:24,3496627,0.5,0.0,8,1,    264
2026-07-22 15:58:26,3496627,0.5,0.0,8,1,    266
2026-07-22 15:58:28,3496627,0.5,0.0,8,1,    268
2026-07-22 15:58:30,3496627,0.5,0.0,8,1,    270
2026-07-22 15:58:32,3496627,0.5,0.0,8,2,    272
2026-07-22 15:58:34,3496627,0.5,0.0,8,1,    274
2026-07-22 15:58:37,3496627,0.5,0.0,8,1,    276
2026-07-22 15:58:39,3496627,0.5,0.0,8,1,    279
2026-07-22 15:58:41,3496627,0.5,0.0,8,1,    281
2026-07-22 15:58:43,3496627,0.5,0.0,8,1,    283
2026-07-22 15:58:45,3496627,0.5,0.0,8,1,    285
2026-07-22 15:58:47,3496627,0.5,0.0,8,1,    287
2026-07-22 15:58:49,3496627,0.5,0.0,8,1,    289
2026-07-22 15:58:51,3496627,0.5,0.0,8,1,    291
2026-07-22 15:58:53,3496627,0.5,0.0,8,2,    293
2026-07-22 15:58:55,3496627,0.5,0.0,8,1,    295
2026-07-22 15:58:57,3496627,0.5,0.0,8,1,    297
2026-07-22 15:58:59,3496627,0.5,0.0,8,1,    299
2026-07-22 15:59:01,3496627,0.5,0.0,8,1,    301
2026-07-22 15:59:04,3496627,0.5,0.0,8,1,    304
2026-07-22 15:59:06,3496627,0.5,0.0,8,1,    306
2026-07-22 15:59:08,3496627,0.5,0.0,8,1,    308
2026-07-22 15:59:10,3496627,0.5,0.0,8,1,    310
2026-07-22 15:59:12,3496627,0.5,0.0,8,1,    312
2026-07-22 15:59:14,3496627,0.5,0.0,8,1,    314
2026-07-22 15:59:16,3496627,0.5,0.0,8,1,    316
2026-07-22 15:59:18,3496627,0.5,0.0,8,1,    318
2026-07-22 15:59:20,3496627,0.5,0.0,8,1,    320
2026-07-22 15:59:22,3496627,0.5,0.0,8,1,    322
2026-07-22 15:59:24,3496627,0.5,0.0,8,1,    324
2026-07-22 15:59:26,3496627,0.5,0.0,8,1,    326
2026-07-22 15:59:28,3496627,0.5,0.0,8,1,    328
2026-07-22 15:59:31,3496627,0.5,0.0,8,1,    331
2026-07-22 15:59:33,3496627,0.5,0.0,8,1,    333
2026-07-22 15:59:35,3496627,0.5,0.0,8,1,    335
2026-07-22 15:59:37,3496627,0.5,0.0,8,1,    337
2026-07-22 15:59:39,3496627,0.5,0.0,8,1,    339
2026-07-22 15:59:41,3496627,0.5,0.0,8,1,    341
2026-07-22 15:59:43,3496627,0.5,0.0,8,1,    343
2026-07-22 15:59:45,3496627,0.5,0.0,8,1,    345
2026-07-22 15:59:47,3496627,0.5,0.0,8,1,    347
2026-07-22 15:59:49,3496627,0.5,0.0,8,1,    349
2026-07-22 15:59:51,3496627,0.5,0.0,8,1,    351
2026-07-22 15:59:53,3496627,0.5,0.0,8,1,    353
2026-07-22 15:59:55,3496627,0.5,0.0,8,1,    355
2026-07-22 15:59:58,3496627,0.5,0.0,8,1,    358
2026-07-22 16:00:00,3496627,0.5,0.0,8,1,    360
2026-07-22 16:00:02,3496627,0.5,0.0,8,1,    362
2026-07-22 16:00:04,3496627,0.5,0.0,8,1,    364
2026-07-22 16:00:06,3496627,0.5,0.0,8,1,    366
2026-07-22 16:00:08,3496627,0.5,0.0,8,1,    368
2026-07-22 16:00:10,3496627,0.5,0.0,8,1,    370
2026-07-22 16:00:12,3496627,0.5,0.0,8,1,    372
2026-07-22 16:00:14,3496627,0.5,0.0,8,1,    374
2026-07-22 16:00:16,3496627,0.5,0.0,8,1,    376
2026-07-22 16:00:18,3496627,0.5,0.0,8,1,    378
2026-07-22 16:00:20,3496627,0.5,0.0,8,1,    380
2026-07-22 16:00:22,3496627,0.5,0.0,8,1,    382
2026-07-22 16:00:25,3496627,0.5,0.0,8,1,    385
2026-07-22 16:00:27,3496627,0.5,0.0,8,1,    387
2026-07-22 16:00:29,3496627,0.5,0.0,8,1,    389
2026-07-22 16:00:31,3496627,0.5,0.0,8,1,    391
2026-07-22 16:00:33,3496627,0.5,0.0,8,1,    393
2026-07-22 16:00:35,3496627,0.5,0.0,8,1,    395
2026-07-22 16:00:37,3496627,0.5,0.0,8,1,    397
2026-07-22 16:00:39,3496627,0.5,0.0,8,1,    399
2026-07-22 16:00:41,3496627,0.5,0.0,8,1,    401
2026-07-22 16:00:43,3496627,0.5,0.0,8,1,    403
2026-07-22 16:00:45,3496627,0.5,0.0,8,1,    405
2026-07-22 16:00:47,3496627,0.5,0.0,8,1,    407
2026-07-22 16:00:50,3496627,0.5,0.0,8,1,    410
2026-07-22 16:00:52,3496627,0.5,0.0,8,1,    412
2026-07-22 16:00:54,3496627,0.5,0.0,8,1,    414
2026-07-22 16:00:56,3496627,0.5,0.0,8,1,    416
2026-07-22 16:00:58,3496627,0.5,0.0,8,1,    418
2026-07-22 16:01:00,3496627,0.5,0.0,8,1,    420
2026-07-22 16:01:02,3496627,0.5,0.0,8,1,    422
2026-07-22 16:01:04,3496627,0.5,0.0,8,1,    424
2026-07-22 16:01:06,3496627,0.5,0.0,8,1,    426
2026-07-22 16:01:08,3496627,0.5,0.0,8,1,    428
2026-07-22 16:01:10,3496627,0.5,0.0,8,1,    430
2026-07-22 16:01:12,3496627,0.5,0.0,8,1,    432
2026-07-22 16:01:14,3496627,0.5,0.0,8,1,    434
2026-07-22 16:01:17,3496627,0.5,0.0,8,1,    437
2026-07-22 16:01:19,3496627,0.5,0.0,8,1,    439
2026-07-22 16:01:21,3496627,0.5,0.0,8,1,    441
2026-07-22 16:01:23,3496627,0.5,0.0,8,1,    443
2026-07-22 16:01:25,3496627,0.5,0.0,8,1,    445
2026-07-22 16:01:27,3496627,0.5,0.0,8,1,    447
2026-07-22 16:01:29,3496627,0.5,0.0,8,1,    449
2026-07-22 16:01:31,3496627,0.5,0.0,8,1,    451
2026-07-22 16:01:33,3496627,0.5,0.0,8,1,    453
2026-07-22 16:01:35,3496627,0.5,0.0,8,1,    455
2026-07-22 16:01:37,3496627,0.5,0.0,8,1,    457
2026-07-22 16:01:39,3496627,0.5,0.0,8,1,    459
2026-07-22 16:01:42,3496627,0.5,0.0,8,2,    462
2026-07-22 16:01:44,3496627,0.5,0.0,8,1,    464
2026-07-22 16:01:46,3496627,0.5,0.0,8,1,    466
2026-07-22 16:01:48,3496627,0.5,0.0,8,1,    468
2026-07-22 16:01:50,3496627,0.5,0.0,8,1,    470
2026-07-22 16:01:52,3496627,0.5,0.0,8,1,    472
2026-07-22 16:01:54,3496627,0.5,0.0,8,1,    474
2026-07-22 16:01:56,3496627,0.5,0.0,8,1,    476
2026-07-22 16:01:58,3496627,0.5,0.0,8,1,    478
2026-07-22 16:02:00,3496627,0.5,0.0,8,1,    480
2026-07-22 16:02:02,3496627,0.5,0.0,8,2,    482
2026-07-22 16:02:04,3496627,0.5,0.0,8,1,    484
2026-07-22 16:02:07,3496627,0.5,0.0,8,1,    487
2026-07-22 16:02:09,3496627,0.5,0.0,8,1,    489
2026-07-22 16:02:11,3496627,0.5,0.0,8,1,    491
2026-07-22 16:02:13,3496627,0.5,0.0,8,1,    493
2026-07-22 16:02:15,3496627,0.5,0.0,8,1,    495
2026-07-22 16:02:17,3496627,0.5,0.0,8,1,    497
2026-07-22 16:02:19,3496627,0.5,0.0,8,1,    499
2026-07-22 16:02:21,3496627,0.5,0.0,8,1,    501
2026-07-22 16:02:23,3496627,0.5,0.0,8,2,    503
2026-07-22 16:02:25,3496627,0.5,0.0,8,1,    505
2026-07-22 16:02:27,3496627,0.5,0.0,8,1,    507
2026-07-22 16:02:29,3496627,0.5,0.0,8,1,    509
2026-07-22 16:02:32,3496627,0.5,0.0,8,1,    512
2026-07-22 16:02:34,3496627,0.5,0.0,8,1,    514
2026-07-22 16:02:36,3496627,0.5,0.0,8,1,    516
2026-07-22 16:02:38,3496627,0.5,0.0,8,1,    518
2026-07-22 16:02:40,3496627,0.5,0.0,8,1,    520
2026-07-22 16:02:42,3496627,0.5,0.0,8,1,    522
2026-07-22 16:02:44,3496627,0.5,0.0,8,2,    524
2026-07-22 16:02:46,3496627,0.5,0.0,8,1,    526
2026-07-22 16:02:48,3496627,0.5,0.0,8,1,    528
2026-07-22 16:02:50,3496627,0.5,0.0,8,1,    530
2026-07-22 16:02:52,3496627,0.5,0.0,8,1,    532
2026-07-22 16:02:55,3496627,0.5,0.0,8,1,    535
2026-07-22 16:02:57,3496627,0.5,0.0,8,1,    537
2026-07-22 16:02:59,3496627,0.5,0.0,8,1,    539
2026-07-22 16:03:01,3496627,0.5,0.0,8,1,    541
2026-07-22 16:03:03,3496627,0.5,0.0,8,1,    543
2026-07-22 16:03:05,3496627,0.5,0.0,8,2,    545
2026-07-22 16:03:07,3496627,0.5,0.0,8,1,    547
2026-07-22 16:03:09,3496627,0.5,0.0,8,1,    549
2026-07-22 16:03:11,3496627,0.5,0.0,8,1,    551
2026-07-22 16:03:13,3496627,0.5,0.0,8,1,    553
2026-07-22 16:03:15,3496627,0.5,0.0,8,1,    555
2026-07-22 16:03:17,3496627,0.5,0.0,8,1,    557
2026-07-22 16:03:20,3496627,0.5,0.0,8,1,    560
2026-07-22 16:03:22,3496627,0.5,0.0,8,1,    562
2026-07-22 16:03:24,3496627,0.5,0.0,8,1,    564
2026-07-22 16:03:26,3496627,0.5,0.0,8,2,    566
2026-07-22 16:03:28,3496627,0.5,0.0,8,1,    568
2026-07-22 16:03:30,3496627,0.5,0.0,8,1,    570
2026-07-22 16:03:32,3496627,0.5,0.0,8,1,    572
2026-07-22 16:03:34,3496627,0.5,0.0,8,1,    574
2026-07-22 16:03:36,3496627,0.5,0.0,8,1,    576
2026-07-22 16:03:38,3496627,0.5,0.0,8,1,    578
2026-07-22 16:03:40,3496627,0.5,0.0,8,1,    580
2026-07-22 16:03:43,3496627,0.5,0.0,8,1,    582
2026-07-22 16:03:45,3496627,0.5,0.0,8,1,    585
2026-07-22 16:03:47,3496627,0.5,0.0,8,1,    587
2026-07-22 16:03:49,3496627,0.5,0.0,8,1,    589
2026-07-22 16:03:51,3496627,0.5,0.0,8,1,    591
2026-07-22 16:03:53,3496627,0.5,0.0,8,1,    593
2026-07-22 16:03:55,3496627,0.5,0.0,8,1,    595
2026-07-22 16:03:57,3496627,0.5,0.0,8,1,    597
2026-07-22 16:03:59,3496627,0.5,0.0,8,1,    599
2026-07-22 16:04:01,3496627,0.5,0.0,8,1,    601
2026-07-22 16:04:03,3496627,0.5,0.0,8,1,    603
2026-07-22 16:04:05,3496627,0.5,0.0,8,1,    605
2026-07-22 16:04:08,3496627,0.5,0.0,8,1,    608
2026-07-22 16:04:10,3496627,0.5,0.0,8,1,    610
2026-07-22 16:04:12,3496627,0.5,0.0,8,1,    612
2026-07-22 16:04:14,3496627,0.5,0.0,8,1,    614
2026-07-22 16:04:16,3496627,0.5,0.0,8,1,    616
2026-07-22 16:04:18,3496627,0.5,0.0,8,1,    618
2026-07-22 16:04:20,3496627,0.5,0.0,8,1,    620
2026-07-22 16:04:22,3496627,0.5,0.0,8,1,    622
2026-07-22 16:04:24,3496627,0.5,0.0,8,1,    624
2026-07-22 16:04:26,3496627,0.5,0.0,8,1,    626
2026-07-22 16:04:28,3496627,0.5,0.0,8,1,    628
2026-07-22 16:04:31,3496627,0.5,0.0,8,1,    631
2026-07-22 16:04:33,3496627,0.5,0.0,8,1,    633
2026-07-22 16:04:35,3496627,0.5,0.0,8,1,    635
2026-07-22 16:04:37,3496627,0.5,0.0,8,1,    637
2026-07-22 16:04:39,3496627,0.5,0.0,8,1,    639
2026-07-22 16:04:41,3496627,0.5,0.0,8,1,    641
2026-07-22 16:04:43,3496627,0.5,0.0,8,1,    643
2026-07-22 16:04:45,3496627,0.5,0.0,8,1,    645
2026-07-22 16:04:47,3496627,0.5,0.0,8,1,    647
2026-07-22 16:04:49,3496627,0.5,0.0,8,1,    649
2026-07-22 16:04:51,3496627,0.5,0.0,8,1,    651
2026-07-22 16:04:54,3496627,0.5,0.0,8,1,    654
2026-07-22 16:04:56,3496627,0.5,0.0,8,1,    656
2026-07-22 16:04:58,3496627,0.5,0.0,8,1,    658
2026-07-22 16:05:00,3496627,0.5,0.0,8,1,    660
2026-07-22 16:05:02,3496627,0.5,0.0,8,1,    662
2026-07-22 16:05:04,3496627,0.5,0.0,8,1,    664
2026-07-22 16:05:06,3496627,0.5,0.0,8,1,    666
2026-07-22 16:05:08,3496627,0.5,0.0,8,1,    668
2026-07-22 16:05:10,3496627,0.5,0.0,8,1,    670
2026-07-22 16:05:12,3496627,0.5,0.0,8,2,    672
2026-07-22 16:05:15,3496627,0.5,0.0,8,1,    675
2026-07-22 16:05:17,3496627,0.5,0.0,8,1,    677
2026-07-22 16:05:19,3496627,0.5,0.0,8,1,    679
2026-07-22 16:05:21,3496627,0.5,0.0,8,1,    681
2026-07-22 16:05:23,3496627,0.5,0.0,8,1,    683
2026-07-22 16:05:25,3496627,0.5,0.0,8,1,    685
2026-07-22 16:05:27,3496627,0.5,0.0,8,1,    687
2026-07-22 16:05:29,3496627,0.5,0.0,8,1,    689
2026-07-22 16:05:31,3496627,0.5,0.0,8,1,    691
2026-07-22 16:05:33,3496627,0.5,0.0,8,2,    693
2026-07-22 16:05:35,3496627,0.5,0.0,8,1,    695
2026-07-22 16:05:38,3496627,0.5,0.0,8,1,    698
2026-07-22 16:05:40,3496627,0.5,0.0,8,1,    700
2026-07-22 16:05:42,3496627,0.5,0.0,8,1,    702
2026-07-22 16:05:44,3496627,0.5,0.0,8,1,    704
2026-07-22 16:05:46,3496627,0.5,0.0,8,1,    706
2026-07-22 16:05:48,3496627,0.5,0.0,8,1,    708
2026-07-22 16:05:50,3496627,0.5,0.0,8,1,    710
2026-07-22 16:05:52,3496627,0.5,0.0,8,1,    712
2026-07-22 16:05:54,3496627,0.5,0.0,8,2,    714
2026-07-22 16:05:56,3496627,0.5,0.0,8,1,    716
2026-07-22 16:05:58,3496627,0.5,0.0,8,1,    718
2026-07-22 16:06:01,3496627,0.5,0.0,8,1,    721
2026-07-22 16:06:03,3496627,0.5,0.0,8,1,    723
2026-07-22 16:06:05,3496627,0.5,0.0,8,1,    725
2026-07-22 16:06:07,3496627,0.5,0.0,8,1,    727
2026-07-22 16:06:09,3496627,0.5,0.0,8,1,    729
2026-07-22 16:06:11,3496627,0.5,0.0,8,1,    731
2026-07-22 16:06:13,3496627,0.5,0.0,8,1,    733
2026-07-22 16:06:15,3496627,0.5,0.0,8,2,    735
2026-07-22 16:06:17,3496627,0.5,0.0,8,1,    737
2026-07-22 16:06:19,3496627,0.5,0.0,8,1,    739
2026-07-22 16:06:21,3496627,0.5,0.0,8,1,    741
2026-07-22 16:06:24,3496627,0.5,0.0,8,1,    744
2026-07-22 16:06:26,3496627,0.5,0.0,8,1,    746
2026-07-22 16:06:28,3496627,0.5,0.0,8,1,    748
2026-07-22 16:06:30,3496627,0.5,0.0,8,1,    750
2026-07-22 16:06:32,3496627,0.5,0.0,8,1,    752
2026-07-22 16:06:34,3496627,0.5,0.0,8,1,    754
2026-07-22 16:06:36,3496627,0.5,0.0,8,2,    756
2026-07-22 16:06:38,3496627,0.5,0.0,8,1,    758
2026-07-22 16:06:40,3496627,0.5,0.0,8,1,    760
2026-07-22 16:06:42,3496627,0.5,0.0,8,1,    762
2026-07-22 16:06:44,3496627,0.5,0.0,8,1,    764
2026-07-22 16:06:47,3496627,0.5,0.0,8,1,    767
2026-07-22 16:06:49,3496627,0.5,0.0,8,1,    769
2026-07-22 16:06:51,3496627,0.5,0.0,8,1,    771
2026-07-22 16:06:53,3496627,0.5,0.0,8,1,    773
2026-07-22 16:06:55,3496627,0.5,0.0,8,1,    775
2026-07-22 16:06:57,3496627,0.5,0.0,8,2,    777
2026-07-22 16:06:59,3496627,0.5,0.0,8,1,    779
2026-07-22 16:07:01,3496627,0.5,0.0,8,1,    781
2026-07-22 16:07:03,3496627,0.5,0.0,8,1,    783
2026-07-22 16:07:05,3496627,0.5,0.0,8,1,    785
2026-07-22 16:07:08,3496627,0.5,0.0,8,1,    788
2026-07-22 16:07:10,3496627,0.5,0.0,8,1,    790
2026-07-22 16:07:12,3496627,0.5,0.0,8,1,    792
2026-07-22 16:07:14,3496627,0.5,0.0,8,1,    794
2026-07-22 16:07:16,3496627,0.5,0.0,8,1,    796
2026-07-22 16:07:18,3496627,0.5,0.0,8,1,    798
2026-07-22 16:07:20,3496627,0.5,0.0,8,1,    800
2026-07-22 16:07:22,3496627,0.5,0.0,8,1,    802
2026-07-22 16:07:24,3496627,0.5,0.0,8,1,    804
2026-07-22 16:07:26,3496627,0.5,0.0,8,1,    806
2026-07-22 16:07:28,3496627,0.5,0.0,8,1,    808
2026-07-22 16:07:31,3496627,0.5,0.0,8,1,    811
2026-07-22 16:07:33,3496627,0.5,0.0,8,1,    813
2026-07-22 16:07:35,3496627,0.5,0.0,8,1,    815
2026-07-22 16:07:37,3496627,0.5,0.0,8,1,    817
2026-07-22 16:07:39,3496627,0.5,0.0,8,1,    819
2026-07-22 16:07:41,3496627,0.5,0.0,8,1,    821
2026-07-22 16:07:43,3496627,0.5,0.0,8,1,    823
2026-07-22 16:07:45,3496627,0.5,0.0,8,1,    825
2026-07-22 16:07:47,3496627,0.5,0.0,8,1,    827
2026-07-22 16:07:49,3496627,0.5,0.0,8,1,    829
2026-07-22 16:07:51,3496627,0.5,0.0,8,1,    831
2026-07-22 16:07:53,3496627,0.5,0.0,8,1,    833
2026-07-22 16:07:56,3496627,0.5,0.0,8,1,    836
2026-07-22 16:07:58,3496627,0.5,0.0,8,1,    838
2026-07-22 16:08:00,3496627,0.5,0.0,8,1,    840
2026-07-22 16:08:02,3496627,0.5,0.0,8,1,    842
2026-07-22 16:08:04,3496627,0.5,0.0,8,1,    844
2026-07-22 16:08:06,3496627,0.5,0.0,8,1,    846
2026-07-22 16:08:08,3496627,0.5,0.0,8,1,    848
2026-07-22 16:08:10,3496627,0.5,0.0,8,1,    850
2026-07-22 16:08:12,3496627,0.5,0.0,8,1,    852
2026-07-22 16:08:14,3496627,0.5,0.0,8,1,    854
2026-07-22 16:08:16,3496627,0.5,0.0,8,1,    856
2026-07-22 16:08:19,3496627,0.5,0.0,8,1,    859
2026-07-22 16:08:21,3496627,0.5,0.0,8,1,    861
2026-07-22 16:08:23,3496627,0.5,0.0,8,1,    863
2026-07-22 16:08:25,3496627,0.5,0.0,8,1,    865
2026-07-22 16:08:27,3496627,0.5,0.0,8,1,    867
2026-07-22 16:08:29,3496627,0.5,0.0,8,1,    869
2026-07-22 16:08:31,3496627,0.5,0.0,8,1,    871
2026-07-22 16:08:33,3496627,0.5,0.0,8,1,    873
2026-07-22 16:08:35,3496627,0.5,0.0,8,1,    875
2026-07-22 16:08:37,3496627,0.5,0.0,8,1,    877
2026-07-22 16:08:40,3496627,0.5,0.0,8,1,    880
2026-07-22 16:08:42,3496627,0.5,0.0,8,1,    882
2026-07-22 16:08:44,3496627,0.5,0.0,8,1,    884
2026-07-22 16:08:46,3496627,0.5,0.0,8,1,    886
2026-07-22 16:08:48,3496627,0.5,0.0,8,1,    888
2026-07-22 16:08:50,3496627,0.5,0.0,8,1,    890
2026-07-22 16:08:52,3496627,0.5,0.0,8,1,    892
2026-07-22 16:08:54,3496627,0.5,0.0,8,1,    894
2026-07-22 16:08:56,3496627,0.5,0.0,8,1,    896
2026-07-22 16:08:58,3496627,0.5,0.0,8,1,    898
2026-07-22 16:09:00,3496627,0.5,0.0,8,1,    900
2026-07-22 16:09:02,3496627,0.5,0.0,8,1,    902
2026-07-22 16:09:05,3496627,0.5,0.0,8,2,    905
2026-07-22 16:09:07,3496627,0.5,0.0,8,1,    907
2026-07-22 16:09:09,3496627,0.5,0.0,8,1,    909
2026-07-22 16:09:11,3496627,0.5,0.0,8,1,    911
2026-07-22 16:09:13,3496627,0.5,0.0,8,1,    913
2026-07-22 16:09:15,3496627,0.5,0.0,8,1,    915
2026-07-22 16:09:17,3496627,0.5,0.0,8,1,    917
2026-07-22 16:09:19,3496627,0.5,0.0,8,1,    919
2026-07-22 16:09:21,3496627,0.5,0.0,8,1,    921
2026-07-22 16:09:23,3496627,0.5,0.0,8,1,    923
2026-07-22 16:09:25,3496627,0.5,0.0,8,2,    925
2026-07-22 16:09:28,3496627,0.5,0.0,8,1,    928
2026-07-22 16:09:30,3496627,0.5,0.0,8,1,    930
2026-07-22 16:09:32,3496627,0.5,0.0,8,1,    932
2026-07-22 16:09:34,3496627,0.5,0.0,8,1,    934
2026-07-22 16:09:36,3496627,0.5,0.0,8,1,    936
2026-07-22 16:09:38,3496627,0.5,0.0,8,1,    938
2026-07-22 16:09:40,3496627,0.5,0.0,8,1,    940
2026-07-22 16:09:42,3496627,0.5,0.0,8,1,    942
2026-07-22 16:09:44,3496627,0.5,0.0,8,1,    944
2026-07-22 16:09:46,3496627,0.5,0.0,8,2,    946
2026-07-22 16:09:49,3496627,0.5,0.0,8,1,    949
2026-07-22 16:09:51,3496627,0.5,0.0,8,1,    951
2026-07-22 16:09:53,3496627,0.5,0.0,8,1,    953
2026-07-22 16:09:55,3496627,0.5,0.0,8,1,    955
2026-07-22 16:09:57,3496627,0.5,0.0,8,1,    957
2026-07-22 16:09:59,3496627,0.5,0.0,8,1,    959
2026-07-22 16:10:01,3496627,0.5,0.0,8,1,    961
2026-07-22 16:10:03,3496627,0.5,0.0,8,1,    963
2026-07-22 16:10:05,3496627,0.5,0.0,8,1,    965
2026-07-22 16:10:07,3496627,0.5,0.0,8,2,    967
2026-07-22 16:10:09,3496627,0.5,0.0,8,1,    969
2026-07-22 16:10:12,3496627,0.5,0.0,8,1,    972
2026-07-22 16:10:14,3496627,0.5,0.0,8,1,    974
2026-07-22 16:10:16,3496627,0.5,0.0,8,1,    976
2026-07-22 16:10:18,3496627,0.5,0.0,8,1,    978
2026-07-22 16:10:20,3496627,0.5,0.0,8,1,    980
2026-07-22 16:10:22,3496627,0.5,0.0,8,1,    982
2026-07-22 16:10:24,3496627,0.5,0.0,8,1,    984
2026-07-22 16:10:26,3496627,0.5,0.0,8,1,    986
2026-07-22 16:10:28,3496627,0.5,0.0,8,2,    988
2026-07-22 16:10:30,3496627,0.5,0.0,8,1,    990
2026-07-22 16:10:32,3496627,0.5,0.0,8,1,    993
2026-07-22 16:10:35,3496627,0.5,0.0,8,1,    995
2026-07-22 16:10:37,3496627,0.5,0.0,8,1,    997
2026-07-22 16:10:39,3496627,0.5,0.0,8,1,    999
2026-07-22 16:10:41,3496627,0.5,0.0,8,1,   1001
2026-07-22 16:10:43,3496627,0.5,0.0,8,1,   1003
2026-07-22 16:10:45,3496627,0.5,0.0,8,1,   1005
2026-07-22 16:10:47,3496627,0.5,0.0,8,1,   1007
2026-07-22 16:10:49,3496627,0.5,0.0,8,2,   1009
2026-07-22 16:10:51,3496627,0.5,0.0,8,1,   1011
2026-07-22 16:10:53,3496627,0.5,0.0,8,1,   1013
2026-07-22 16:10:56,3496627,0.5,0.0,8,1,   1016
2026-07-22 16:10:58,3496627,0.5,0.0,8,1,   1018
2026-07-22 16:11:00,3496627,0.5,0.0,8,1,   1020
2026-07-22 16:11:02,3496627,0.5,0.0,8,1,   1022
2026-07-22 16:11:04,3496627,0.5,0.0,8,1,   1024
2026-07-22 16:11:06,3496627,0.5,0.0,8,1,   1026
2026-07-22 16:11:08,3496627,0.5,0.0,8,1,   1028
2026-07-22 16:11:10,3496627,0.5,0.0,8,1,   1030
2026-07-22 16:11:12,3496627,0.5,0.0,8,1,   1032
2026-07-22 16:11:14,3496627,0.5,0.0,8,1,   1034
2026-07-22 16:11:16,3496627,0.5,0.0,8,1,   1036
2026-07-22 16:11:19,3496627,0.5,0.0,8,1,   1039
2026-07-22 16:11:21,3496627,0.5,0.0,8,1,   1041
2026-07-22 16:11:23,3496627,0.5,0.0,8,1,   1043
2026-07-22 16:11:25,3496627,0.5,0.0,8,1,   1045
2026-07-22 16:11:27,3496627,0.5,0.0,8,1,   1047
2026-07-22 16:11:29,3496627,0.5,0.0,8,1,   1049
2026-07-22 16:11:31,3496627,0.5,0.0,8,1,   1051
2026-07-22 16:11:33,3496627,0.5,0.0,8,1,   1053
2026-07-22 16:11:35,3496627,0.5,0.0,8,1,   1055
2026-07-22 16:11:37,3496627,0.5,0.0,8,1,   1057
2026-07-22 16:11:39,3496627,0.5,0.0,8,1,   1059
2026-07-22 16:11:42,3496627,0.5,0.0,8,1,   1062
2026-07-22 16:11:44,3496627,0.5,0.0,8,1,   1064
2026-07-22 16:11:46,3496627,0.5,0.0,8,1,   1066
2026-07-22 16:11:48,3496627,0.5,0.0,8,1,   1068
2026-07-22 16:11:50,3496627,0.5,0.0,8,1,   1070
2026-07-22 16:11:52,3496627,0.5,0.0,8,1,   1072
2026-07-22 16:11:54,3496627,0.5,0.0,8,1,   1074
2026-07-22 16:11:56,3496627,0.5,0.0,8,1,   1076
2026-07-22 16:11:58,3496627,0.5,0.0,8,1,   1078
2026-07-22 16:12:00,3496627,0.5,0.0,8,1,   1080
2026-07-22 16:12:02,3496627,0.5,0.0,8,1,   1082
2026-07-22 16:12:05,3496627,0.5,0.0,8,1,   1085
2026-07-22 16:12:07,3496627,0.5,0.0,8,1,   1087
2026-07-22 16:12:09,3496627,0.5,0.0,8,1,   1089
2026-07-22 16:12:11,3496627,0.5,0.0,8,1,   1091
2026-07-22 16:12:13,3496627,0.5,0.0,8,1,   1093
2026-07-22 16:12:15,3496627,0.5,0.0,8,1,   1095
2026-07-22 16:12:17,3496627,0.5,0.0,8,1,   1097
2026-07-22 16:12:19,3496627,0.5,0.0,8,1,   1099
2026-07-22 16:12:21,3496627,0.5,0.0,8,1,   1101
2026-07-22 16:12:23,3496627,0.5,0.0,8,1,   1103
2026-07-22 16:12:25,3496627,0.5,0.0,8,1,   1105
2026-07-22 16:12:28,3496627,0.5,0.0,8,1,   1108
2026-07-22 16:12:30,3496627,0.5,0.0,8,1,   1110
2026-07-22 16:12:32,3496627,0.5,0.0,8,1,   1112
2026-07-22 16:12:34,3496627,0.5,0.0,8,1,   1114
2026-07-22 16:12:36,3496627,0.5,0.0,8,1,   1116
2026-07-22 16:12:38,3496627,0.5,0.0,8,1,   1118
2026-07-22 16:12:40,3496627,0.5,0.0,8,1,   1120
2026-07-22 16:12:42,3496627,0.5,0.0,8,1,   1122
2026-07-22 16:12:44,3496627,0.5,0.0,8,1,   1124
2026-07-22 16:12:46,3496627,0.5,0.0,8,1,   1126
2026-07-22 16:12:49,3496627,0.5,0.0,8,1,   1129
2026-07-22 16:12:51,3496627,0.5,0.0,8,1,   1131
2026-07-22 16:12:53,3496627,0.5,0.0,8,1,   1133
2026-07-22 16:12:55,3496627,0.5,0.0,8,1,   1135
2026-07-22 16:12:57,3496627,0.5,0.0,8,1,   1137
2026-07-22 16:12:59,3496627,0.5,0.0,8,1,   1139
2026-07-22 16:13:01,3496627,0.5,0.0,8,1,   1141
2026-07-22 16:13:03,3496627,0.5,0.0,8,1,   1143
2026-07-22 16:13:05,3496627,0.5,0.0,8,1,   1145
2026-07-22 16:13:07,3496627,0.5,0.0,8,1,   1147
2026-07-22 16:13:09,3496627,0.5,0.0,8,1,   1149
2026-07-22 16:13:11,3496627,0.5,0.0,8,1,   1151
2026-07-22 16:13:14,3496627,0.5,0.0,8,1,   1154
2026-07-22 16:13:16,3496627,0.5,0.0,8,1,   1156
2026-07-22 16:13:18,3496627,0.5,0.0,8,2,   1158
2026-07-22 16:13:20,3496627,0.5,0.0,8,1,   1160
2026-07-22 16:13:22,3496627,0.5,0.0,8,1,   1162
2026-07-22 16:13:24,3496627,0.5,0.0,8,1,   1164
2026-07-22 16:13:26,3496627,0.5,0.0,8,1,   1166
2026-07-22 16:13:28,3496627,0.5,0.0,8,1,   1168
2026-07-22 16:13:30,3496627,0.5,0.0,8,1,   1170
2026-07-22 16:13:32,3496627,0.5,0.0,8,1,   1172
2026-07-22 16:13:34,3496627,0.5,0.0,8,1,   1174
2026-07-22 16:13:37,3496627,0.5,0.0,8,1,   1177
2026-07-22 16:13:39,3496627,0.5,0.0,8,2,   1179
2026-07-22 16:13:41,3496627,0.5,0.0,8,1,   1181
2026-07-22 16:13:43,3496627,0.5,0.0,8,1,   1183
2026-07-22 16:13:45,3496627,0.5,0.0,8,1,   1185
2026-07-22 16:13:47,3496627,0.5,0.0,8,1,   1187
2026-07-22 16:13:49,3496627,0.5,0.0,8,1,   1189
2026-07-22 16:13:51,3496627,0.5,0.0,8,1,   1191
2026-07-22 16:13:53,3496627,0.5,0.0,8,1,   1193
2026-07-22 16:13:55,3496627,0.5,0.0,8,1,   1195
2026-07-22 16:13:57,3496627,0.5,0.0,8,1,   1197
2026-07-22 16:14:00,3496627,0.5,0.0,8,2,   1200
2026-07-22 16:14:02,3496627,0.5,0.0,8,1,   1202
2026-07-22 16:14:04,3496627,0.5,0.0,8,1,   1204
2026-07-22 16:14:06,3496627,0.5,0.0,8,1,   1206
2026-07-22 16:14:08,3496627,0.5,0.0,8,1,   1208
2026-07-22 16:14:10,3496627,0.5,0.0,8,1,   1210
2026-07-22 16:14:12,3496627,0.5,0.0,8,1,   1212
2026-07-22 16:14:14,3496627,0.5,0.0,8,1,   1214
2026-07-22 16:14:16,3496627,0.5,0.0,8,1,   1216
2026-07-22 16:14:18,3496627,0.5,0.0,8,1,   1218
2026-07-22 16:14:21,3496627,0.5,0.0,8,2,   1221
2026-07-22 16:14:23,3496627,0.5,0.0,8,1,   1223
2026-07-22 16:14:25,3496627,0.5,0.0,8,1,   1225
2026-07-22 16:14:27,3496627,0.5,0.0,8,1,   1227
2026-07-22 16:14:29,3496627,0.5,0.0,8,1,   1229
2026-07-22 16:14:31,3496627,0.5,0.0,8,1,   1231
2026-07-22 16:14:33,3496627,0.5,0.0,8,1,   1233
2026-07-22 16:14:35,3496627,0.5,0.0,8,1,   1235
2026-07-22 16:14:37,3496627,0.5,0.0,8,1,   1237
2026-07-22 16:14:39,3496627,0.5,0.0,8,1,   1239
2026-07-22 16:14:41,3496627,0.5,0.0,8,2,   1241
2026-07-22 16:14:44,3496627,0.5,0.0,8,1,   1244
2026-07-22 16:14:46,3496627,0.5,0.0,8,1,   1246
2026-07-22 16:14:48,3496627,0.5,0.0,8,1,   1248
2026-07-22 16:14:50,3496627,0.5,0.0,8,1,   1250
2026-07-22 16:14:52,3496627,0.5,0.0,8,1,   1252
2026-07-22 16:14:54,3496627,0.5,0.0,8,1,   1254
2026-07-22 16:14:56,3496627,0.5,0.0,8,1,   1256
2026-07-22 16:14:58,3496627,0.5,0.0,8,1,   1258
2026-07-22 16:15:00,3496627,0.5,0.0,8,1,   1260
2026-07-22 16:15:02,3496627,0.5,0.0,8,1,   1262
2026-07-22 16:15:04,3496627,0.5,0.0,8,1,   1264
2026-07-22 16:15:07,3496627,0.5,0.0,8,1,   1267
2026-07-22 16:15:09,3496627,0.5,0.0,8,1,   1269
2026-07-22 16:15:11,3496627,0.5,0.0,8,1,   1271
2026-07-22 16:15:13,3496627,0.5,0.0,8,1,   1273
2026-07-22 16:15:15,3496627,0.5,0.0,8,1,   1275
2026-07-22 16:15:17,3496627,0.5,0.0,8,1,   1277
2026-07-22 16:15:19,3496627,0.5,0.0,8,1,   1279
2026-07-22 16:15:21,3496627,0.5,0.0,8,1,   1281
2026-07-22 16:15:23,3496627,0.5,0.0,8,1,   1283
2026-07-22 16:15:25,3496627,0.5,0.0,8,1,   1285
2026-07-22 16:15:27,3496627,0.5,0.0,8,1,   1287
2026-07-22 16:15:30,3496627,0.5,0.0,8,1,   1290
2026-07-22 16:15:32,3496627,0.5,0.0,8,1,   1292
2026-07-22 16:15:34,3496627,0.5,0.0,8,1,   1294
2026-07-22 16:15:36,3496627,0.5,0.0,8,1,   1296
2026-07-22 16:15:38,3496627,0.5,0.0,8,1,   1298
2026-07-22 16:15:40,3496627,0.5,0.0,8,1,   1300
2026-07-22 16:15:42,3496627,0.5,0.0,8,1,   1302
2026-07-22 16:15:44,3496627,0.5,0.0,8,1,   1304
2026-07-22 16:15:46,3496627,0.5,0.0,8,1,   1306
2026-07-22 16:15:48,3496627,0.5,0.0,8,1,   1308
2026-07-22 16:15:50,3496627,0.5,0.0,8,1,   1310
2026-07-22 16:15:53,3496627,0.5,0.0,8,1,   1313
2026-07-22 16:15:55,3496627,0.5,0.0,8,1,   1315
2026-07-22 16:15:57,3496627,0.5,0.0,8,1,   1317
2026-07-22 16:15:59,3496627,0.5,0.0,8,1,   1319
2026-07-22 16:16:01,3496627,0.5,0.0,8,1,   1321
2026-07-22 16:16:03,3496627,0.5,0.0,8,1,   1323
2026-07-22 16:16:05,3496627,0.5,0.0,8,1,   1325
2026-07-22 16:16:07,3496627,0.5,0.0,8,1,   1327
2026-07-22 16:16:09,3496627,0.5,0.0,8,1,   1329
2026-07-22 16:16:11,3496627,0.5,0.0,8,1,   1331
2026-07-22 16:16:13,3496627,0.5,0.0,8,1,   1333
2026-07-22 16:16:16,3496627,0.5,0.0,8,1,   1336
2026-07-22 16:16:18,3496627,0.5,0.0,8,1,   1338
2026-07-22 16:16:20,3496627,0.5,0.0,8,1,   1340
2026-07-22 16:16:22,3496627,0.5,0.0,8,1,   1342
2026-07-22 16:16:24,3496627,0.5,0.0,8,1,   1344
2026-07-22 16:16:26,3496627,0.5,0.0,8,1,   1346
2026-07-22 16:16:28,3496627,0.5,0.0,8,1,   1348
2026-07-22 16:16:30,3496627,0.5,0.0,8,1,   1350
2026-07-22 16:16:32,3496627,0.5,0.0,8,1,   1352
2026-07-22 16:16:34,3496627,0.5,0.0,8,1,   1354
2026-07-22 16:16:36,3496627,0.5,0.0,8,1,   1356
2026-07-22 16:16:38,3496627,0.5,0.0,8,1,   1358
2026-07-22 16:16:41,3496627,0.5,0.0,8,1,   1361
2026-07-22 16:16:43,3496627,0.5,0.0,8,1,   1363
2026-07-22 16:16:45,3496627,0.5,0.0,8,1,   1365
2026-07-22 16:16:47,3496627,0.5,0.0,8,1,   1367
2026-07-22 16:16:49,3496627,0.5,0.0,8,2,   1369
2026-07-22 16:16:51,3496627,0.5,0.0,8,1,   1371
2026-07-22 16:16:53,3496627,0.5,0.0,8,1,   1373
2026-07-22 16:16:55,3496627,0.5,0.0,8,1,   1375
2026-07-22 16:16:57,3496627,0.5,0.0,8,1,   1377
2026-07-22 16:16:59,3496627,0.5,0.0,8,1,   1379
2026-07-22 16:17:01,3496627,0.5,0.0,8,1,   1381
2026-07-22 16:17:04,3496627,0.5,0.0,8,1,   1384
2026-07-22 16:17:06,3496627,0.5,0.0,8,1,   1386
2026-07-22 16:17:08,3496627,0.5,0.0,8,1,   1388
2026-07-22 16:17:10,3496627,0.5,0.0,8,2,   1390
2026-07-22 16:17:12,3496627,0.5,0.0,8,1,   1392
2026-07-22 16:17:14,3496627,0.5,0.0,8,1,   1394
2026-07-22 16:17:16,3496627,0.5,0.0,8,1,   1396
2026-07-22 16:17:18,3496627,0.5,0.0,8,1,   1398
2026-07-22 16:17:20,3496627,0.5,0.0,8,1,   1400
2026-07-22 16:17:22,3496627,0.5,0.0,8,1,   1402
2026-07-22 16:17:24,3496627,0.5,0.0,8,1,   1404
2026-07-22 16:17:27,3496627,0.5,0.0,8,1,   1407
2026-07-22 16:17:29,3496627,0.5,0.0,8,1,   1409
2026-07-22 16:17:31,3496627,0.5,0.0,8,2,   1411
2026-07-22 16:17:33,3496627,0.5,0.0,8,1,   1413
2026-07-22 16:17:35,3496627,0.5,0.0,8,1,   1415
2026-07-22 16:17:37,3496627,0.5,0.0,8,1,   1417
2026-07-22 16:17:39,3496627,0.5,0.0,8,1,   1419
2026-07-22 16:17:41,3496627,0.5,0.0,8,1,   1421
2026-07-22 16:17:43,3496627,0.5,0.0,8,1,   1423
2026-07-22 16:17:45,3496627,0.5,0.0,8,1,   1425
2026-07-22 16:17:47,3496627,0.5,0.0,8,1,   1427
2026-07-22 16:17:50,3496627,0.5,0.0,8,1,   1430
2026-07-22 16:17:52,3496627,0.5,0.0,8,2,   1432
2026-07-22 16:17:54,3496627,0.5,0.0,8,1,   1434
2026-07-22 16:17:56,3496627,0.5,0.0,8,1,   1436
2026-07-22 16:17:58,3496627,0.5,0.0,8,1,   1438
2026-07-22 16:18:00,3496627,0.5,0.0,8,1,   1440
2026-07-22 16:18:02,3496627,0.5,0.0,8,1,   1442
2026-07-22 16:18:04,3496627,0.5,0.0,8,1,   1444
2026-07-22 16:18:06,3496627,0.5,0.0,8,1,   1446
2026-07-22 16:18:08,3496627,0.5,0.0,8,1,   1448
2026-07-22 16:18:10,3496627,0.5,0.0,8,1,   1450
2026-07-22 16:18:13,3496627,0.5,0.0,8,2,   1453
2026-07-22 16:18:15,3496627,0.5,0.0,8,1,   1455
2026-07-22 16:18:17,3496627,0.5,0.0,8,1,   1457
2026-07-22 16:18:19,3496627,0.5,0.0,8,1,   1459
2026-07-22 16:18:21,3496627,0.5,0.0,8,1,   1461
2026-07-22 16:18:23,3496627,0.5,0.0,8,1,   1463
2026-07-22 16:18:25,3496627,0.5,0.0,8,1,   1465
2026-07-22 16:18:27,3496627,0.5,0.0,8,1,   1467
2026-07-22 16:18:29,3496627,0.5,0.0,8,1,   1469
2026-07-22 16:18:31,3496627,0.5,0.0,8,1,   1471
2026-07-22 16:18:33,3496627,0.5,0.0,8,1,   1473
2026-07-22 16:18:36,3496627,0.5,0.0,8,1,   1476
2026-07-22 16:18:38,3496627,0.5,0.0,8,1,   1478
2026-07-22 16:18:40,3496627,0.5,0.0,8,1,   1480
2026-07-22 16:18:42,3496627,0.5,0.0,8,1,   1482
2026-07-22 16:18:44,3496627,0.5,0.0,8,1,   1484
2026-07-22 16:18:46,3496627,0.5,0.0,8,1,   1486
2026-07-22 16:18:48,3496627,0.5,0.0,8,1,   1488
2026-07-22 16:18:50,3496627,0.5,0.0,8,1,   1490
2026-07-22 16:18:52,3496627,0.5,0.0,8,1,   1492
2026-07-22 16:18:54,3496627,0.5,0.0,8,1,   1494
2026-07-22 16:18:56,3496627,0.5,0.0,8,1,   1496
2026-07-22 16:18:59,3496627,0.5,0.0,8,1,   1499
2026-07-22 16:19:01,3496627,0.5,0.0,8,1,   1501
2026-07-22 16:19:03,3496627,0.5,0.0,8,1,   1503
2026-07-22 16:19:05,3496627,0.5,0.0,8,1,   1505
2026-07-22 16:19:07,3496627,0.5,0.0,8,1,   1507
2026-07-22 16:19:09,3496627,0.5,0.0,8,1,   1509
2026-07-22 16:19:11,3496627,0.5,0.0,8,1,   1511
2026-07-22 16:19:13,3496627,0.5,0.0,8,1,   1513
2026-07-22 16:19:15,3496627,0.5,0.0,8,1,   1515
2026-07-22 16:19:17,3496627,0.5,0.0,8,1,   1517
2026-07-22 16:19:19,3496627,0.5,0.0,8,1,   1519
2026-07-22 16:19:22,3496627,0.5,0.0,8,1,   1522
2026-07-22 16:19:24,3496627,0.5,0.0,8,1,   1524
2026-07-22 16:19:26,3496627,0.5,0.0,8,1,   1526
2026-07-22 16:19:28,3496627,0.5,0.0,8,1,   1528
2026-07-22 16:19:30,3496627,0.5,0.0,8,1,   1530
2026-07-22 16:19:32,3496627,0.5,0.0,8,1,   1532
2026-07-22 16:19:34,3496627,0.5,0.0,8,1,   1534
2026-07-22 16:19:36,3496627,0.5,0.0,8,1,   1536
2026-07-22 16:19:38,3496627,0.5,0.0,8,1,   1538
2026-07-22 16:19:40,3496627,0.5,0.0,8,1,   1540
2026-07-22 16:19:42,3496627,0.5,0.0,8,1,   1542
2026-07-22 16:19:44,3496627,0.5,0.0,8,1,   1544
2026-07-22 16:19:47,3496627,0.5,0.0,8,1,   1547
2026-07-22 16:19:49,3496627,0.5,0.0,8,1,   1549
2026-07-22 16:19:51,3496627,0.5,0.0,8,1,   1551
2026-07-22 16:19:53,3496627,0.5,0.0,8,1,   1553
2026-07-22 16:19:55,3496627,0.5,0.0,8,1,   1555
2026-07-22 16:19:57,3496627,0.5,0.0,8,1,   1557
2026-07-22 16:19:59,3496627,0.5,0.0,8,2,   1559
2026-07-22 16:20:01,3496627,0.5,0.0,8,1,   1561
2026-07-22 16:20:03,3496627,0.5,0.0,8,1,   1563
2026-07-22 16:20:05,3496627,0.5,0.0,8,1,   1565
2026-07-22 16:20:07,3496627,0.5,0.0,8,1,   1567
2026-07-22 16:20:09,3496627,0.5,0.0,8,1,   1569
2026-07-22 16:20:12,3496627,0.5,0.0,8,1,   1572
2026-07-22 16:20:14,3496627,0.5,0.0,8,1,   1574
2026-07-22 16:20:16,3496627,0.5,0.0,8,1,   1576
2026-07-22 16:20:18,3496627,0.5,0.0,8,1,   1578
2026-07-22 16:20:20,3496627,0.5,0.0,8,2,   1580
2026-07-22 16:20:22,3496627,0.5,0.0,8,1,   1582
2026-07-22 16:20:24,3496627,0.5,0.0,8,1,   1584
2026-07-22 16:20:26,3496627,0.5,0.0,8,1,   1586
2026-07-22 16:20:28,3496627,0.5,0.0,8,1,   1588
2026-07-22 16:20:30,3496627,0.5,0.0,8,1,   1590
2026-07-22 16:20:33,3496627,0.5,0.0,8,1,   1593
2026-07-22 16:20:35,3496627,0.5,0.0,8,1,   1595
2026-07-22 16:20:37,3496627,0.5,0.0,8,1,   1597
2026-07-22 16:20:39,3496627,0.5,0.0,8,1,   1599
2026-07-22 16:20:41,3496627,0.5,0.0,8,2,   1601
2026-07-22 16:20:43,3496627,0.5,0.0,8,1,   1603
2026-07-22 16:20:45,3496627,0.5,0.0,8,1,   1605
2026-07-22 16:20:47,3496627,0.5,0.0,8,1,   1607
2026-07-22 16:20:49,3496627,0.5,0.0,8,1,   1609
2026-07-22 16:20:51,3496627,0.5,0.0,8,1,   1611
2026-07-22 16:20:53,3496627,0.5,0.0,8,1,   1613
2026-07-22 16:20:56,3496627,0.5,0.0,8,1,   1616
2026-07-22 16:20:58,3496627,0.5,0.0,8,1,   1618
2026-07-22 16:21:00,3496627,0.5,0.0,8,1,   1620
2026-07-22 16:21:02,3496627,0.5,0.0,8,2,   1622
2026-07-22 16:21:04,3496627,0.5,0.0,8,1,   1624
2026-07-22 16:21:06,3496627,0.5,0.0,8,1,   1626
2026-07-22 16:21:08,3496627,0.5,0.0,8,1,   1628
2026-07-22 16:21:10,3496627,0.5,0.0,8,1,   1630
2026-07-22 16:21:12,3496627,0.5,0.0,8,1,   1632
2026-07-22 16:21:14,3496627,0.5,0.0,8,1,   1634
2026-07-22 16:21:16,3496627,0.5,0.0,8,1,   1636
2026-07-22 16:21:19,3496627,0.5,0.0,8,1,   1639
2026-07-22 16:21:21,3496627,0.5,0.0,8,1,   1641
2026-07-22 16:21:23,3496627,0.5,0.0,8,2,   1643
2026-07-22 16:21:25,3496627,0.5,0.0,8,1,   1645
2026-07-22 16:21:27,3496627,0.5,0.0,8,1,   1647
2026-07-22 16:21:29,3496627,0.5,0.0,8,1,   1649
2026-07-22 16:21:31,3496627,0.5,0.0,8,1,   1651
2026-07-22 16:21:33,3496627,0.5,0.0,8,1,   1653
2026-07-22 16:21:35,3496627,0.5,0.0,8,1,   1655
2026-07-22 16:21:37,3496627,0.5,0.0,8,1,   1657
2026-07-22 16:21:39,3496627,0.5,0.0,8,1,   1659
2026-07-22 16:21:42,3496627,0.5,0.0,8,1,   1662
2026-07-22 16:21:44,3496627,0.5,0.0,8,2,   1664
2026-07-22 16:21:46,3496627,0.5,0.0,8,1,   1666
2026-07-22 16:21:48,3496627,0.5,0.0,8,1,   1668
2026-07-22 16:21:50,3496627,0.5,0.0,8,1,   1670
2026-07-22 16:21:52,3496627,0.5,0.0,8,1,   1672
2026-07-22 16:21:54,3496627,0.5,0.0,8,1,   1674
2026-07-22 16:21:56,3496627,0.5,0.0,8,1,   1676
2026-07-22 16:21:58,3496627,0.5,0.0,8,1,   1678
2026-07-22 16:22:00,3496627,0.5,0.0,8,1,   1680
2026-07-22 16:22:02,3496627,0.5,0.0,8,1,   1682
2026-07-22 16:22:05,3496627,0.5,0.0,8,1,   1685
2026-07-22 16:22:07,3496627,0.5,0.0,8,1,   1687
2026-07-22 16:22:09,3496627,0.5,0.0,8,1,   1689
2026-07-22 16:22:11,3496627,0.5,0.0,8,1,   1691
2026-07-22 16:22:13,3496627,0.5,0.0,8,1,   1693
2026-07-22 16:22:15,3496627,0.5,0.0,8,1,   1695
2026-07-22 16:22:17,3496627,0.5,0.0,8,1,   1697
2026-07-22 16:22:19,3496627,0.5,0.0,8,1,   1699
2026-07-22 16:22:21,3496627,0.5,0.0,8,1,   1701
2026-07-22 16:22:23,3496627,0.5,0.0,8,1,   1703
2026-07-22 16:22:25,3496627,0.5,0.0,8,1,   1705
2026-07-22 16:22:28,3496627,0.5,0.0,8,1,   1708
2026-07-22 16:22:30,3496627,0.5,0.0,8,1,   1710
2026-07-22 16:22:32,3496627,0.5,0.0,8,1,   1712
2026-07-22 16:22:34,3496627,0.5,0.0,8,1,   1714
2026-07-22 16:22:36,3496627,0.5,0.0,8,1,   1716
2026-07-22 16:22:38,3496627,0.5,0.0,8,1,   1718
2026-07-22 16:22:40,3496627,0.5,0.0,8,1,   1720
2026-07-22 16:22:42,3496627,0.5,0.0,8,1,   1722
2026-07-22 16:22:44,3496627,0.5,0.0,8,1,   1724
2026-07-22 16:22:46,3496627,0.5,0.0,8,1,   1726
2026-07-22 16:22:48,3496627,0.5,0.0,8,1,   1728
2026-07-22 16:22:51,3496627,0.5,0.0,8,1,   1731
2026-07-22 16:22:53,3496627,0.5,0.0,8,1,   1733
2026-07-22 16:22:55,3496627,0.5,0.0,8,1,   1735
2026-07-22 16:22:57,3496627,0.5,0.0,8,1,   1737
2026-07-22 16:22:59,3496627,0.5,0.0,8,1,   1739
2026-07-22 16:23:01,3496627,0.5,0.0,8,1,   1741
2026-07-22 16:23:03,3496627,0.5,0.0,8,1,   1743
2026-07-22 16:23:05,3496627,0.5,0.0,8,1,   1745
2026-07-22 16:23:07,3496627,0.5,0.0,8,1,   1747
2026-07-22 16:23:09,3496627,0.5,0.0,8,1,   1749
2026-07-22 16:23:11,3496627,0.5,0.0,8,1,   1751
2026-07-22 16:23:14,3496627,0.5,0.0,8,1,   1754
2026-07-22 16:23:16,3496627,0.5,0.0,8,1,   1756
2026-07-22 16:23:18,3496627,0.5,0.0,8,1,   1758
2026-07-22 16:23:20,3496627,0.5,0.0,8,1,   1760
2026-07-22 16:23:22,3496627,0.5,0.0,8,1,   1762
2026-07-22 16:23:24,3496627,0.5,0.0,8,1,   1764
2026-07-22 16:23:26,3496627,0.5,0.0,8,1,   1766
2026-07-22 16:23:28,3496627,0.5,0.0,8,1,   1768
2026-07-22 16:23:30,3496627,0.5,0.0,8,1,   1770
2026-07-22 16:23:32,3496627,0.5,0.0,8,1,   1772
2026-07-22 16:23:34,3496627,0.5,0.0,8,1,   1774
2026-07-22 16:23:37,3496627,0.5,0.0,8,1,   1777
2026-07-22 16:23:39,3496627,0.5,0.0,8,1,   1779
2026-07-22 16:23:41,3496627,0.5,0.0,8,1,   1781
2026-07-22 16:23:43,3496627,0.5,0.0,8,1,   1783
2026-07-22 16:23:45,3496627,0.5,0.0,8,1,   1785
2026-07-22 16:23:47,3496627,0.5,0.0,8,1,   1787
2026-07-22 16:23:49,3496627,0.5,0.0,8,1,   1789
2026-07-22 16:23:51,3496627,0.5,0.0,8,2,   1791
2026-07-22 16:23:53,3496627,0.5,0.0,8,1,   1793
2026-07-22 16:23:55,3496627,0.5,0.0,8,1,   1795
2026-07-22 16:23:57,3496627,0.5,0.0,8,1,   1797
2026-07-22 16:24:00,3496627,0.5,0.0,8,1,   1800
2026-07-22 16:24:02,3496627,0.5,0.0,8,1,   1802
2026-07-22 16:24:04,3496627,0.5,0.0,8,1,   1804
2026-07-22 16:24:06,3496627,0.5,0.0,8,1,   1806
2026-07-22 16:24:08,3496627,0.5,0.0,8,1,   1808
2026-07-22 16:24:10,3496627,0.5,0.0,8,1,   1810
2026-07-22 16:24:12,3496627,0.5,0.0,8,2,   1812
2026-07-22 16:24:14,3496627,0.5,0.0,8,1,   1814
2026-07-22 16:24:16,3496627,0.5,0.0,8,1,   1816
2026-07-22 16:24:18,3496627,0.5,0.0,8,1,   1818
2026-07-22 16:24:20,3496627,0.5,0.0,8,1,   1820
2026-07-22 16:24:23,3496627,0.5,0.0,8,1,   1823
2026-07-22 16:24:25,3496627,0.5,0.0,8,1,   1825
2026-07-22 16:24:27,3496627,0.5,0.0,8,1,   1827
2026-07-22 16:24:29,3496627,0.5,0.0,8,1,   1829
2026-07-22 16:24:31,3496627,0.5,0.0,8,1,   1831
2026-07-22 16:24:33,3496627,0.5,0.0,8,2,   1833
2026-07-22 16:24:35,3496627,0.5,0.0,8,1,   1835
2026-07-22 16:24:37,3496627,0.5,0.0,8,1,   1837
2026-07-22 16:24:39,3496627,0.5,0.0,8,1,   1839
2026-07-22 16:24:41,3496627,0.5,0.0,8,1,   1841
2026-07-22 16:24:44,3496627,0.5,0.0,8,1,   1844
2026-07-22 16:24:46,3496627,0.5,0.0,8,1,   1846
2026-07-22 16:24:48,3496627,0.5,0.0,8,1,   1848
2026-07-22 16:24:50,3496627,0.5,0.0,8,1,   1850
2026-07-22 16:24:52,3496627,0.5,0.0,8,1,   1852
2026-07-22 16:24:54,3496627,0.5,0.0,8,2,   1854
2026-07-22 16:24:56,3496627,0.5,0.0,8,2,   1856
2026-07-22 16:24:58,3496627,0.5,0.0,8,2,   1858
2026-07-22 16:25:00,3496627,0.5,0.0,8,2,   1860
2026-07-22 16:25:02,3496627,0.5,0.0,8,2,   1862
2026-07-22 16:25:05,3496627,0.5,0.0,8,2,   1865
2026-07-22 16:25:07,3496627,0.5,0.0,8,2,   1867
2026-07-22 16:25:09,3496627,0.5,0.0,8,2,   1869
2026-07-22 16:25:11,3496627,0.5,0.0,8,2,   1871
2026-07-22 16:25:13,3496627,0.5,0.0,8,2,   1873
2026-07-22 16:25:15,3496627,0.5,0.0,8,2,   1875
2026-07-22 16:25:17,3496627,0.5,0.0,8,2,   1877
2026-07-22 16:25:19,3496627,0.5,0.0,8,2,   1879
2026-07-22 16:25:21,3496627,0.5,0.0,8,2,   1881
2026-07-22 16:25:23,3496627,0.5,0.0,8,2,   1883
2026-07-22 16:25:25,3496627,0.5,0.0,8,2,   1885
2026-07-22 16:25:28,3496627,0.5,0.0,8,2,   1888
2026-07-22 16:25:30,3496627,0.5,0.0,8,2,   1890
2026-07-22 16:25:32,3496627,0.5,0.0,8,2,   1892
2026-07-22 16:25:34,3496627,0.5,0.0,8,2,   1894
2026-07-22 16:25:36,3496627,0.5,0.0,8,2,   1896
2026-07-22 16:25:38,3496627,0.5,0.0,8,2,   1898
2026-07-22 16:25:40,3496627,0.5,0.0,8,2,   1900
2026-07-22 16:25:42,3496627,0.5,0.0,8,2,   1902
2026-07-22 16:25:44,3496627,0.5,0.0,8,2,   1904
2026-07-22 16:25:46,3496627,0.5,0.0,8,2,   1906
2026-07-22 16:25:48,3496627,0.5,0.0,8,2,   1908
2026-07-22 16:25:51,3496627,0.5,0.0,8,2,   1911
2026-07-22 16:25:53,3496627,0.5,0.0,8,2,   1913
2026-07-22 16:25:55,3496627,0.5,0.0,8,2,   1915
2026-07-22 16:25:57,3496627,0.5,0.0,8,2,   1917
2026-07-22 16:25:59,3496627,0.5,0.0,8,2,   1919
2026-07-22 16:26:01,3496627,0.5,0.0,8,2,   1921
2026-07-22 16:26:03,3496627,0.5,0.0,8,2,   1923
2026-07-22 16:26:05,3496627,0.5,0.0,8,2,   1925
2026-07-22 16:26:07,3496627,0.5,0.0,8,2,   1927
2026-07-22 16:26:09,3496627,0.5,0.0,8,2,   1929
2026-07-22 16:26:11,3496627,0.5,0.0,8,2,   1931
2026-07-22 16:26:14,3496627,0.5,0.0,8,2,   1934
2026-07-22 16:26:16,3496627,0.5,0.0,8,2,   1936
2026-07-22 16:26:18,3496627,0.5,0.0,8,2,   1938
2026-07-22 16:26:20,3496627,0.5,0.0,8,2,   1940
2026-07-22 16:26:22,3496627,0.5,0.0,8,2,   1942
2026-07-22 16:26:24,3496627,0.5,0.0,8,2,   1944
2026-07-22 16:26:26,3496627,0.5,0.0,8,2,   1946
2026-07-22 16:26:28,3496627,0.5,0.0,8,2,   1948
2026-07-22 16:26:30,3496627,0.5,0.0,8,2,   1950
2026-07-22 16:26:32,3496627,0.5,0.0,8,2,   1952
2026-07-22 16:26:34,3496627,0.5,0.0,8,2,   1954
2026-07-22 16:26:37,3496627,0.5,0.0,8,2,   1957
2026-07-22 16:26:39,3496627,0.5,0.0,8,2,   1959
2026-07-22 16:26:41,3496627,0.5,0.0,8,2,   1961
2026-07-22 16:26:43,3496627,0.5,0.0,8,2,   1963
2026-07-22 16:26:45,3496627,0.5,0.0,8,2,   1965
2026-07-22 16:26:47,3496627,0.5,0.0,8,2,   1967
2026-07-22 16:26:49,3496627,0.5,0.0,8,2,   1969
2026-07-22 16:26:51,3496627,0.5,0.0,8,2,   1971
2026-07-22 16:26:53,3496627,0.5,0.0,8,2,   1973
2026-07-22 16:26:55,3496627,0.5,0.0,8,2,   1975
2026-07-22 16:26:57,3496627,0.5,0.0,8,2,   1977
2026-07-22 16:26:59,3496627,0.5,0.0,8,2,   1979
2026-07-22 16:27:02,3496627,0.5,0.0,8,2,   1982
2026-07-22 16:27:04,3496627,0.5,0.0,8,2,   1984
2026-07-22 16:27:06,3496627,0.5,0.0,8,2,   1986
2026-07-22 16:27:08,3496627,0.5,0.0,8,2,   1988
2026-07-22 16:27:10,3496627,0.5,0.0,8,2,   1990
2026-07-22 16:27:12,3496627,0.5,0.0,8,2,   1992
2026-07-22 16:27:14,3496627,0.5,0.0,8,2,   1994
2026-07-22 16:27:16,3496627,0.5,0.0,8,2,   1996
2026-07-22 16:27:18,3496627,0.5,0.0,8,2,   1998
2026-07-22 16:27:20,3496627,0.5,0.0,8,2,   2000
2026-07-22 16:27:22,3496627,0.5,0.0,8,2,   2002
2026-07-22 16:27:24,3496627,0.5,0.0,8,2,   2004
2026-07-22 16:27:26,3496627,0.5,0.0,8,2,   2006
2026-07-22 16:27:29,3496627,0.5,0.0,8,2,   2008
2026-07-22 16:27:31,3496627,0.5,0.0,8,2,   2011
2026-07-22 16:27:33,3496627,0.5,0.0,8,2,   2013
2026-07-22 16:27:35,3496627,0.5,0.0,8,2,   2015
2026-07-22 16:27:37,3496627,0.5,0.0,8,2,   2017
2026-07-22 16:27:39,3496627,0.5,0.0,8,2,   2019
2026-07-22 16:27:41,3496627,0.5,0.0,8,2,   2021
2026-07-22 16:27:43,3496627,0.5,0.0,8,2,   2023
2026-07-22 16:27:45,3496627,0.5,0.0,8,2,   2025
2026-07-22 16:27:47,3496627,0.5,0.0,8,2,   2027
2026-07-22 16:27:49,3496627,0.5,0.0,8,2,   2029
2026-07-22 16:27:51,3496627,0.5,0.0,8,2,   2031
2026-07-22 16:27:54,3496627,0.5,0.0,8,2,   2034
2026-07-22 16:27:56,3496627,0.5,0.0,8,2,   2036
2026-07-22 16:27:58,3496627,0.5,0.0,8,2,   2038
2026-07-22 16:28:00,3496627,0.5,0.0,8,2,   2040
2026-07-22 16:28:02,3496627,0.5,0.0,8,2,   2042
2026-07-22 16:28:04,3496627,0.5,0.0,8,2,   2044
2026-07-22 16:28:06,3496627,0.5,0.0,8,2,   2046
2026-07-22 16:28:08,3496627,0.5,0.0,8,2,   2048
2026-07-22 16:28:10,3496627,0.5,0.0,8,2,   2050
2026-07-22 16:28:12,3496627,0.5,0.0,8,2,   2052
2026-07-22 16:28:14,3496627,0.5,0.0,8,2,   2054
2026-07-22 16:28:16,3496627,0.5,0.0,8,2,   2056
2026-07-22 16:28:19,3496627,0.5,0.0,8,2,   2059
2026-07-22 16:28:21,3496627,0.5,0.0,8,2,   2061
2026-07-22 16:28:23,3496627,0.5,0.0,8,2,   2063
2026-07-22 16:28:25,3496627,0.5,0.0,8,2,   2065
2026-07-22 16:28:27,3496627,0.5,0.0,8,2,   2067
2026-07-22 16:28:29,3496627,0.5,0.0,8,2,   2069
2026-07-22 16:28:31,3496627,0.5,0.0,8,2,   2071
2026-07-22 16:28:33,3496627,0.5,0.0,8,2,   2073
2026-07-22 16:28:35,3496627,0.5,0.0,8,2,   2075
2026-07-22 16:28:37,3496627,0.5,0.0,8,2,   2077
2026-07-22 16:28:39,3496627,0.5,0.0,8,2,   2079
2026-07-22 16:28:41,3496627,0.5,0.0,8,2,   2081
2026-07-22 16:28:44,3496627,0.5,0.0,8,2,   2084
2026-07-22 16:28:46,3496627,0.5,0.0,8,2,   2086
2026-07-22 16:28:48,3496627,0.5,0.0,8,2,   2088
2026-07-22 16:28:50,3496627,0.5,0.0,8,2,   2090
2026-07-22 16:28:52,3496627,0.5,0.0,8,2,   2092
2026-07-22 16:28:54,3496627,0.5,0.0,8,2,   2094
2026-07-22 16:28:56,3496627,0.5,0.0,8,2,   2096
2026-07-22 16:28:58,3496627,0.5,0.0,8,2,   2098
2026-07-22 16:29:00,3496627,0.5,0.0,8,2,   2100
2026-07-22 16:29:02,3496627,0.5,0.0,8,2,   2102
2026-07-22 16:29:04,3496627,0.5,0.0,8,2,   2104
2026-07-22 16:29:06,3496627,0.5,0.0,8,2,   2106
2026-07-22 16:29:09,3496627,0.5,0.0,8,2,   2109
2026-07-22 16:29:11,3496627,0.5,0.0,8,2,   2111
2026-07-22 16:29:13,3496627,0.5,0.0,8,2,   2113
2026-07-22 16:29:15,3496627,0.5,0.0,8,2,   2115
2026-07-22 16:29:17,3496627,0.5,0.0,8,2,   2117
2026-07-22 16:29:19,3496627,0.5,0.0,8,2,   2119
2026-07-22 16:29:21,3496627,0.5,0.0,8,2,   2121
2026-07-22 16:29:23,3496627,0.5,0.0,8,2,   2123
2026-07-22 16:29:25,3496627,0.5,0.0,8,2,   2125
2026-07-22 16:29:27,3496627,0.5,0.0,8,2,   2127
2026-07-22 16:29:29,3496627,0.5,0.0,8,2,   2129
2026-07-22 16:29:31,3496627,0.5,0.0,8,2,   2131
2026-07-22 16:29:34,3496627,0.5,0.0,8,2,   2134
2026-07-22 16:29:36,3496627,0.5,0.0,8,2,   2136
2026-07-22 16:29:38,3496627,0.5,0.0,8,2,   2138
2026-07-22 16:29:40,3496627,0.5,0.0,8,2,   2140
2026-07-22 16:29:42,3496627,0.5,0.0,8,2,   2142
2026-07-22 16:29:44,3496627,0.5,0.0,8,2,   2144
2026-07-22 16:29:46,3496627,0.5,0.0,8,2,   2146
2026-07-22 16:29:48,3496627,0.5,0.0,8,2,   2148
2026-07-22 16:29:50,3496627,0.5,0.0,8,2,   2150
2026-07-22 16:29:52,3496627,0.5,0.0,8,2,   2152
2026-07-22 16:29:54,3496627,0.5,0.0,8,2,   2154
2026-07-22 16:29:57,3496627,0.5,0.0,8,2,   2157
2026-07-22 16:29:59,3496627,0.5,0.0,8,2,   2159
2026-07-22 16:30:01,3496627,0.5,0.0,8,2,   2161
2026-07-22 16:30:03,3496627,0.5,0.0,8,2,   2163
2026-07-22 16:30:05,3496627,0.5,0.0,8,2,   2165
2026-07-22 16:30:07,3496627,0.5,0.0,8,2,   2167
2026-07-22 16:30:09,3496627,0.5,0.0,8,2,   2169
2026-07-22 16:30:11,3496627,0.5,0.0,8,2,   2171
2026-07-22 16:30:13,3496627,0.5,0.0,8,2,   2173
2026-07-22 16:30:15,3496627,0.5,0.0,8,2,   2175
2026-07-22 16:30:17,3496627,0.5,0.0,8,2,   2177
2026-07-22 16:30:20,3496627,0.5,0.0,8,2,   2180
2026-07-22 16:30:22,3496627,0.5,0.0,8,2,   2182
2026-07-22 16:30:24,3496627,0.5,0.0,8,2,   2184
2026-07-22 16:30:26,3496627,0.5,0.0,8,2,   2186
2026-07-22 16:30:28,3496627,0.5,0.0,8,2,   2188
2026-07-22 16:30:30,3496627,0.5,0.0,8,2,   2190
2026-07-22 16:30:32,3496627,0.5,0.0,8,2,   2192
2026-07-22 16:30:34,3496627,0.5,0.0,8,2,   2194
2026-07-22 16:30:36,3496627,0.5,0.0,8,2,   2196
2026-07-22 16:30:38,3496627,0.5,0.0,8,2,   2198
2026-07-22 16:30:40,3496627,0.5,0.0,8,2,   2200
2026-07-22 16:30:43,3496627,0.5,0.0,8,2,   2203
2026-07-22 16:30:45,3496627,0.5,0.0,8,2,   2205
2026-07-22 16:30:47,3496627,0.5,0.0,8,2,   2207
2026-07-22 16:30:49,3496627,0.5,0.0,8,2,   2209
2026-07-22 16:30:51,3496627,0.5,0.0,8,2,   2211
2026-07-22 16:30:53,3496627,0.5,0.0,8,2,   2213
2026-07-22 16:30:55,3496627,0.5,0.0,8,2,   2215
2026-07-22 16:30:57,3496627,0.5,0.0,8,2,   2217
2026-07-22 16:30:59,3496627,0.5,0.0,8,2,   2219
2026-07-22 16:31:01,3496627,0.5,0.0,8,2,   2221
2026-07-22 16:31:03,3496627,0.5,0.0,8,2,   2223
2026-07-22 16:31:05,3496627,0.5,0.0,8,2,   2225
2026-07-22 16:31:08,3496627,0.5,0.0,8,2,   2228
2026-07-22 16:31:10,3496627,0.5,0.0,8,2,   2230
2026-07-22 16:31:12,3496627,0.5,0.0,8,2,   2232
2026-07-22 16:31:14,3496627,0.5,0.0,8,2,   2234
2026-07-22 16:31:16,3496627,0.5,0.0,8,2,   2236
2026-07-22 16:31:18,3496627,0.5,0.0,8,2,   2238
2026-07-22 16:31:20,3496627,0.5,0.0,8,2,   2240
2026-07-22 16:31:22,3496627,0.5,0.0,8,2,   2242
2026-07-22 16:31:24,3496627,0.5,0.0,8,2,   2244
2026-07-22 16:31:26,3496627,0.5,0.0,8,2,   2246
2026-07-22 16:31:28,3496627,0.5,0.0,8,2,   2248
2026-07-22 16:31:30,3496627,0.5,0.0,8,2,   2250
2026-07-22 16:31:32,3496627,0.5,0.0,8,2,   2253
2026-07-22 16:31:35,3496627,0.5,0.0,8,2,   2255
2026-07-22 16:31:37,3496627,0.5,0.0,8,2,   2257
2026-07-22 16:31:39,3496627,0.5,0.0,8,2,   2259
2026-07-22 16:31:41,3496627,0.5,0.0,8,2,   2261
2026-07-22 16:31:43,3496627,0.5,0.0,8,2,   2263
2026-07-22 16:31:45,3496627,0.5,0.0,8,2,   2265
2026-07-22 16:31:47,3496627,0.5,0.0,8,2,   2267
2026-07-22 16:31:49,3496627,0.5,0.0,8,2,   2269
2026-07-22 16:31:51,3496627,0.5,0.0,8,2,   2271
2026-07-22 16:31:53,3496627,0.5,0.0,8,2,   2273
2026-07-22 16:31:56,3496627,0.5,0.0,8,2,   2276
2026-07-22 16:31:58,3496627,0.5,0.0,8,2,   2278
2026-07-22 16:32:00,3496627,0.5,0.0,8,2,   2280
2026-07-22 16:32:02,3496627,0.5,0.0,8,2,   2282
2026-07-22 16:32:04,3496627,0.5,0.0,8,2,   2284
2026-07-22 16:32:06,3496627,0.5,0.0,8,2,   2286
2026-07-22 16:32:08,3496627,0.5,0.0,8,2,   2288
2026-07-22 16:32:10,3496627,0.5,0.0,8,2,   2290
2026-07-22 16:32:12,3496627,0.5,0.0,8,2,   2292
2026-07-22 16:32:14,3496627,0.5,0.0,8,2,   2294
2026-07-22 16:32:17,3496627,0.5,0.0,8,2,   2297
2026-07-22 16:32:19,3496627,0.5,0.0,8,2,   2299
2026-07-22 16:32:21,3496627,0.5,0.0,8,2,   2301
2026-07-22 16:32:23,3496627,0.5,0.0,8,2,   2303
2026-07-22 16:32:25,3496627,0.5,0.0,8,2,   2305
2026-07-22 16:32:27,3496627,0.5,0.0,8,2,   2307
2026-07-22 16:32:29,3496627,0.5,0.0,8,2,   2309
2026-07-22 16:32:31,3496627,0.5,0.0,8,2,   2311
2026-07-22 16:32:33,3496627,0.5,0.0,8,2,   2313
2026-07-22 16:32:35,3496627,0.5,0.0,8,2,   2315
2026-07-22 16:32:38,3496627,0.5,0.0,8,2,   2318
2026-07-22 16:32:40,3496627,0.5,0.0,8,2,   2320
2026-07-22 16:32:42,3496627,0.5,0.0,8,2,   2322
2026-07-22 16:32:44,3496627,0.5,0.0,8,2,   2324
2026-07-22 16:32:46,3496627,0.5,0.0,8,2,   2326
2026-07-22 16:32:48,3496627,0.5,0.0,8,2,   2328
2026-07-22 16:32:50,3496627,0.5,0.0,8,2,   2330
2026-07-22 16:32:52,3496627,0.5,0.0,8,2,   2332
2026-07-22 16:32:54,3496627,0.5,0.0,8,2,   2334
2026-07-22 16:32:56,3496627,0.5,0.0,8,2,   2336
2026-07-22 16:32:58,3496627,0.5,0.0,8,2,   2338
2026-07-22 16:33:00,3496627,0.5,0.0,8,2,   2340
2026-07-22 16:33:02,3496627,0.5,0.0,8,2,   2342
2026-07-22 16:33:05,3496627,0.5,0.0,8,2,   2345
2026-07-22 16:33:07,3496627,0.5,0.0,8,2,   2347
2026-07-22 16:33:09,3496627,0.5,0.0,8,2,   2349
2026-07-22 16:33:11,3496627,0.5,0.0,8,2,   2351
2026-07-22 16:33:13,3496627,0.5,0.0,8,2,   2353
2026-07-22 16:33:15,3496627,0.5,0.0,8,2,   2355
2026-07-22 16:33:17,3496627,0.5,0.0,8,2,   2357
2026-07-22 16:33:19,3496627,0.5,0.0,8,2,   2359
2026-07-22 16:33:21,3496627,0.5,0.0,8,2,   2361
2026-07-22 16:33:23,3496627,0.5,0.0,8,2,   2363
2026-07-22 16:33:26,3496627,0.5,0.0,8,2,   2366
2026-07-22 16:33:28,3496627,0.5,0.0,8,2,   2368
2026-07-22 16:33:30,3496627,0.5,0.0,8,2,   2370
2026-07-22 16:33:32,3496627,0.5,0.0,8,2,   2372
2026-07-22 16:33:34,3496627,0.5,0.0,8,2,   2374
2026-07-22 16:33:36,3496627,0.5,0.0,8,2,   2376
2026-07-22 16:33:38,3496627,0.5,0.0,8,2,   2378
2026-07-22 16:33:40,3496627,0.5,0.0,8,2,   2380
2026-07-22 16:33:42,3496627,0.5,0.0,8,2,   2382
2026-07-22 16:33:44,3496627,0.5,0.0,8,2,   2384
2026-07-22 16:33:47,3496627,0.5,0.0,8,2,   2387
2026-07-22 16:33:49,3496627,0.5,0.0,8,2,   2389
2026-07-22 16:33:51,3496627,0.5,0.0,8,2,   2391
2026-07-22 16:33:53,3496627,0.5,0.0,8,2,   2393
2026-07-22 16:33:55,3496627,0.5,0.0,8,2,   2395
2026-07-22 16:33:57,3496627,0.5,0.0,8,2,   2397
2026-07-22 16:33:59,3496627,0.5,0.0,8,2,   2399
2026-07-22 16:34:01,3496627,0.5,0.0,8,2,   2401
2026-07-22 16:34:03,3496627,0.5,0.0,8,2,   2403
2026-07-22 16:34:05,3496627,0.5,0.0,8,2,   2405
2026-07-22 16:34:07,3496627,0.5,0.0,8,2,   2407
2026-07-22 16:34:09,3496627,0.5,0.0,8,2,   2409
2026-07-22 16:34:12,3496627,0.5,0.0,8,2,   2412
2026-07-22 16:34:14,3496627,0.5,0.0,8,2,   2414
2026-07-22 16:34:16,3496627,0.5,0.0,8,2,   2416
2026-07-22 16:34:18,3496627,0.5,0.0,8,2,   2418
2026-07-22 16:34:20,3496627,0.5,0.0,8,2,   2420
2026-07-22 16:34:22,3496627,0.5,0.0,8,2,   2422
2026-07-22 16:34:24,3496627,0.5,0.0,8,2,   2424
2026-07-22 16:34:26,3496627,0.5,0.0,8,2,   2426
2026-07-22 16:34:28,3496627,0.5,0.0,8,2,   2428
2026-07-22 16:34:30,3496627,0.5,0.0,8,2,   2430
2026-07-22 16:34:33,3496627,0.5,0.0,8,2,   2433
2026-07-22 16:34:35,3496627,0.5,0.0,8,2,   2435
2026-07-22 16:34:37,3496627,0.5,0.0,8,2,   2437
2026-07-22 16:34:39,3496627,0.5,0.0,8,2,   2439
2026-07-22 16:34:41,3496627,0.5,0.0,8,2,   2441
2026-07-22 16:34:43,3496627,0.5,0.0,8,2,   2443
2026-07-22 16:34:45,3496627,0.5,0.0,8,2,   2445
2026-07-22 16:34:47,3496627,0.5,0.0,8,2,   2447
2026-07-22 16:34:49,3496627,0.5,0.0,8,2,   2449
2026-07-22 16:34:51,3496627,0.5,0.0,8,2,   2451
2026-07-22 16:34:53,3496627,0.5,0.0,8,2,   2453
2026-07-22 16:34:56,3496627,0.5,0.0,8,2,   2456
2026-07-22 16:34:58,3496627,0.5,0.0,8,2,   2458
2026-07-22 16:35:00,3496627,0.5,0.0,8,2,   2460
2026-07-22 16:35:02,3496627,0.5,0.0,8,2,   2462
2026-07-22 16:35:04,3496627,0.5,0.0,8,2,   2464
2026-07-22 16:35:06,3496627,0.5,0.0,8,2,   2466
2026-07-22 16:35:08,3496627,0.5,0.0,8,2,   2468
2026-07-22 16:35:10,3496627,0.5,0.0,8,2,   2470
2026-07-22 16:35:12,3496627,0.5,0.0,8,2,   2472
2026-07-22 16:35:14,3496627,0.5,0.0,8,2,   2474
2026-07-22 16:35:16,3496627,0.5,0.0,8,2,   2476
2026-07-22 16:35:19,3496627,0.5,0.0,8,2,   2479
2026-07-22 16:35:21,3496627,0.5,0.0,8,2,   2481
2026-07-22 16:35:23,3496627,0.5,0.0,8,2,   2483
2026-07-22 16:35:25,3496627,0.5,0.0,8,2,   2485
2026-07-22 16:35:27,3496627,0.5,0.0,8,2,   2487
2026-07-22 16:35:29,3496627,0.5,0.0,8,2,   2489
2026-07-22 16:35:31,3496627,0.5,0.0,8,2,   2491
2026-07-22 16:35:33,3496627,0.5,0.0,8,2,   2493
2026-07-22 16:35:35,3496627,0.5,0.0,8,2,   2495
2026-07-22 16:35:37,3496627,0.5,0.0,8,2,   2497
2026-07-22 16:35:40,3496627,0.5,0.0,8,2,   2500
2026-07-22 16:35:42,3496627,0.5,0.0,8,2,   2502
2026-07-22 16:35:44,3496627,0.5,0.0,8,2,   2504
2026-07-22 16:35:46,3496627,0.5,0.0,8,2,   2506
2026-07-22 16:35:48,3496627,0.5,0.0,8,2,   2508
2026-07-22 16:35:50,3496627,0.5,0.0,8,2,   2510
2026-07-22 16:35:52,3496627,0.5,0.0,8,2,   2512
2026-07-22 16:35:54,3496627,0.5,0.0,8,2,   2514
2026-07-22 16:35:56,3496627,0.5,0.0,8,2,   2516
2026-07-22 16:35:58,3496627,0.5,0.0,8,2,   2518
2026-07-22 16:36:00,3496627,0.5,0.0,8,2,   2520
2026-07-22 16:36:03,3496627,0.5,0.0,8,2,   2523
2026-07-22 16:36:05,3496627,0.5,0.0,8,2,   2525
2026-07-22 16:36:07,3496627,0.5,0.0,8,2,   2527
2026-07-22 16:36:09,3496627,0.5,0.0,8,2,   2529
2026-07-22 16:36:11,3496627,0.5,0.0,8,2,   2531
2026-07-22 16:36:13,3496627,0.5,0.0,8,2,   2533
2026-07-22 16:36:15,3496627,0.5,0.0,8,2,   2535
2026-07-22 16:36:17,3496627,0.5,0.0,8,2,   2537
2026-07-22 16:36:19,3496627,0.5,0.0,8,2,   2539
2026-07-22 16:36:21,3496627,0.5,0.0,8,2,   2541
2026-07-22 16:36:23,3496627,0.5,0.0,8,2,   2543
2026-07-22 16:36:25,3496627,0.5,0.0,8,2,   2545
2026-07-22 16:36:28,3496627,0.5,0.0,8,2,   2548
2026-07-22 16:36:30,3496627,0.5,0.0,8,2,   2550
2026-07-22 16:36:32,3496627,0.5,0.0,8,2,   2552
2026-07-22 16:36:34,3496627,0.5,0.0,8,2,   2554
2026-07-22 16:36:36,3496627,0.5,0.0,8,2,   2556
2026-07-22 16:36:38,3496627,0.5,0.0,8,2,   2558
2026-07-22 16:36:40,3496627,0.5,0.0,8,2,   2560
2026-07-22 16:36:42,3496627,0.5,0.0,8,2,   2562
2026-07-22 16:36:44,3496627,0.5,0.0,8,2,   2564
2026-07-22 16:36:46,3496627,0.5,0.0,8,2,   2566
2026-07-22 16:36:49,3496627,0.5,0.0,8,2,   2569
2026-07-22 16:36:51,3496627,0.5,0.0,8,2,   2571
2026-07-22 16:36:53,3496627,0.5,0.0,8,2,   2573
2026-07-22 16:36:55,3496627,0.5,0.0,8,2,   2575
2026-07-22 16:36:57,3496627,0.5,0.0,8,2,   2577
2026-07-22 16:36:59,3496627,0.5,0.0,8,2,   2579
2026-07-22 16:37:01,3496627,0.5,0.0,8,2,   2581
2026-07-22 16:37:03,3496627,0.5,0.0,8,2,   2583
2026-07-22 16:37:05,3496627,0.5,0.0,8,2,   2585
2026-07-22 16:37:07,3496627,0.5,0.0,8,2,   2587
2026-07-22 16:37:09,3496627,0.5,0.0,8,2,   2589
2026-07-22 16:37:12,3496627,0.5,0.0,8,2,   2592
2026-07-22 16:37:14,3496627,0.5,0.0,8,2,   2594
2026-07-22 16:37:16,3496627,0.5,0.0,8,2,   2596
2026-07-22 16:37:18,3496627,0.5,0.0,8,2,   2598
2026-07-22 16:37:20,3496627,0.5,0.0,8,2,   2600
2026-07-22 16:37:22,3496627,0.5,0.0,8,2,   2602
2026-07-22 16:37:24,3496627,0.5,0.0,8,2,   2604
2026-07-22 16:37:26,3496627,0.5,0.0,8,2,   2606
2026-07-22 16:37:28,3496627,0.5,0.0,8,2,   2608
2026-07-22 16:37:30,3496627,0.5,0.0,8,2,   2610
2026-07-22 16:37:33,3496627,0.5,0.0,8,2,   2613
2026-07-22 16:37:35,3496627,0.5,0.0,8,2,   2615
2026-07-22 16:37:37,3496627,0.5,0.0,8,2,   2617
2026-07-22 16:37:39,3496627,0.5,0.0,8,2,   2619
2026-07-22 16:37:41,3496627,0.5,0.0,8,2,   2621
2026-07-22 16:37:43,3496627,0.5,0.0,8,2,   2623
2026-07-22 16:37:45,3496627,0.5,0.0,8,2,   2625
2026-07-22 16:37:47,3496627,0.5,0.0,8,2,   2627
2026-07-22 16:37:49,3496627,0.5,0.0,8,2,   2629
2026-07-22 16:37:51,3496627,0.5,0.0,8,2,   2631
2026-07-22 16:37:53,3496627,0.5,0.0,8,2,   2633
2026-07-22 16:37:56,3496627,0.5,0.0,8,2,   2636
2026-07-22 16:37:58,3496627,0.5,0.0,8,2,   2638
2026-07-22 16:38:00,3496627,0.5,0.0,8,2,   2640
2026-07-22 16:38:02,3496627,0.5,0.0,8,2,   2642
2026-07-22 16:38:04,3496627,0.5,0.0,8,2,   2644
2026-07-22 16:38:06,3496627,0.5,0.0,8,2,   2646
2026-07-22 16:38:08,3496627,0.5,0.0,8,2,   2648
2026-07-22 16:38:10,3496627,0.5,0.0,8,2,   2650
2026-07-22 16:38:12,3496627,0.5,0.0,8,2,   2652
2026-07-22 16:38:14,3496627,0.5,0.0,8,2,   2654
2026-07-22 16:38:16,3496627,0.5,0.0,8,2,   2656
2026-07-22 16:38:19,3496627,0.5,0.0,8,2,   2659
2026-07-22 16:38:21,3496627,0.5,0.0,8,2,   2661
2026-07-22 16:38:23,3496627,0.5,0.0,8,2,   2663
2026-07-22 16:38:25,3496627,0.5,0.0,8,2,   2665
2026-07-22 16:38:27,3496627,0.5,0.0,8,2,   2667
2026-07-22 16:38:29,3496627,0.5,0.0,8,2,   2669
2026-07-22 16:38:31,3496627,0.5,0.0,8,2,   2671
2026-07-22 16:38:33,3496627,0.5,0.0,8,2,   2673
2026-07-22 16:38:35,3496627,0.5,0.0,8,2,   2675
2026-07-22 16:38:37,3496627,0.5,0.0,8,2,   2677
2026-07-22 16:38:40,3496627,0.5,0.0,8,2,   2680
2026-07-22 16:38:42,3496627,0.5,0.0,8,2,   2682
2026-07-22 16:38:44,3496627,0.5,0.0,8,2,   2684
2026-07-22 16:38:46,3496627,0.5,0.0,8,2,   2686
2026-07-22 16:38:48,3496627,0.5,0.0,8,2,   2688
2026-07-22 16:38:50,3496627,0.5,0.0,8,2,   2690
2026-07-22 16:38:52,3496627,0.5,0.0,8,2,   2692
2026-07-22 16:38:54,3496627,0.5,0.0,8,2,   2694
2026-07-22 16:38:56,3496627,0.5,0.0,8,2,   2696
2026-07-22 16:38:58,3496627,0.5,0.0,8,2,   2698
2026-07-22 16:39:01,3496627,0.5,0.0,8,2,   2701
2026-07-22 16:39:03,3496627,0.5,0.0,8,2,   2703
2026-07-22 16:39:05,3496627,0.5,0.0,8,2,   2705
2026-07-22 16:39:07,3496627,0.5,0.0,8,2,   2707
2026-07-22 16:39:09,3496627,0.5,0.0,8,2,   2709
2026-07-22 16:39:11,3496627,0.5,0.0,8,2,   2711
2026-07-22 16:39:13,3496627,0.5,0.0,8,2,   2713
2026-07-22 16:39:15,3496627,0.5,0.0,8,2,   2715
2026-07-22 16:39:17,3496627,0.5,0.0,8,2,   2717
2026-07-22 16:39:19,3496627,0.5,0.0,8,2,   2719
2026-07-22 16:39:22,3496627,0.5,0.0,8,2,   2722
2026-07-22 16:39:24,3496627,0.5,0.0,8,2,   2724
2026-07-22 16:39:26,3496627,0.5,0.0,8,2,   2726
2026-07-22 16:39:28,3496627,0.5,0.0,8,2,   2728
2026-07-22 16:39:30,3496627,0.5,0.0,8,2,   2730
2026-07-22 16:39:32,3496627,0.5,0.0,8,2,   2732
2026-07-22 16:39:34,3496627,0.5,0.0,8,2,   2734
2026-07-22 16:39:36,3496627,0.5,0.0,8,2,   2736
2026-07-22 16:39:38,3496627,0.5,0.0,8,2,   2738
2026-07-22 16:39:40,3496627,0.5,0.0,8,2,   2740
2026-07-22 16:39:42,3496627,0.5,0.0,8,2,   2742
2026-07-22 16:39:45,3496627,0.5,0.0,8,2,   2745
2026-07-22 16:39:47,3496627,0.5,0.0,8,2,   2747
2026-07-22 16:39:49,3496627,0.5,0.0,8,2,   2749
2026-07-22 16:39:51,3496627,0.5,0.0,8,2,   2751
2026-07-22 16:39:53,3496627,0.5,0.0,8,2,   2753
2026-07-22 16:39:55,3496627,0.5,0.0,8,2,   2755
2026-07-22 16:39:57,3496627,0.5,0.0,8,2,   2757
2026-07-22 16:39:59,3496627,0.5,0.0,8,2,   2759
2026-07-22 16:40:01,3496627,0.5,0.0,8,2,   2761
2026-07-22 16:40:03,3496627,0.5,0.0,8,2,   2763
2026-07-22 16:40:06,3496627,0.5,0.0,8,2,   2766
2026-07-22 16:40:08,3496627,0.5,0.0,8,2,   2768
2026-07-22 16:40:10,3496627,0.5,0.0,8,2,   2770
2026-07-22 16:40:12,3496627,0.5,0.0,8,2,   2772
2026-07-22 16:40:14,3496627,0.5,0.0,8,2,   2774
2026-07-22 16:40:16,3496627,0.5,0.0,8,2,   2776
2026-07-22 16:40:18,3496627,0.5,0.0,8,2,   2778
2026-07-22 16:40:20,3496627,0.5,0.0,8,2,   2780
2026-07-22 16:40:22,3496627,0.5,0.0,8,2,   2782
2026-07-22 16:40:24,3496627,0.5,0.0,8,2,   2784
2026-07-22 16:40:27,3496627,0.5,0.0,8,2,   2787
2026-07-22 16:40:29,3496627,0.5,0.0,8,2,   2789
2026-07-22 16:40:31,3496627,0.5,0.0,8,2,   2791
2026-07-22 16:40:33,3496627,0.5,0.0,8,2,   2793
2026-07-22 16:40:35,3496627,0.5,0.0,8,2,   2795
2026-07-22 16:40:37,3496627,0.5,0.0,8,2,   2797
2026-07-22 16:40:39,3496627,0.5,0.0,8,2,   2799
2026-07-22 16:40:41,3496627,0.5,0.0,8,2,   2801
2026-07-22 16:40:43,3496627,0.5,0.0,8,2,   2803
2026-07-22 16:40:45,3496627,0.5,0.0,8,2,   2805
2026-07-22 16:40:47,3496627,0.5,0.0,8,2,   2807
2026-07-22 16:40:50,3496627,0.5,0.0,8,2,   2810
2026-07-22 16:40:52,3496627,0.5,0.0,8,2,   2812
2026-07-22 16:40:54,3496627,0.5,0.0,8,2,   2814
2026-07-22 16:40:56,3496627,0.5,0.0,8,2,   2816
2026-07-22 16:40:58,3496627,0.5,0.0,8,2,   2818
2026-07-22 16:41:00,3496627,0.5,0.0,8,2,   2820
2026-07-22 16:41:02,3496627,0.5,0.0,8,2,   2822
2026-07-22 16:41:04,3496627,0.5,0.0,8,2,   2824
2026-07-22 16:41:06,3496627,0.5,0.0,8,2,   2826
2026-07-22 16:41:08,3496627,0.5,0.0,8,2,   2828
2026-07-22 16:41:11,3496627,0.5,0.0,8,2,   2831
2026-07-22 16:41:13,3496627,0.5,0.0,8,2,   2833
2026-07-22 16:41:15,3496627,0.5,0.0,8,2,   2835
2026-07-22 16:41:17,3496627,0.5,0.0,8,2,   2837
2026-07-22 16:41:19,3496627,0.5,0.0,8,2,   2839
2026-07-22 16:41:21,3496627,0.5,0.0,8,2,   2841
2026-07-22 16:41:23,3496627,0.5,0.0,8,2,   2843
2026-07-22 16:41:25,3496627,0.5,0.0,8,2,   2845
2026-07-22 16:41:27,3496627,0.5,0.0,8,2,   2847
2026-07-22 16:41:29,3496627,0.5,0.0,8,2,   2849
2026-07-22 16:41:31,3496627,0.5,0.0,8,2,   2852
2026-07-22 16:41:34,3496627,0.5,0.0,8,2,   2854
2026-07-22 16:41:36,3496627,0.5,0.0,8,2,   2856
2026-07-22 16:41:38,3496627,0.5,0.0,8,2,   2858
2026-07-22 16:41:40,3496627,0.5,0.0,8,2,   2860
2026-07-22 16:41:42,3496627,0.5,0.0,8,2,   2862
2026-07-22 16:41:44,3496627,0.5,0.0,8,2,   2864
2026-07-22 16:41:46,3496627,0.5,0.0,8,2,   2866
2026-07-22 16:41:48,3496627,0.5,0.0,8,2,   2868
2026-07-22 16:41:50,3496627,0.5,0.0,8,2,   2870
2026-07-22 16:41:52,3496627,0.5,0.0,8,2,   2872
2026-07-22 16:41:55,3496627,0.5,0.0,8,2,   2875
2026-07-22 16:41:57,3496627,0.5,0.0,8,2,   2877
2026-07-22 16:41:59,3496627,0.5,0.0,8,2,   2879
2026-07-22 16:42:01,3496627,0.5,0.0,8,2,   2881
2026-07-22 16:42:03,3496627,0.5,0.0,8,2,   2883
2026-07-22 16:42:05,3496627,0.5,0.0,8,2,   2885
2026-07-22 16:42:07,3496627,0.5,0.0,8,2,   2887
2026-07-22 16:42:09,3496627,0.5,0.0,8,2,   2889
2026-07-22 16:42:11,3496627,0.5,0.0,8,2,   2891
2026-07-22 16:42:13,3496627,0.5,0.0,8,2,   2893
2026-07-22 16:42:16,3496627,0.5,0.0,8,2,   2896
2026-07-22 16:42:18,3496627,0.5,0.0,8,2,   2898
2026-07-22 16:42:20,3496627,0.5,0.0,8,2,   2900
2026-07-22 16:42:22,3496627,0.5,0.0,8,2,   2902
2026-07-22 16:42:24,3496627,0.5,0.0,8,2,   2904
2026-07-22 16:42:26,3496627,0.5,0.0,8,2,   2906
2026-07-22 16:42:28,3496627,0.5,0.0,8,2,   2908
2026-07-22 16:42:30,3496627,0.5,0.0,8,2,   2910
2026-07-22 16:42:32,3496627,0.5,0.0,8,2,   2912
2026-07-22 16:42:35,3496627,0.5,0.0,8,2,   2915
2026-07-22 16:42:37,3496627,0.5,0.0,8,2,   2917
2026-07-22 16:42:39,3496627,0.5,0.0,8,2,   2919
2026-07-22 16:42:41,3496627,0.5,0.0,8,2,   2921
2026-07-22 16:42:43,3496627,0.5,0.0,8,2,   2923
2026-07-22 16:42:45,3496627,0.5,0.0,8,2,   2925
2026-07-22 16:42:47,3496627,0.5,0.0,8,2,   2927
2026-07-22 16:42:49,3496627,0.5,0.0,8,2,   2929
2026-07-22 16:42:51,3496627,0.5,0.0,8,2,   2931
2026-07-22 16:42:53,3496627,0.5,0.0,8,2,   2933
2026-07-22 16:42:55,3496627,0.5,0.0,8,2,   2935
2026-07-22 16:42:58,3496627,0.5,0.0,8,2,   2938
2026-07-22 16:43:00,3496627,0.5,0.0,8,2,   2940
2026-07-22 16:43:02,3496627,0.5,0.0,8,2,   2942
2026-07-22 16:43:04,3496627,0.5,0.0,8,2,   2944
2026-07-22 16:43:06,3496627,0.5,0.0,8,2,   2946
2026-07-22 16:43:08,3496627,0.5,0.0,8,2,   2948
2026-07-22 16:43:10,3496627,0.5,0.0,8,2,   2950
2026-07-22 16:43:12,3496627,0.5,0.0,8,2,   2952
2026-07-22 16:43:14,3496627,0.5,0.0,8,2,   2954
2026-07-22 16:43:17,3496627,0.5,0.0,8,2,   2957
2026-07-22 16:43:19,3496627,0.5,0.0,8,2,   2959
2026-07-22 16:43:21,3496627,0.5,0.0,8,2,   2961
2026-07-22 16:43:23,3496627,0.5,0.0,8,2,   2963
2026-07-22 16:43:25,3496627,0.5,0.0,8,2,   2965
2026-07-22 16:43:27,3496627,0.5,0.0,8,2,   2967
2026-07-22 16:43:29,3496627,0.5,0.0,8,2,   2969
2026-07-22 16:43:31,3496627,0.5,0.0,8,2,   2971
2026-07-22 16:43:33,3496627,0.5,0.0,8,2,   2973
2026-07-22 16:43:35,3496627,0.5,0.0,8,2,   2975
2026-07-22 16:43:37,3496627,0.5,0.0,8,2,   2977
2026-07-22 16:43:39,3496627,0.5,0.0,8,2,   2979
2026-07-22 16:43:42,3496627,0.5,0.0,8,2,   2982
2026-07-22 16:43:44,3496627,0.5,0.0,8,2,   2984
2026-07-22 16:43:46,3496627,0.5,0.0,8,2,   2986
2026-07-22 16:43:48,3496627,0.5,0.0,8,2,   2988
2026-07-22 16:43:50,3496627,0.5,0.0,8,2,   2990
2026-07-22 16:43:52,3496627,0.5,0.0,8,2,   2992
2026-07-22 16:43:54,3496627,0.5,0.0,8,2,   2994
2026-07-22 16:43:56,3496627,0.5,0.0,8,2,   2996
2026-07-22 16:43:58,3496627,0.5,0.0,8,2,   2998
2026-07-22 16:44:00,3496627,0.5,0.0,8,2,   3000
2026-07-22 16:44:03,3496627,0.5,0.0,8,2,   3003
2026-07-22 16:44:05,3496627,0.5,0.0,8,2,   3005
2026-07-22 16:44:07,3496627,0.5,0.0,8,2,   3007
2026-07-22 16:44:09,3496627,0.5,0.0,8,2,   3009
2026-07-22 16:44:11,3496627,0.5,0.0,8,2,   3011
2026-07-22 16:44:13,3496627,0.5,0.0,8,2,   3013
2026-07-22 16:44:15,3496627,0.5,0.0,8,2,   3015
2026-07-22 16:44:17,3496627,0.5,0.0,8,2,   3017
2026-07-22 16:44:19,3496627,0.5,0.0,8,2,   3019
2026-07-22 16:44:21,3496627,0.5,0.0,8,2,   3021
2026-07-22 16:44:24,3496627,0.5,0.0,8,2,   3024
2026-07-22 16:44:26,3496627,0.5,0.0,8,2,   3026
2026-07-22 16:44:28,3496627,0.5,0.0,8,2,   3028
2026-07-22 16:44:30,3496627,0.5,0.0,8,2,   3030
2026-07-22 16:44:32,3496627,0.5,0.0,8,2,   3032
2026-07-22 16:44:34,3496627,0.5,0.0,8,2,   3034
2026-07-22 16:44:36,3496627,0.5,0.0,8,2,   3036
2026-07-22 16:44:38,3496627,0.5,0.0,8,2,   3038
2026-07-22 16:44:40,3496627,0.5,0.0,8,2,   3040
2026-07-22 16:44:42,3496627,0.5,0.0,8,2,   3042
2026-07-22 16:44:45,3496627,0.5,0.0,8,2,   3044
2026-07-22 16:44:47,3496627,0.5,0.0,8,2,   3047
2026-07-22 16:44:49,3496627,0.5,0.0,8,2,   3049
2026-07-22 16:44:51,3496627,0.5,0.0,8,2,   3051
2026-07-22 16:44:53,3496627,0.5,0.0,8,2,   3053
2026-07-22 16:44:55,3496627,0.5,0.0,8,2,   3055
2026-07-22 16:44:57,3496627,0.5,0.0,8,2,   3057
2026-07-22 16:44:59,3496627,0.5,0.0,8,2,   3059
2026-07-22 16:45:01,3496627,0.5,0.0,8,2,   3061
2026-07-22 16:45:03,3496627,0.5,0.0,8,2,   3063
2026-07-22 16:45:05,3496627,0.5,0.0,8,2,   3065
2026-07-22 16:45:07,3496627,0.5,0.0,8,2,   3067
2026-07-22 16:45:09,3496627,0.5,0.0,8,2,   3070
2026-07-22 16:45:12,3496627,0.5,0.0,8,2,   3072
2026-07-22 16:45:14,3496627,0.5,0.0,8,2,   3074
2026-07-22 16:45:16,3496627,0.5,0.0,8,2,   3076
2026-07-22 16:45:18,3496627,0.5,0.0,8,2,   3078
2026-07-22 16:45:20,3496627,0.5,0.0,8,2,   3080
2026-07-22 16:45:22,3496627,0.5,0.0,8,2,   3082
2026-07-22 16:45:24,3496627,0.5,0.0,8,2,   3084
2026-07-22 16:45:26,3496627,0.5,0.0,8,2,   3086
2026-07-22 16:45:28,3496627,0.5,0.0,8,2,   3088
2026-07-22 16:45:30,3496627,0.5,0.0,8,2,   3090
2026-07-22 16:45:32,3496627,0.5,0.0,8,2,   3092
2026-07-22 16:45:35,3496627,0.5,0.0,8,2,   3095
2026-07-22 16:45:37,3496627,0.5,0.0,8,2,   3097
2026-07-22 16:45:39,3496627,0.5,0.0,8,2,   3099
2026-07-22 16:45:41,3496627,0.5,0.0,8,2,   3101
2026-07-22 16:45:43,3496627,0.5,0.0,8,2,   3103
2026-07-22 16:45:45,3496627,0.5,0.0,8,2,   3105
2026-07-22 16:45:47,3496627,0.5,0.0,8,2,   3107
2026-07-22 16:45:49,3496627,0.5,0.0,8,2,   3109
2026-07-22 16:45:51,3496627,0.5,0.0,8,2,   3111
2026-07-22 16:45:54,3496627,0.5,0.0,8,2,   3114
2026-07-22 16:45:56,3496627,0.5,0.0,8,2,   3116
2026-07-22 16:45:58,3496627,0.5,0.0,8,2,   3118
2026-07-22 16:46:00,3496627,0.5,0.0,8,2,   3120
2026-07-22 16:46:02,3496627,0.5,0.0,8,2,   3122
2026-07-22 16:46:04,3496627,0.5,0.0,8,2,   3124
2026-07-22 16:46:06,3496627,0.5,0.0,8,2,   3126
2026-07-22 16:46:08,3496627,0.5,0.0,8,2,   3128
2026-07-22 16:46:10,3496627,0.5,0.0,8,2,   3130
2026-07-22 16:46:12,3496627,0.5,0.0,8,2,   3133
2026-07-22 16:46:15,3496627,0.5,0.0,8,2,   3135
2026-07-22 16:46:17,3496627,0.5,0.0,8,2,   3137
2026-07-22 16:46:19,3496627,0.5,0.0,8,2,   3139
2026-07-22 16:46:21,3496627,0.5,0.0,8,2,   3141
2026-07-22 16:46:23,3496627,0.5,0.0,8,2,   3143
2026-07-22 16:46:25,3496627,0.5,0.0,8,2,   3145
2026-07-22 16:46:27,3496627,0.5,0.0,8,2,   3147
2026-07-22 16:46:29,3496627,0.5,0.0,8,2,   3149
2026-07-22 16:46:31,3496627,0.5,0.0,8,2,   3151
2026-07-22 16:46:33,3496627,0.5,0.0,8,2,   3153
2026-07-22 16:46:35,3496627,0.5,0.0,8,2,   3155
2026-07-22 16:46:38,3496627,0.5,0.0,8,2,   3158
2026-07-22 16:46:40,3496627,0.5,0.0,8,2,   3160
2026-07-22 16:46:42,3496627,0.5,0.0,8,2,   3162
2026-07-22 16:46:44,3496627,0.5,0.0,8,2,   3164
2026-07-22 16:46:46,3496627,0.5,0.0,8,2,   3166
2026-07-22 16:46:48,3496627,0.5,0.0,8,2,   3168
2026-07-22 16:46:50,3496627,0.5,0.0,8,2,   3170
2026-07-22 16:46:52,3496627,0.5,0.0,8,2,   3172
2026-07-22 16:46:54,3496627,0.5,0.0,8,2,   3174
2026-07-22 16:46:56,3496627,0.5,0.0,8,2,   3176
2026-07-22 16:46:58,3496627,0.5,0.0,8,2,   3178
2026-07-22 16:47:00,3496627,0.5,0.0,8,2,   3180
2026-07-22 16:47:03,3496627,0.5,0.0,8,2,   3183
2026-07-22 16:47:05,3496627,0.5,0.0,8,2,   3185
2026-07-22 16:47:07,3496627,0.5,0.0,8,2,   3187
2026-07-22 16:47:09,3496627,0.5,0.0,8,2,   3189
2026-07-22 16:47:11,3496627,0.5,0.0,8,2,   3191
2026-07-22 16:47:13,3496627,0.5,0.0,8,2,   3193
2026-07-22 16:47:15,3496627,0.5,0.0,8,2,   3195
2026-07-22 16:47:17,3496627,0.5,0.0,8,2,   3197
2026-07-22 16:47:19,3496627,0.5,0.0,8,2,   3199
2026-07-22 16:47:21,3496627,0.5,0.0,8,2,   3201
2026-07-22 16:47:23,3496627,0.5,0.0,8,2,   3203
2026-07-22 16:47:25,3496627,0.5,0.0,8,2,   3205
2026-07-22 16:47:27,3496627,0.5,0.0,8,2,   3207
2026-07-22 16:47:30,3496627,0.5,0.0,8,2,   3210
2026-07-22 16:47:32,3496627,0.5,0.0,8,2,   3212
2026-07-22 16:47:34,3496627,0.5,0.0,8,2,   3214
2026-07-22 16:47:36,3496627,0.5,0.0,8,2,   3216
2026-07-22 16:47:38,3496627,0.5,0.0,8,2,   3218
2026-07-22 16:47:40,3496627,0.5,0.0,8,2,   3220
2026-07-22 16:47:42,3496627,0.5,0.0,8,2,   3222
2026-07-22 16:47:44,3496627,0.5,0.0,8,2,   3224
2026-07-22 16:47:46,3496627,0.5,0.0,8,2,   3226
2026-07-22 16:47:48,3496627,0.5,0.0,8,2,   3228
2026-07-22 16:47:50,3496627,0.5,0.0,8,2,   3230
2026-07-22 16:47:52,3496627,0.5,0.0,8,2,   3232
2026-07-22 16:47:55,3496627,0.5,0.0,8,2,   3235
2026-07-22 16:47:57,3496627,0.5,0.0,8,2,   3237
2026-07-22 16:47:59,3496627,0.5,0.0,8,2,   3239
2026-07-22 16:48:01,3496627,0.5,0.0,8,2,   3241
2026-07-22 16:48:03,3496627,0.5,0.0,8,2,   3243
2026-07-22 16:48:05,3496627,0.5,0.0,8,2,   3245
2026-07-22 16:48:07,3496627,0.5,0.0,8,2,   3247
2026-07-22 16:48:09,3496627,0.5,0.0,8,2,   3249
2026-07-22 16:48:11,3496627,0.5,0.0,8,2,   3251
2026-07-22 16:48:13,3496627,0.5,0.0,8,2,   3253
2026-07-22 16:48:15,3496627,0.5,0.0,8,2,   3255
2026-07-22 16:48:17,3496627,0.5,0.0,8,2,   3257
2026-07-22 16:48:19,3496627,0.5,0.0,8,2,   3259
2026-07-22 16:48:22,3496627,0.5,0.0,8,2,   3262
2026-07-22 16:48:24,3496627,0.5,0.0,8,2,   3264
2026-07-22 16:48:26,3496627,0.5,0.0,8,2,   3266
2026-07-22 16:48:28,3496627,0.5,0.0,8,2,   3268
2026-07-22 16:48:30,3496627,0.5,0.0,8,2,   3270
2026-07-22 16:48:32,3496627,0.5,0.0,8,2,   3272
2026-07-22 16:48:34,3496627,0.5,0.0,8,2,   3274
2026-07-22 16:48:36,3496627,0.5,0.0,8,2,   3276
2026-07-22 16:48:38,3496627,0.5,0.0,8,2,   3278
2026-07-22 16:48:40,3496627,0.5,0.0,8,2,   3280
2026-07-22 16:48:42,3496627,0.5,0.0,8,2,   3282
2026-07-22 16:48:44,3496627,0.5,0.0,8,2,   3284
2026-07-22 16:48:46,3496627,0.5,0.0,8,2,   3286
2026-07-22 16:48:49,3496627,0.5,0.0,8,2,   3289
2026-07-22 16:48:51,3496627,0.5,0.0,8,2,   3291
2026-07-22 16:48:53,3496627,0.5,0.0,8,2,   3293
2026-07-22 16:48:55,3496627,0.5,0.0,8,2,   3295
2026-07-22 16:48:57,3496627,0.5,0.0,8,2,   3297
2026-07-22 16:48:59,3496627,0.5,0.0,8,2,   3299
2026-07-22 16:49:01,3496627,0.5,0.0,8,2,   3301
2026-07-22 16:49:03,3496627,0.5,0.0,8,2,   3303
2026-07-22 16:49:05,3496627,0.5,0.0,8,2,   3305
2026-07-22 16:49:07,3496627,0.5,0.0,8,2,   3307
2026-07-22 16:49:09,3496627,0.5,0.0,8,2,   3309
2026-07-22 16:49:12,3496627,0.5,0.0,8,2,   3312
2026-07-22 16:49:14,3496627,0.5,0.0,8,2,   3314
2026-07-22 16:49:16,3496627,0.5,0.0,8,2,   3316
2026-07-22 16:49:18,3496627,0.5,0.0,8,2,   3318
2026-07-22 16:49:20,3496627,0.5,0.0,8,2,   3320
2026-07-22 16:49:22,3496627,0.5,0.0,8,2,   3322
2026-07-22 16:49:24,3496627,0.5,0.0,8,2,   3324
2026-07-22 16:49:26,3496627,0.5,0.0,8,2,   3326
2026-07-22 16:49:28,3496627,0.5,0.0,8,2,   3328
2026-07-22 16:49:30,3496627,0.5,0.0,8,2,   3330
2026-07-22 16:49:32,3496627,0.5,0.0,8,2,   3332
2026-07-22 16:49:34,3496627,0.5,0.0,8,2,   3334
2026-07-22 16:49:36,3496627,0.5,0.0,8,2,   3336
2026-07-22 16:49:39,3496627,0.5,0.0,8,2,   3339
2026-07-22 16:49:41,3496627,0.5,0.0,8,2,   3341
2026-07-22 16:49:43,3496627,0.5,0.0,8,2,   3343
2026-07-22 16:49:45,3496627,0.5,0.0,8,2,   3345
2026-07-22 16:49:47,3496627,0.5,0.0,8,2,   3347
2026-07-22 16:49:49,3496627,0.5,0.0,8,2,   3349
2026-07-22 16:49:51,3496627,0.5,0.0,8,2,   3351
2026-07-22 16:49:53,3496627,0.5,0.0,8,2,   3353
2026-07-22 16:49:55,3496627,0.5,0.0,8,2,   3355
2026-07-22 16:49:57,3496627,0.5,0.0,8,2,   3357
2026-07-22 16:49:59,3496627,0.5,0.0,8,2,   3359
2026-07-22 16:50:01,3496627,0.5,0.0,8,2,   3361
2026-07-22 16:50:03,3496627,0.5,0.0,8,2,   3364
2026-07-22 16:50:06,3496627,0.5,0.0,8,2,   3366
2026-07-22 16:50:08,3496627,0.5,0.0,8,2,   3368
2026-07-22 16:50:10,3496627,0.5,0.0,8,2,   3370
2026-07-22 16:50:12,3496627,0.5,0.0,8,2,   3372
2026-07-22 16:50:14,3496627,0.5,0.0,8,2,   3374
2026-07-22 16:50:16,3496627,0.5,0.0,8,2,   3376
2026-07-22 16:50:18,3496627,0.5,0.0,8,2,   3378
2026-07-22 16:50:20,3496627,0.5,0.0,8,2,   3380
2026-07-22 16:50:22,3496627,0.5,0.0,8,2,   3382
2026-07-22 16:50:24,3496627,0.5,0.0,8,2,   3384
2026-07-22 16:50:26,3496627,0.5,0.0,8,2,   3386
2026-07-22 16:50:28,3496627,0.5,0.0,8,2,   3388
2026-07-22 16:50:30,3496627,0.5,0.0,8,2,   3390
2026-07-22 16:50:33,3496627,0.5,0.0,8,2,   3393
2026-07-22 16:50:35,3496627,0.5,0.0,8,2,   3395
2026-07-22 16:50:37,3496627,0.5,0.0,8,2,   3397
2026-07-22 16:50:39,3496627,0.5,0.0,8,2,   3399
2026-07-22 16:50:41,3496627,0.5,0.0,8,2,   3401
2026-07-22 16:50:43,3496627,0.5,0.0,8,2,   3403
2026-07-22 16:50:45,3496627,0.5,0.0,8,2,   3405
2026-07-22 16:50:47,3496627,0.5,0.0,8,2,   3407
2026-07-22 16:50:49,3496627,0.5,0.0,8,2,   3409
2026-07-22 16:50:51,3496627,0.5,0.0,8,2,   3411
2026-07-22 16:50:53,3496627,0.5,0.0,8,2,   3413
2026-07-22 16:50:56,3496627,0.5,0.0,8,2,   3416
2026-07-22 16:50:58,3496627,0.5,0.0,8,2,   3418
2026-07-22 16:51:00,3496627,0.5,0.0,8,2,   3420
2026-07-22 16:51:02,3496627,0.5,0.0,8,2,   3422
2026-07-22 16:51:04,3496627,0.5,0.0,8,2,   3424
2026-07-22 16:51:06,3496627,0.5,0.0,8,2,   3426
2026-07-22 16:51:08,3496627,0.5,0.0,8,2,   3428
2026-07-22 16:51:10,3496627,0.5,0.0,8,2,   3430
2026-07-22 16:51:12,3496627,0.5,0.0,8,2,   3432
2026-07-22 16:51:14,3496627,0.5,0.0,8,2,   3434
2026-07-22 16:51:17,3496627,0.5,0.0,8,2,   3437
2026-07-22 16:51:19,3496627,0.5,0.0,8,2,   3439
2026-07-22 16:51:21,3496627,0.5,0.0,8,2,   3441
2026-07-22 16:51:23,3496627,0.5,0.0,8,2,   3443
2026-07-22 16:51:25,3496627,0.5,0.0,8,2,   3445
2026-07-22 16:51:27,3496627,0.5,0.0,8,2,   3447
2026-07-22 16:51:29,3496627,0.5,0.0,8,2,   3449
2026-07-22 16:51:31,3496627,0.5,0.0,8,2,   3451
2026-07-22 16:51:33,3496627,0.5,0.0,8,2,   3453
2026-07-22 16:51:35,3496627,0.5,0.0,8,2,   3455
2026-07-22 16:51:37,3496627,0.5,0.0,8,2,   3457
2026-07-22 16:51:40,3496627,0.5,0.0,8,2,   3460
2026-07-22 16:51:42,3496627,0.5,0.0,8,2,   3462
2026-07-22 16:51:44,3496627,0.5,0.0,8,2,   3464
2026-07-22 16:51:46,3496627,0.5,0.0,8,2,   3466
2026-07-22 16:51:48,3496627,0.5,0.0,8,2,   3468
2026-07-22 16:51:50,3496627,0.5,0.0,8,2,   3470
2026-07-22 16:51:52,3496627,0.5,0.0,8,2,   3472
2026-07-22 16:51:54,3496627,0.5,0.0,8,2,   3474
2026-07-22 16:51:56,3496627,0.5,0.0,8,2,   3476
2026-07-22 16:51:58,3496627,0.5,0.0,8,2,   3478
2026-07-22 16:52:01,3496627,0.5,0.0,8,2,   3481
2026-07-22 16:52:03,3496627,0.5,0.0,8,2,   3483
2026-07-22 16:52:05,3496627,0.5,0.0,8,2,   3485
2026-07-22 16:52:07,3496627,0.5,0.0,8,2,   3487
2026-07-22 16:52:09,3496627,0.5,0.0,8,2,   3489
2026-07-22 16:52:11,3496627,0.5,0.0,8,2,   3491
2026-07-22 16:52:13,3496627,0.5,0.0,8,2,   3493
2026-07-22 16:52:15,3496627,0.5,0.0,8,2,   3495
2026-07-22 16:52:17,3496627,0.5,0.0,8,2,   3497
2026-07-22 16:52:19,3496627,0.5,0.0,8,2,   3499
2026-07-22 16:52:22,3496627,0.5,0.0,8,2,   3502
2026-07-22 16:52:24,3496627,0.5,0.0,8,2,   3504
2026-07-22 16:52:26,3496627,0.5,0.0,8,2,   3506
2026-07-22 16:52:28,3496627,0.5,0.0,8,2,   3508
2026-07-22 16:52:30,3496627,0.5,0.0,8,2,   3510
2026-07-22 16:52:32,3496627,0.5,0.0,8,2,   3512
2026-07-22 16:52:34,3496627,0.5,0.0,8,2,   3514
2026-07-22 16:52:36,3496627,0.5,0.0,8,2,   3516
2026-07-22 16:52:38,3496627,0.5,0.0,8,2,   3518
2026-07-22 16:52:40,3496627,0.5,0.0,8,2,   3520
2026-07-22 16:52:43,3496627,0.5,0.0,8,2,   3523
2026-07-22 16:52:45,3496627,0.5,0.0,8,2,   3525
2026-07-22 16:52:47,3496627,0.5,0.0,8,2,   3527
2026-07-22 16:52:49,3496627,0.5,0.0,8,2,   3529
2026-07-22 16:52:51,3496627,0.5,0.0,8,2,   3531
2026-07-22 16:52:53,3496627,0.5,0.0,8,2,   3533
2026-07-22 16:52:55,3496627,0.5,0.0,8,2,   3535
2026-07-22 16:52:57,3496627,0.5,0.0,8,2,   3537
2026-07-22 16:52:59,3496627,0.5,0.0,8,2,   3539
2026-07-22 16:53:01,3496627,0.5,0.0,8,2,   3541
2026-07-22 16:53:03,3496627,0.5,0.0,8,2,   3543
2026-07-22 16:53:05,3496627,0.5,0.0,8,2,   3545
2026-07-22 16:53:08,3496627,0.5,0.0,8,2,   3548
2026-07-22 16:53:10,3496627,0.5,0.0,8,2,   3550
2026-07-22 16:53:12,3496627,0.5,0.0,8,2,   3552
2026-07-22 16:53:14,3496627,0.5,0.0,8,2,   3554
2026-07-22 16:53:16,3496627,0.5,0.0,8,2,   3556
2026-07-22 16:53:18,3496627,0.5,0.0,8,2,   3558
2026-07-22 16:53:20,3496627,0.5,0.0,8,2,   3560
2026-07-22 16:53:22,3496627,0.5,0.0,8,2,   3562
2026-07-22 16:53:24,3496627,0.5,0.0,8,2,   3564
2026-07-22 16:53:26,3496627,0.5,0.0,8,2,   3566
2026-07-22 16:53:28,3496627,0.5,0.0,8,2,   3568
2026-07-22 16:53:31,3496627,0.5,0.0,8,2,   3571
2026-07-22 16:53:33,3496627,0.5,0.0,8,2,   3573
2026-07-22 16:53:35,3496627,0.5,0.0,8,2,   3575
2026-07-22 16:53:37,3496627,0.5,0.0,8,2,   3577
2026-07-22 16:53:39,3496627,0.5,0.0,8,2,   3579
2026-07-22 16:53:41,3496627,0.5,0.0,8,2,   3581
2026-07-22 16:53:43,3496627,0.5,0.0,8,2,   3583
2026-07-22 16:53:45,3496627,0.5,0.0,8,2,   3585
2026-07-22 16:53:47,3496627,0.5,0.0,8,2,   3587
2026-07-22 16:53:49,3496627,0.5,0.0,8,2,   3589
2026-07-22 16:53:51,3496627,0.5,0.0,8,2,   3591
2026-07-22 16:53:54,3496627,0.5,0.0,8,2,   3594
2026-07-22 16:53:56,3496627,0.5,0.0,8,2,   3596
2026-07-22 16:53:58,3496627,0.5,0.0,8,2,   3598
2026-07-22 16:54:00,3496627,0.5,0.0,8,2,   3600
2026-07-22 16:54:02,3496627,0.5,0.0,8,2,   3602
2026-07-22 16:54:04,3496627,0.5,0.0,8,2,   3604
2026-07-22 16:54:06,3496627,0.5,0.0,8,2,   3606
2026-07-22 16:54:08,3496627,0.5,0.0,8,2,   3608
2026-07-22 16:54:10,3496627,0.5,0.0,8,2,   3610
2026-07-22 16:54:12,3496627,0.5,0.0,8,2,   3612
2026-07-22 16:54:14,3496627,0.5,0.0,8,2,   3614
2026-07-22 16:54:17,3496627,0.5,0.0,8,2,   3617
2026-07-22 16:54:19,3496627,0.5,0.0,8,2,   3619
2026-07-22 16:54:21,3496627,0.5,0.0,8,2,   3621
2026-07-22 16:54:23,3496627,0.5,0.0,8,2,   3623
2026-07-22 16:54:25,3496627,0.5,0.0,8,2,   3625
2026-07-22 16:54:27,3496627,0.5,0.0,8,2,   3627
2026-07-22 16:54:29,3496627,0.5,0.0,8,2,   3629
2026-07-22 16:54:31,3496627,0.5,0.0,8,2,   3631
2026-07-22 16:54:33,3496627,0.5,0.0,8,2,   3633
2026-07-22 16:54:36,3496627,0.5,0.0,8,2,   3636
2026-07-22 16:54:38,3496627,0.5,0.0,8,2,   3638
2026-07-22 16:54:40,3496627,0.5,0.0,8,2,   3640
2026-07-22 16:54:42,3496627,0.5,0.0,8,2,   3642
2026-07-22 16:54:44,3496627,0.5,0.0,8,2,   3644
2026-07-22 16:54:46,3496627,0.5,0.0,8,2,   3646
2026-07-22 16:54:48,3496627,0.5,0.0,8,2,   3648
2026-07-22 16:54:50,3496627,0.5,0.0,8,2,   3650
2026-07-22 16:54:52,3496627,0.5,0.0,8,2,   3652
2026-07-22 16:54:54,3496627,0.5,0.0,8,2,   3654
2026-07-22 16:54:56,3496627,0.5,0.0,8,2,   3656
2026-07-22 16:54:59,3496627,0.5,0.0,8,2,   3659
2026-07-22 16:55:01,3496627,0.5,0.0,8,2,   3661
2026-07-22 16:55:03,3496627,0.5,0.0,8,2,   3663
2026-07-22 16:55:05,3496627,0.5,0.0,8,2,   3665
2026-07-22 16:55:07,3496627,0.5,0.0,8,2,   3667
2026-07-22 16:55:09,3496627,0.5,0.0,8,2,   3669
2026-07-22 16:55:11,3496627,0.5,0.0,8,2,   3671
2026-07-22 16:55:13,3496627,0.5,0.0,8,2,   3673
2026-07-22 16:55:15,3496627,0.5,0.0,8,2,   3675
2026-07-22 16:55:17,3496627,0.5,0.0,8,2,   3677
2026-07-22 16:55:19,3496627,0.5,0.0,8,2,   3679
2026-07-22 16:55:21,3496627,0.5,0.0,8,2,   3681
2026-07-22 16:55:23,3496627,0.5,0.0,8,2,   3683
2026-07-22 16:55:26,3496627,0.5,0.0,8,2,   3686
2026-07-22 16:55:28,3496627,0.5,0.0,8,2,   3688
2026-07-22 16:55:30,3496627,0.5,0.0,8,2,   3690
2026-07-22 16:55:32,3496627,0.5,0.0,8,2,   3692
2026-07-22 16:55:34,3496627,0.5,0.0,8,2,   3694
2026-07-22 16:55:36,3496627,0.5,0.0,8,2,   3696
2026-07-22 16:55:38,3496627,0.5,0.0,8,2,   3698
2026-07-22 16:55:40,3496627,0.5,0.0,8,2,   3700
2026-07-22 16:55:42,3496627,0.5,0.0,8,2,   3702
2026-07-22 16:55:44,3496627,0.5,0.0,8,2,   3704
2026-07-22 16:55:46,3496627,0.5,0.0,8,2,   3706
2026-07-22 16:55:48,3496627,0.5,0.0,8,2,   3708
2026-07-22 16:55:51,3496627,0.5,0.0,8,2,   3711
2026-07-22 16:55:53,3496627,0.5,0.0,8,2,   3713
2026-07-22 16:55:55,3496627,0.5,0.0,8,2,   3715
2026-07-22 16:55:57,3496627,0.5,0.0,8,2,   3717
2026-07-22 16:55:59,3496627,0.5,0.0,8,2,   3719
2026-07-22 16:56:01,3496627,0.5,0.0,8,2,   3721
2026-07-22 16:56:03,3496627,0.5,0.0,8,2,   3723
2026-07-22 16:56:05,3496627,0.5,0.0,8,2,   3725
2026-07-22 16:56:07,3496627,0.5,0.0,8,2,   3727
2026-07-22 16:56:09,3496627,0.5,0.0,8,2,   3729
2026-07-22 16:56:11,3496627,0.5,0.0,8,2,   3731
2026-07-22 16:56:13,3496627,0.5,0.0,8,2,   3733
2026-07-22 16:56:16,3496627,0.5,0.0,8,2,   3736
2026-07-22 16:56:18,3496627,0.5,0.0,8,2,   3738
2026-07-22 16:56:20,3496627,0.5,0.0,8,2,   3740
2026-07-22 16:56:22,3496627,0.5,0.0,8,2,   3742
2026-07-22 16:56:24,3496627,0.5,0.0,8,2,   3744
2026-07-22 16:56:26,3496627,0.5,0.0,8,2,   3746
2026-07-22 16:56:28,3496627,0.5,0.0,8,2,   3748
2026-07-22 16:56:30,3496627,0.5,0.0,8,2,   3750
2026-07-22 16:56:32,3496627,0.5,0.0,8,2,   3752
2026-07-22 16:56:34,3496627,0.5,0.0,8,2,   3754
2026-07-22 16:56:36,3496627,0.5,0.0,8,2,   3756
2026-07-22 16:56:38,3496627,0.5,0.0,8,2,   3758
2026-07-22 16:56:41,3496627,0.5,0.0,8,2,   3761
2026-07-22 16:56:43,3496627,0.5,0.0,8,2,   3763
2026-07-22 16:56:45,3496627,0.5,0.0,8,2,   3765
2026-07-22 16:56:47,3496627,0.5,0.0,8,2,   3767
2026-07-22 16:56:49,3496627,0.5,0.0,8,2,   3769
2026-07-22 16:56:51,3496627,0.5,0.0,8,2,   3771
2026-07-22 16:56:53,3496627,0.5,0.0,8,2,   3773
2026-07-22 16:56:55,3496627,0.5,0.0,8,2,   3775
2026-07-22 16:56:57,3496627,0.5,0.0,8,3,   3777
2026-07-22 16:56:59,3496627,0.5,0.0,8,2,   3779
2026-07-22 16:57:01,3496627,0.5,0.0,8,2,   3781
2026-07-22 16:57:03,3496627,0.5,0.0,8,2,   3783
2026-07-22 16:57:05,3496627,0.5,0.0,8,2,   3785
2026-07-22 16:57:08,3496627,0.5,0.0,8,2,   3788
2026-07-22 16:57:10,3496627,0.5,0.0,8,2,   3790
2026-07-22 16:57:12,3496627,0.5,0.0,8,2,   3792
2026-07-22 16:57:14,3496627,0.5,0.0,8,2,   3794
2026-07-22 16:57:16,3496627,0.5,0.0,8,2,   3796
2026-07-22 16:57:18,3496627,0.5,0.0,8,3,   3798
2026-07-22 16:57:20,3496627,0.5,0.0,8,2,   3800
2026-07-22 16:57:22,3496627,0.5,0.0,8,2,   3802
2026-07-22 16:57:24,3496627,0.5,0.0,8,2,   3804
2026-07-22 16:57:26,3496627,0.5,0.0,8,2,   3806
2026-07-22 16:57:28,3496627,0.5,0.0,8,2,   3808
2026-07-22 16:57:30,3496627,0.5,0.0,8,2,   3810
2026-07-22 16:57:33,3496627,0.5,0.0,8,2,   3813
2026-07-22 16:57:35,3496627,0.5,0.0,8,2,   3815
2026-07-22 16:57:37,3496627,0.5,0.0,8,2,   3817
2026-07-22 16:57:39,3496627,0.5,0.0,8,3,   3819
2026-07-22 16:57:41,3496627,0.5,0.0,8,2,   3821
2026-07-22 16:57:43,3496627,0.5,0.0,8,2,   3823
2026-07-22 16:57:45,3496627,0.5,0.0,8,2,   3825
2026-07-22 16:57:47,3496627,0.5,0.0,8,2,   3827
2026-07-22 16:57:49,3496627,0.5,0.0,8,2,   3829
2026-07-22 16:57:51,3496627,0.5,0.0,8,2,   3831
2026-07-22 16:57:53,3496627,0.5,0.0,8,2,   3833
2026-07-22 16:57:55,3496627,0.5,0.0,8,2,   3835
2026-07-22 16:57:58,3496627,0.5,0.0,8,2,   3838
2026-07-22 16:58:00,3496627,0.5,0.0,8,3,   3840
2026-07-22 16:58:02,3496627,0.5,0.0,8,2,   3842
2026-07-22 16:58:04,3496627,0.5,0.0,8,2,   3844
2026-07-22 16:58:06,3496627,0.5,0.0,8,2,   3846
2026-07-22 16:58:08,3496627,0.5,0.0,8,2,   3848
2026-07-22 16:58:10,3496627,0.5,0.0,8,2,   3850
2026-07-22 16:58:12,3496627,0.5,0.0,8,2,   3852
2026-07-22 16:58:14,3496627,0.5,0.0,8,2,   3854
2026-07-22 16:58:16,3496627,0.5,0.0,8,2,   3856
2026-07-22 16:58:18,3496627,0.5,0.0,8,2,   3858
2026-07-22 16:58:20,3496627,0.5,0.0,8,2,   3860
2026-07-22 16:58:23,3496627,0.5,0.0,8,2,   3863
2026-07-22 16:58:25,3496627,0.5,0.0,8,2,   3865
2026-07-22 16:58:27,3496627,0.5,0.0,8,2,   3867
2026-07-22 16:58:29,3496627,0.5,0.0,8,2,   3869
2026-07-22 16:58:31,3496627,0.5,0.0,8,2,   3871
2026-07-22 16:58:33,3496627,0.5,0.0,8,2,   3873
2026-07-22 16:58:35,3496627,0.5,0.0,8,2,   3875
2026-07-22 16:58:37,3496627,0.5,0.0,8,2,   3877
2026-07-22 16:58:39,3496627,0.5,0.0,8,2,   3879
2026-07-22 16:58:41,3496627,0.5,0.0,8,2,   3881
2026-07-22 16:58:43,3496627,0.5,0.0,8,2,   3883
2026-07-22 16:58:45,3496627,0.5,0.0,8,2,   3885
2026-07-22 16:58:48,3496627,0.5,0.0,8,2,   3888
2026-07-22 16:58:50,3496627,0.5,0.0,8,2,   3890
2026-07-22 16:58:52,3496627,0.5,0.0,8,2,   3892
2026-07-22 16:58:54,3496627,0.5,0.0,8,2,   3894
2026-07-22 16:58:56,3496627,0.5,0.0,8,2,   3896
2026-07-22 16:58:58,3496627,0.5,0.0,8,2,   3898
2026-07-22 16:59:00,3496627,0.5,0.0,8,2,   3900
2026-07-22 16:59:02,3496627,0.5,0.0,8,2,   3902
2026-07-22 16:59:04,3496627,0.5,0.0,8,2,   3904
2026-07-22 16:59:06,3496627,0.5,0.0,8,2,   3906
2026-07-22 16:59:08,3496627,0.5,0.0,8,2,   3908
2026-07-22 16:59:10,3496627,0.5,0.0,8,2,   3910
2026-07-22 16:59:12,3496627,0.5,0.0,8,2,   3912
2026-07-22 16:59:15,3496627,0.5,0.0,8,2,   3915
2026-07-22 16:59:17,3496627,0.5,0.0,8,2,   3917
2026-07-22 16:59:19,3496627,0.5,0.0,8,2,   3919
2026-07-22 16:59:21,3496627,0.5,0.0,8,2,   3921
2026-07-22 16:59:23,3496627,0.5,0.0,8,2,   3923
2026-07-22 16:59:25,3496627,0.5,0.0,8,2,   3925
2026-07-22 16:59:27,3496627,0.5,0.0,8,2,   3927
2026-07-22 16:59:29,3496627,0.5,0.0,8,2,   3929
2026-07-22 16:59:31,3496627,0.5,0.0,8,2,   3931
2026-07-22 16:59:33,3496627,0.5,0.0,8,2,   3933
2026-07-22 16:59:35,3496627,0.5,0.0,8,2,   3935
2026-07-22 16:59:38,3496627,0.5,0.0,8,2,   3938
2026-07-22 16:59:40,3496627,0.5,0.0,8,2,   3940
2026-07-22 16:59:42,3496627,0.5,0.0,8,2,   3942
2026-07-22 16:59:44,3496627,0.5,0.0,8,2,   3944
2026-07-22 16:59:46,3496627,0.5,0.0,8,2,   3946
2026-07-22 16:59:48,3496627,0.5,0.0,8,2,   3948
2026-07-22 16:59:50,3496627,0.5,0.0,8,2,   3950
2026-07-22 16:59:52,3496627,0.5,0.0,8,2,   3952
2026-07-22 16:59:54,3496627,0.5,0.0,8,2,   3954
2026-07-22 16:59:56,3496627,0.5,0.0,8,2,   3956
2026-07-22 16:59:58,3496627,0.5,0.0,8,2,   3958
2026-07-22 17:00:00,3496627,0.5,0.0,8,2,   3960
2026-07-22 17:00:02,3496627,0.5,0.0,8,2,   3962
2026-07-22 17:00:05,3496627,0.5,0.0,8,2,   3965
2026-07-22 17:00:07,3496627,0.5,0.0,8,2,   3967
2026-07-22 17:00:09,3496627,0.5,0.0,8,2,   3969
2026-07-22 17:00:11,3496627,0.5,0.0,8,2,   3971
2026-07-22 17:00:13,3496627,0.5,0.0,8,2,   3973
2026-07-22 17:00:15,3496627,0.5,0.0,8,2,   3975
2026-07-22 17:00:17,3496627,0.5,0.0,8,2,   3977
2026-07-22 17:00:19,3496627,0.5,0.0,8,2,   3979
2026-07-22 17:00:21,3496627,0.5,0.0,8,2,   3981
2026-07-22 17:00:23,3496627,0.5,0.0,8,2,   3983
2026-07-22 17:00:25,3496627,0.5,0.0,8,2,   3985
2026-07-22 17:00:27,3496627,0.5,0.0,8,3,   3987
2026-07-22 17:00:30,3496627,0.5,0.0,8,2,   3990
2026-07-22 17:00:32,3496627,0.5,0.0,8,2,   3992
2026-07-22 17:00:34,3496627,0.5,0.0,8,2,   3994
2026-07-22 17:00:36,3496627,0.5,0.0,8,2,   3996
2026-07-22 17:00:38,3496627,0.5,0.0,8,2,   3998
2026-07-22 17:00:40,3496627,0.5,0.0,8,2,   4000
2026-07-22 17:00:42,3496627,0.5,0.0,8,2,   4002
2026-07-22 17:00:44,3496627,0.5,0.0,8,2,   4004
2026-07-22 17:00:46,3496627,0.5,0.0,8,2,   4006
2026-07-22 17:00:48,3496627,0.5,0.0,8,3,   4008
2026-07-22 17:00:50,3496627,0.5,0.0,8,2,   4010
2026-07-22 17:00:52,3496627,0.5,0.0,8,2,   4012
2026-07-22 17:00:55,3496627,0.5,0.0,8,2,   4015
2026-07-22 17:00:57,3496627,0.5,0.0,8,2,   4017
2026-07-22 17:00:59,3496627,0.5,0.0,8,2,   4019
2026-07-22 17:01:01,3496627,0.5,0.0,8,2,   4021
2026-07-22 17:01:03,3496627,0.5,0.0,8,2,   4023
2026-07-22 17:01:05,3496627,0.5,0.0,8,2,   4025
2026-07-22 17:01:07,3496627,0.5,0.0,8,2,   4027
2026-07-22 17:01:09,3496627,0.5,0.0,8,3,   4029
2026-07-22 17:01:11,3496627,0.5,0.0,8,2,   4031
2026-07-22 17:01:13,3496627,0.5,0.0,8,2,   4033
2026-07-22 17:01:15,3496627,0.5,0.0,8,2,   4035
2026-07-22 17:01:17,3496627,0.5,0.0,8,2,   4037
2026-07-22 17:01:20,3496627,0.5,0.0,8,2,   4040
2026-07-22 17:01:22,3496627,0.5,0.0,8,2,   4042
2026-07-22 17:01:24,3496627,0.5,0.0,8,2,   4044
2026-07-22 17:01:26,3496627,0.5,0.0,8,2,   4046
2026-07-22 17:01:28,3496627,0.5,0.0,8,2,   4048
2026-07-22 17:01:30,3496627,0.5,0.0,8,3,   4050
2026-07-22 17:01:32,3496627,0.5,0.0,8,2,   4052
2026-07-22 17:01:34,3496627,0.5,0.0,8,2,   4054
2026-07-22 17:01:36,3496627,0.5,0.0,8,2,   4056
2026-07-22 17:01:38,3496627,0.5,0.0,8,2,   4058
2026-07-22 17:01:40,3496627,0.5,0.0,8,2,   4060
2026-07-22 17:01:42,3496627,0.5,0.0,8,2,   4062
2026-07-22 17:01:45,3496627,0.5,0.0,8,2,   4065
2026-07-22 17:01:47,3496627,0.5,0.0,8,2,   4067
2026-07-22 17:01:49,3496627,0.5,0.0,8,2,   4069
2026-07-22 17:01:51,3496627,0.5,0.0,8,2,   4071
2026-07-22 17:01:53,3496627,0.5,0.0,8,2,   4073
2026-07-22 17:01:55,3496627,0.5,0.0,8,2,   4075
2026-07-22 17:01:57,3496627,0.5,0.0,8,2,   4077
2026-07-22 17:01:59,3496627,0.5,0.0,8,2,   4079
2026-07-22 17:02:01,3496627,0.5,0.0,8,2,   4081
2026-07-22 17:02:03,3496627,0.5,0.0,8,2,   4083
2026-07-22 17:02:05,3496627,0.5,0.0,8,2,   4085
2026-07-22 17:02:07,3496627,0.5,0.0,8,2,   4087
2026-07-22 17:02:09,3496627,0.5,0.0,8,2,   4089
2026-07-22 17:02:11,3496627,0.5,0.0,8,2,   4091
2026-07-22 17:02:14,3496627,0.5,0.0,8,2,   4094
2026-07-22 17:02:16,3496627,0.5,0.0,8,2,   4096
2026-07-22 17:02:18,3496627,0.5,0.0,8,2,   4098
2026-07-22 17:02:20,3496627,0.5,0.0,8,2,   4100
2026-07-22 17:02:22,3496627,0.5,0.0,8,2,   4102
2026-07-22 17:02:24,3496627,0.5,0.0,8,2,   4104
2026-07-22 17:02:26,3496627,0.5,0.0,8,2,   4106
2026-07-22 17:02:28,3496627,0.5,0.0,8,2,   4108
2026-07-22 17:02:30,3496627,0.5,0.0,8,2,   4110
2026-07-22 17:02:32,3496627,0.5,0.0,8,2,   4112
2026-07-22 17:02:34,3496627,0.5,0.0,8,2,   4114
2026-07-22 17:02:36,3496627,0.5,0.0,8,2,   4116
2026-07-22 17:02:39,3496627,0.5,0.0,8,2,   4119
2026-07-22 17:02:41,3496627,0.5,0.0,8,2,   4121
2026-07-22 17:02:43,3496627,0.5,0.0,8,2,   4123
2026-07-22 17:02:45,3496627,0.5,0.0,8,2,   4125
2026-07-22 17:02:47,3496627,0.5,0.0,8,2,   4127
2026-07-22 17:02:49,3496627,0.5,0.0,8,2,   4129
2026-07-22 17:02:51,3496627,0.5,0.0,8,2,   4131
2026-07-22 17:02:53,3496627,0.5,0.0,8,2,   4133
2026-07-22 17:02:55,3496627,0.5,0.0,8,2,   4135
2026-07-22 17:02:57,3496627,0.5,0.0,8,2,   4137
2026-07-22 17:02:59,3496627,0.5,0.0,8,2,   4139
2026-07-22 17:03:01,3496627,0.5,0.0,8,2,   4141
2026-07-22 17:03:04,3496627,0.5,0.0,8,2,   4144
2026-07-22 17:03:06,3496627,0.5,0.0,8,2,   4146
2026-07-22 17:03:08,3496627,0.5,0.0,8,2,   4148
2026-07-22 17:03:10,3496627,0.5,0.0,8,2,   4150
2026-07-22 17:03:12,3496627,0.5,0.0,8,2,   4152
2026-07-22 17:03:14,3496627,0.5,0.0,8,2,   4154
2026-07-22 17:03:16,3496627,0.5,0.0,8,2,   4156
2026-07-22 17:03:18,3496627,0.5,0.0,8,2,   4158
2026-07-22 17:03:20,3496627,0.5,0.0,8,2,   4160
2026-07-22 17:03:22,3496627,0.5,0.0,8,2,   4162
2026-07-22 17:03:24,3496627,0.5,0.0,8,2,   4164
2026-07-22 17:03:26,3496627,0.5,0.0,8,2,   4166
2026-07-22 17:03:28,3496627,0.5,0.0,8,2,   4168
2026-07-22 17:03:31,3496627,0.5,0.0,8,2,   4171
2026-07-22 17:03:33,3496627,0.5,0.0,8,2,   4173
2026-07-22 17:03:35,3496627,0.5,0.0,8,2,   4175
2026-07-22 17:03:37,3496627,0.5,0.0,8,2,   4177
2026-07-22 17:03:39,3496627,0.5,0.0,8,2,   4179
2026-07-22 17:03:41,3496627,0.5,0.0,8,2,   4181
2026-07-22 17:03:43,3496627,0.5,0.0,8,2,   4183
2026-07-22 17:03:45,3496627,0.5,0.0,8,2,   4185
2026-07-22 17:03:47,3496627,0.5,0.0,8,2,   4187
2026-07-22 17:03:49,3496627,0.5,0.0,8,2,   4189
2026-07-22 17:03:51,3496627,0.5,0.0,8,2,   4191
2026-07-22 17:03:53,3496627,0.5,0.0,8,2,   4193
2026-07-22 17:03:55,3496627,0.5,0.0,8,2,   4195
2026-07-22 17:03:58,3496627,0.5,0.0,8,3,   4198
2026-07-22 17:04:00,3496627,0.5,0.0,8,2,   4200
2026-07-22 17:04:02,3496627,0.5,0.0,8,2,   4202
2026-07-22 17:04:04,3496627,0.5,0.0,8,2,   4204
2026-07-22 17:04:06,3496627,0.5,0.0,8,2,   4206
2026-07-22 17:04:08,3496627,0.5,0.0,8,2,   4208
2026-07-22 17:04:10,3496627,0.5,0.0,8,2,   4210
2026-07-22 17:04:12,3496627,0.5,0.0,8,2,   4212
2026-07-22 17:04:14,3496627,0.5,0.0,8,2,   4214
2026-07-22 17:04:16,3496627,0.5,0.0,8,2,   4216
2026-07-22 17:04:18,3496627,0.5,0.0,8,3,   4218
2026-07-22 17:04:21,3496627,0.5,0.0,8,2,   4221
2026-07-22 17:04:23,3496627,0.5,0.0,8,2,   4223
2026-07-22 17:04:25,3496627,0.5,0.0,8,2,   4225
2026-07-22 17:04:27,3496627,0.5,0.0,8,2,   4227
2026-07-22 17:04:29,3496627,0.5,0.0,8,2,   4229
2026-07-22 17:04:31,3496627,0.5,0.0,8,2,   4231
2026-07-22 17:04:33,3496627,0.5,0.0,8,2,   4233
2026-07-22 17:04:35,3496627,0.5,0.0,8,2,   4235
2026-07-22 17:04:37,3496627,0.5,0.0,8,2,   4237
2026-07-22 17:04:39,3496627,0.5,0.0,8,3,   4239
2026-07-22 17:04:41,3496627,0.5,0.0,8,2,   4241
2026-07-22 17:04:43,3496627,0.5,0.0,8,2,   4243
2026-07-22 17:04:45,3496627,0.5,0.0,8,2,   4245
2026-07-22 17:04:48,3496627,0.5,0.0,8,2,   4248
2026-07-22 17:04:50,3496627,0.5,0.0,8,2,   4250
2026-07-22 17:04:52,3496627,0.5,0.0,8,2,   4252
2026-07-22 17:04:54,3496627,0.5,0.0,8,2,   4254
2026-07-22 17:04:56,3496627,0.5,0.0,8,2,   4256
2026-07-22 17:04:58,3496627,0.5,0.0,8,2,   4258
2026-07-22 17:05:00,3496627,0.5,0.0,8,3,   4260
2026-07-22 17:05:02,3496627,0.5,0.0,8,2,   4262
2026-07-22 17:05:04,3496627,0.5,0.0,8,2,   4264
2026-07-22 17:05:06,3496627,0.5,0.0,8,2,   4266
2026-07-22 17:05:08,3496627,0.5,0.0,8,2,   4268
2026-07-22 17:05:10,3496627,0.5,0.0,8,2,   4270
2026-07-22 17:05:13,3496627,0.5,0.0,8,2,   4273
2026-07-22 17:05:15,3496627,0.5,0.0,8,2,   4275
2026-07-22 17:05:17,3496627,0.5,0.0,8,2,   4277
2026-07-22 17:05:19,3496627,0.5,0.0,8,2,   4279
2026-07-22 17:05:21,3496627,0.5,0.0,8,2,   4281
2026-07-22 17:05:23,3496627,0.5,0.0,8,2,   4283
2026-07-22 17:05:25,3496627,0.5,0.0,8,2,   4285
2026-07-22 17:05:27,3496627,0.5,0.0,8,2,   4287
2026-07-22 17:05:29,3496627,0.5,0.0,8,2,   4289
2026-07-22 17:05:31,3496627,0.5,0.0,8,2,   4291
2026-07-22 17:05:33,3496627,0.5,0.0,8,2,   4293
2026-07-22 17:05:35,3496627,0.5,0.0,8,2,   4295
2026-07-22 17:05:37,3496627,0.5,0.0,8,2,   4297
2026-07-22 17:05:40,3496627,0.5,0.0,8,2,   4299
2026-07-22 17:05:42,3496627,0.5,0.0,8,2,   4302
2026-07-22 17:05:44,3496627,0.5,0.0,8,2,   4304
2026-07-22 17:05:46,3496627,0.5,0.0,8,2,   4306
2026-07-22 17:05:48,3496627,0.5,0.0,8,2,   4308
2026-07-22 17:05:50,3496627,0.5,0.0,8,2,   4310
2026-07-22 17:05:52,3496627,0.5,0.0,8,2,   4312
2026-07-22 17:05:54,3496627,0.5,0.0,8,2,   4314
2026-07-22 17:05:56,3496627,0.5,0.0,8,2,   4316
2026-07-22 17:05:58,3496627,0.5,0.0,8,2,   4318
2026-07-22 17:06:00,3496627,0.5,0.0,8,2,   4320
2026-07-22 17:06:02,3496627,0.5,0.0,8,2,   4322
2026-07-22 17:06:05,3496627,0.5,0.0,8,2,   4324
2026-07-22 17:06:07,3496627,0.5,0.0,8,2,   4327
2026-07-22 17:06:09,3496627,0.5,0.0,8,2,   4329
2026-07-22 17:06:11,3496627,0.5,0.0,8,2,   4331
2026-07-22 17:06:13,3496627,0.5,0.0,8,2,   4333
2026-07-22 17:06:15,3496627,0.5,0.0,8,2,   4335
2026-07-22 17:06:17,3496627,0.5,0.0,8,2,   4337
2026-07-22 17:06:19,3496627,0.5,0.0,8,2,   4339
2026-07-22 17:06:21,3496627,0.5,0.0,8,2,   4341
2026-07-22 17:06:23,3496627,0.5,0.0,8,2,   4343
2026-07-22 17:06:25,3496627,0.5,0.0,8,3,   4345
2026-07-22 17:06:27,3496627,0.5,0.0,8,2,   4347
2026-07-22 17:06:29,3496627,0.5,0.0,8,2,   4349
2026-07-22 17:06:32,3496627,0.5,0.0,8,2,   4352
2026-07-22 17:06:34,3496627,0.5,0.0,8,2,   4354
2026-07-22 17:06:36,3496627,0.5,0.0,8,2,   4356
2026-07-22 17:06:38,3496627,0.5,0.0,8,2,   4358
2026-07-22 17:06:40,3496627,0.5,0.0,8,2,   4360
2026-07-22 17:06:42,3496627,0.5,0.0,8,2,   4362
2026-07-22 17:06:44,3496627,0.5,0.0,8,2,   4364
2026-07-22 17:06:46,3496627,0.5,0.0,8,3,   4366
2026-07-22 17:06:48,3496627,0.5,0.0,8,2,   4368
2026-07-22 17:06:50,3496627,0.5,0.0,8,2,   4370
2026-07-22 17:06:52,3496627,0.5,0.0,8,2,   4372
2026-07-22 17:06:55,3496627,0.5,0.0,8,2,   4374
2026-07-22 17:06:57,3496627,0.5,0.0,8,2,   4377
2026-07-22 17:06:59,3496627,0.5,0.0,8,2,   4379
2026-07-22 17:07:01,3496627,0.5,0.0,8,2,   4381
2026-07-22 17:07:03,3496627,0.5,0.0,8,2,   4383
2026-07-22 17:07:05,3496627,0.5,0.0,8,2,   4385
2026-07-22 17:07:07,3496627,0.5,0.0,8,3,   4387
2026-07-22 17:07:09,3496627,0.5,0.0,8,2,   4389
2026-07-22 17:07:11,3496627,0.5,0.0,8,2,   4391
2026-07-22 17:07:13,3496627,0.5,0.0,8,2,   4393
2026-07-22 17:07:15,3496627,0.5,0.0,8,2,   4395
2026-07-22 17:07:17,3496627,0.5,0.0,8,2,   4397
2026-07-22 17:07:19,3496627,0.5,0.0,8,2,   4399
2026-07-22 17:07:22,3496627,0.5,0.0,8,2,   4402
2026-07-22 17:07:24,3496627,0.5,0.0,8,2,   4404
2026-07-22 17:07:26,3496627,0.5,0.0,8,2,   4406
2026-07-22 17:07:28,3496627,0.5,0.0,8,3,   4408
2026-07-22 17:07:30,3496627,0.5,0.0,8,2,   4410
2026-07-22 17:07:32,3496627,0.5,0.0,8,2,   4412
2026-07-22 17:07:34,3496627,0.5,0.0,8,2,   4414
2026-07-22 17:07:36,3496627,0.5,0.0,8,2,   4416
2026-07-22 17:07:38,3496627,0.5,0.0,8,2,   4418
2026-07-22 17:07:40,3496627,0.5,0.0,8,2,   4420
2026-07-22 17:07:42,3496627,0.5,0.0,8,2,   4422
2026-07-22 17:07:44,3496627,0.5,0.0,8,2,   4424
2026-07-22 17:07:47,3496627,0.5,0.0,8,2,   4427
2026-07-22 17:07:49,3496627,0.5,0.0,8,2,   4429
2026-07-22 17:07:51,3496627,0.5,0.0,8,2,   4431
2026-07-22 17:07:53,3496627,0.5,0.0,8,2,   4433
2026-07-22 17:07:55,3496627,0.5,0.0,8,2,   4435
2026-07-22 17:07:57,3496627,0.5,0.0,8,2,   4437
2026-07-22 17:07:59,3496627,0.5,0.0,8,2,   4439
2026-07-22 17:08:01,3496627,0.5,0.0,8,2,   4441
2026-07-22 17:08:03,3496627,0.5,0.0,8,2,   4443
2026-07-22 17:08:05,3496627,0.5,0.0,8,2,   4445
2026-07-22 17:08:07,3496627,0.5,0.0,8,2,   4447
2026-07-22 17:08:09,3496627,0.5,0.0,8,2,   4449
2026-07-22 17:08:11,3496627,0.5,0.0,8,2,   4451
2026-07-22 17:08:14,3496627,0.5,0.0,8,2,   4454
2026-07-22 17:08:16,3496627,0.5,0.0,8,2,   4456
2026-07-22 17:08:18,3496627,0.5,0.0,8,2,   4458
2026-07-22 17:08:20,3496627,0.5,0.0,8,2,   4460
2026-07-22 17:08:22,3496627,0.5,0.0,8,2,   4462
2026-07-22 17:08:24,3496627,0.5,0.0,8,2,   4464
2026-07-22 17:08:26,3496627,0.5,0.0,8,2,   4466
