timestamp,pid,cpu_percent,mem_percent,mem_mb,uptime_sec
2026-07-23 18:20:56,1327115,0.7,0.1,6.9,      8
2026-07-23 18:20:58,1327115,0.6,0.1,6.9,     10
2026-07-23 18:21:01,1327115,1.0,0.1,7.0,     13
2026-07-23 18:21:03,1327115,0.8,0.1,7.0,     15
2026-07-23 18:21:05,1327115,0.7,0.1,7.0,     17
2026-07-23 18:21:07,1327115,0.6,0.1,7.0,     19
2026-07-23 18:21:09,1327115,0.5,0.1,7.0,     21
2026-07-23 18:21:11,1327115,0.7,0.1,7.0,     23
2026-07-23 18:21:11,1328663,,,,
2026-07-23 18:21:13,1327115,0.7,0.1,7.0,     25
2026-07-23 18:21:15,1327115,0.6,0.1,7.0,     27
2026-07-23 18:21:17,1327115,0.6,0.1,7.0,     29
2026-07-23 18:21:19,1327115,0.5,0.1,7.0,     31
2026-07-23 18:21:22,1327115,0.6,0.1,7.0,     34
2026-07-23 18:21:24,1327115,0.6,0.1,7.0,     36
2026-07-23 18:21:26,1327115,0.6,0.1,7.0,     38
2026-07-23 18:21:28,1327115,0.6,0.1,7.0,     40
2026-07-23 18:21:30,1327115,0.5,0.1,7.0,     42
2026-07-23 18:21:32,1327115,0.5,0.1,7.0,     44
2026-07-23 18:21:34,1327115,0.6,0.1,7.1,     46
2026-07-23 18:21:36,1327115,0.6,0.1,7.1,     48
2026-07-23 18:21:38,1327115,0.6,0.1,7.1,     50
2026-07-23 18:21:40,1327115,0.5,0.1,7.1,     52
2026-07-23 18:21:42,1327115,0.5,0.1,7.1,     54
2026-07-23 18:21:44,1327115,0.6,0.1,7.1,     56
2026-07-23 18:21:46,1327115,0.6,0.1,7.1,     58
2026-07-23 18:21:49,1327115,0.6,0.1,7.1,     61
2026-07-23 18:21:51,1327115,0.5,0.1,7.1,     63
2026-07-23 18:21:53,1327115,0.5,0.1,7.1,     65
2026-07-23 18:21:55,1327115,0.6,0.1,7.2,     67
2026-07-23 18:21:57,1327115,0.6,0.1,7.2,     69
2026-07-23 18:21:59,1327115,0.6,0.1,7.2,     71
2026-07-23 18:22:01,1327115,0.6,0.1,7.2,     73
2026-07-23 18:22:03,1327115,0.5,0.1,7.2,     75
2026-07-23 18:22:05,1327115,0.5,0.1,7.2,     77
2026-07-23 18:22:07,1327115,0.6,0.1,7.2,     79
2026-07-23 18:22:09,1327115,0.6,0.1,7.2,     81
2026-07-23 18:22:11,1327115,0.6,0.1,7.2,     83
2026-07-23 18:22:13,1327115,0.5,0.1,7.2,     85
2026-07-23 18:22:16,1327115,0.5,0.1,7.2,     87
2026-07-23 18:22:18,1327115,0.6,0.1,7.2,     90
2026-07-23 18:22:20,1327115,0.6,0.1,7.2,     92
2026-07-23 18:22:22,1327115,0.6,0.1,7.2,     94
2026-07-23 18:22:24,1327115,0.5,0.1,7.2,     96
2026-07-23 18:22:26,1327115,0.5,0.1,7.2,     98
2026-07-23 18:22:28,1327115,0.6,0.1,7.2,    100
2026-07-23 18:22:30,1327115,0.6,0.1,7.2,    102
2026-07-23 18:22:32,1327115,0.6,0.1,7.2,    104
2026-07-23 18:22:34,1327115,0.6,0.1,7.2,    106
2026-07-23 18:22:36,1327115,0.5,0.1,7.2,    108
2026-07-23 18:22:38,1327115,0.5,0.1,7.2,    110
2026-07-23 18:22:40,1327115,0.6,0.1,7.2,    112
2026-07-23 18:22:42,1327115,0.6,0.1,7.2,    114
2026-07-23 18:22:45,1327115,0.6,0.1,7.2,    116
2026-07-23 18:22:47,1327115,0.5,0.1,7.2,    119
2026-07-23 18:22:49,1327115,0.5,0.1,7.2,    121
2026-07-23 18:22:51,1327115,0.6,0.1,7.2,    123
2026-07-23 18:22:53,1327115,0.6,0.1,7.2,    125
2026-07-23 18:22:55,1327115,0.5,0.1,7.2,    127
2026-07-23 18:22:57,1327115,0.5,0.1,7.2,    129
2026-07-23 18:22:59,1327115,0.5,0.1,7.2,    131
2026-07-23 18:23:01,1327115,0.6,0.1,7.2,    133
2026-07-23 18:23:03,1327115,0.6,0.1,7.2,    135
2026-07-23 18:23:05,1327115,0.5,0.1,7.2,    137
2026-07-23 18:23:07,1327115,0.5,0.1,7.2,    139
2026-07-23 18:23:09,1327115,0.5,0.1,7.2,    141
2026-07-23 18:23:11,1327115,0.5,0.1,7.2,    143
2026-07-23 18:23:13,1327115,0.6,0.1,7.2,    145
2026-07-23 18:23:16,1327115,0.6,0.1,7.2,    148
2026-07-23 18:23:18,1327115,0.5,0.1,7.2,    150
2026-07-23 18:23:20,1327115,0.5,0.1,7.2,    152
2026-07-23 18:23:22,1327115,0.5,0.1,7.2,    154
2026-07-23 18:23:24,1327115,0.6,0.1,7.2,    156
2026-07-23 18:23:26,1327115,0.5,0.1,7.2,    158
2026-07-23 18:23:28,1327115,0.5,0.1,7.2,    160
2026-07-23 18:23:30,1327115,0.5,0.1,7.2,    162
2026-07-23 18:23:32,1327115,0.5,0.1,7.2,    164
2026-07-23 18:23:34,1327115,0.6,0.1,7.2,    166
2026-07-23 18:23:36,1327115,0.6,0.1,7.2,    168
2026-07-23 18:23:38,1327115,0.5,0.1,7.2,    170
2026-07-23 18:23:40,1327115,0.5,0.1,7.2,    172
2026-07-23 18:23:43,1327115,0.5,0.1,7.2,    174
2026-07-23 18:23:45,1327115,0.5,0.1,7.2,    177
2026-07-23 18:23:47,1327115,0.5,0.1,7.2,    179
2026-07-23 18:23:49,1327115,0.5,0.1,7.2,    181
2026-07-23 18:23:51,1327115,0.5,0.1,7.2,    183
2026-07-23 18:23:53,1327115,0.5,0.1,7.2,    185
2026-07-23 18:23:55,1327115,0.5,0.1,7.2,    187
2026-07-23 18:23:57,1327115,0.6,0.1,7.2,    189
2026-07-23 18:23:59,1327115,0.5,0.1,7.2,    191
2026-07-23 18:24:01,1327115,0.5,0.1,7.2,    193
2026-07-23 18:24:03,1327115,0.5,0.1,7.2,    195
2026-07-23 18:24:05,1327115,0.5,0.1,7.2,    197
2026-07-23 18:24:07,1327115,0.6,0.1,7.2,    199
2026-07-23 18:24:09,1327115,0.5,0.1,7.2,    201
2026-07-23 18:24:11,1327115,0.5,0.1,7.2,    203
2026-07-23 18:24:14,1327115,0.5,0.1,7.2,    205
2026-07-23 18:24:16,1327115,0.5,0.1,7.2,    208
2026-07-23 18:24:18,1327115,0.6,0.1,7.2,    210
2026-07-23 18:24:20,1327115,0.5,0.1,7.2,    212
2026-07-23 18:24:22,1327115,0.5,0.1,7.2,    214
2026-07-23 18:24:24,1327115,0.5,0.1,7.2,    216
2026-07-23 18:24:26,1327115,0.5,0.1,7.2,    218
2026-07-23 18:24:28,1327115,0.5,0.1,7.2,    220
2026-07-23 18:24:30,1327115,0.5,0.1,7.2,    222
2026-07-23 18:24:32,1327115,0.5,0.1,7.2,    224
2026-07-23 18:24:34,1327115,0.5,0.1,7.2,    226
2026-07-23 18:24:36,1327115,0.5,0.1,7.2,    228
2026-07-23 18:24:38,1327115,0.5,0.1,7.2,    230
2026-07-23 18:24:40,1327115,0.5,0.1,7.2,    232
2026-07-23 18:24:43,1327115,0.5,0.1,7.2,    234
2026-07-23 18:24:45,1327115,0.5,0.1,7.2,    237
2026-07-23 18:24:47,1327115,0.5,0.1,7.2,    239
2026-07-23 18:24:49,1327115,0.5,0.1,7.2,    241
2026-07-23 18:24:51,1327115,0.5,0.1,7.2,    243
2026-07-23 18:24:53,1327115,0.5,0.1,7.2,    245
2026-07-23 18:24:55,1327115,0.5,0.1,7.2,    247
2026-07-23 18:24:57,1327115,0.5,0.1,7.2,    249
2026-07-23 18:24:59,1327115,0.5,0.1,7.2,    251
2026-07-23 18:25:01,1327115,0.5,0.1,7.2,    253
2026-07-23 18:25:03,1327115,0.5,0.1,7.2,    255
2026-07-23 18:25:05,1327115,0.5,0.1,7.2,    257
2026-07-23 18:25:07,1327115,0.5,0.1,7.2,    259
2026-07-23 18:25:09,1327115,0.5,0.1,7.2,    261
2026-07-23 18:25:12,1327115,0.5,0.1,7.2,    263
2026-07-23 18:25:14,1327115,0.5,0.1,7.2,    266
2026-07-23 18:25:16,1327115,0.5,0.1,7.2,    268
2026-07-23 18:25:18,1327115,0.5,0.1,7.2,    270
2026-07-23 18:25:20,1327115,0.5,0.1,7.2,    272
2026-07-23 18:25:22,1327115,0.5,0.1,7.2,    274
2026-07-23 18:25:24,1327115,0.5,0.1,7.2,    276
2026-07-23 18:25:26,1327115,0.5,0.1,7.2,    278
2026-07-23 18:25:28,1327115,0.5,0.1,7.2,    280
2026-07-23 18:25:30,1327115,0.5,0.1,7.2,    282
2026-07-23 18:25:32,1327115,0.5,0.1,7.2,    284
2026-07-23 18:25:34,1327115,0.5,0.1,7.2,    286
2026-07-23 18:25:36,1327115,0.5,0.1,7.2,    288
2026-07-23 18:25:38,1327115,0.5,0.1,7.2,    290
2026-07-23 18:25:41,1327115,0.5,0.1,7.2,    292
2026-07-23 18:25:43,1327115,0.5,0.1,7.2,    295
2026-07-23 18:25:45,1327115,0.5,0.1,7.2,    297
2026-07-23 18:25:47,1327115,0.5,0.1,7.2,    299
2026-07-23 18:25:49,1327115,0.5,0.1,7.2,    301
2026-07-23 18:25:51,1327115,0.5,0.1,7.2,    303
2026-07-23 18:25:53,1327115,0.5,0.1,7.2,    305
2026-07-23 18:25:55,1327115,0.5,0.1,7.2,    307
2026-07-23 18:25:57,1327115,0.5,0.1,7.2,    309
2026-07-23 18:25:59,1327115,0.5,0.1,7.2,    311
2026-07-23 18:26:01,1327115,0.5,0.1,7.2,    313
2026-07-23 18:26:03,1327115,0.5,0.1,7.2,    315
2026-07-23 18:26:05,1327115,0.5,0.1,7.2,    317
2026-07-23 18:26:07,1327115,0.5,0.1,7.2,    319
2026-07-23 18:26:10,1327115,0.5,0.1,7.2,    321
2026-07-23 18:26:12,1327115,0.5,0.1,7.2,    324
2026-07-23 18:26:14,1327115,0.5,0.1,7.2,    326
2026-07-23 18:26:16,1327115,0.5,0.1,7.2,    328
2026-07-23 18:26:18,1327115,0.5,0.1,7.2,    330
2026-07-23 18:26:20,1327115,0.5,0.1,7.2,    332
2026-07-23 18:26:22,1327115,0.5,0.1,7.2,    334
2026-07-23 18:26:24,1327115,0.5,0.1,7.2,    336
2026-07-23 18:26:26,1327115,0.5,0.1,7.2,    338
2026-07-23 18:26:28,1327115,0.5,0.1,7.2,    340
2026-07-23 18:26:30,1327115,0.5,0.1,7.2,    342
2026-07-23 18:26:32,1327115,0.5,0.1,7.2,    344
2026-07-23 18:26:34,1327115,0.5,0.1,7.2,    346
2026-07-23 18:26:36,1327115,0.5,0.1,7.2,    348
2026-07-23 18:26:39,1327115,0.5,0.1,7.2,    350
2026-07-23 18:26:41,1327115,0.5,0.1,7.2,    353
2026-07-23 18:26:43,1327115,0.5,0.1,7.2,    355
2026-07-23 18:26:45,1327115,0.5,0.1,7.2,    357
2026-07-23 18:26:47,1327115,0.5,0.1,7.2,    359
2026-07-23 18:26:49,1327115,0.5,0.1,7.2,    361
2026-07-23 18:26:51,1327115,0.5,0.1,7.2,    363
2026-07-23 18:26:53,1327115,0.5,0.1,7.2,    365
2026-07-23 18:26:55,1327115,0.5,0.1,7.2,    367
2026-07-23 18:26:57,1327115,0.5,0.1,7.2,    369
2026-07-23 18:26:59,1327115,0.5,0.1,7.2,    371
2026-07-23 18:27:01,1327115,0.5,0.1,7.2,    373
2026-07-23 18:27:03,1327115,0.5,0.1,7.2,    375
2026-07-23 18:27:05,1327115,0.5,0.1,7.2,    377
2026-07-23 18:27:08,1327115,0.5,0.1,7.2,    379
2026-07-23 18:27:10,1327115,0.5,0.1,7.2,    382
2026-07-23 18:27:12,1327115,0.5,0.1,7.2,    384
2026-07-23 18:27:14,1327115,0.5,0.1,7.2,    386
2026-07-23 18:27:16,1327115,0.5,0.1,7.2,    388
2026-07-23 18:27:18,1327115,0.5,0.1,7.2,    390
2026-07-23 18:27:20,1327115,0.5,0.1,7.2,    392
2026-07-23 18:27:22,1327115,0.5,0.1,7.2,    394
2026-07-23 18:27:24,1327115,0.5,0.1,7.2,    396
2026-07-23 18:27:26,1327115,0.5,0.1,7.2,    398
2026-07-23 18:27:28,1327115,0.5,0.1,7.2,    400
2026-07-23 18:27:30,1327115,0.5,0.1,7.2,    402
2026-07-23 18:27:32,1327115,0.5,0.1,7.2,    404
2026-07-23 18:27:34,1327115,0.5,0.1,7.3,    406
2026-07-23 18:27:37,1327115,0.5,0.1,7.2,    408
2026-07-23 18:27:39,1327115,0.5,0.1,7.2,    411
2026-07-23 18:27:41,1327115,0.5,0.1,7.2,    413
2026-07-23 18:27:43,1327115,0.5,0.1,7.2,    415
2026-07-23 18:27:45,1327115,0.5,0.1,7.2,    417
2026-07-23 18:27:47,1327115,0.5,0.1,7.2,    419
2026-07-23 18:27:49,1327115,0.5,0.1,7.2,    421
2026-07-23 18:27:51,1327115,0.5,0.1,7.2,    423
2026-07-23 18:27:53,1327115,0.5,0.1,7.2,    425
2026-07-23 18:27:55,1327115,0.5,0.1,7.2,    427
2026-07-23 18:27:57,1327115,0.5,0.1,7.2,    429
2026-07-23 18:27:59,1327115,0.5,0.1,7.2,    431
2026-07-23 18:28:01,1327115,0.5,0.1,7.2,    433
2026-07-23 18:28:03,1327115,0.5,0.1,7.2,    435
2026-07-23 18:28:05,1327115,0.5,0.1,7.2,    437
2026-07-23 18:28:08,1327115,0.5,0.1,7.2,    440
2026-07-23 18:28:10,1327115,0.5,0.1,7.2,    442
2026-07-23 18:28:12,1327115,0.5,0.1,7.2,    444
2026-07-23 18:28:14,1327115,0.5,0.1,7.2,    446
2026-07-23 18:28:16,1327115,0.5,0.1,7.2,    448
2026-07-23 18:28:18,1327115,0.5,0.1,7.3,    450
2026-07-23 18:28:20,1327115,0.5,0.1,7.2,    452
2026-07-23 18:28:22,1327115,0.5,0.1,7.2,    454
2026-07-23 18:28:24,1327115,0.5,0.1,7.2,    456
2026-07-23 18:28:26,1327115,0.5,0.1,7.2,    458
2026-07-23 18:28:28,1327115,0.5,0.1,7.2,    460
2026-07-23 18:28:30,1327115,0.5,0.1,7.2,    462
2026-07-23 18:28:32,1327115,0.5,0.1,7.2,    464
2026-07-23 18:28:35,1327115,0.5,0.1,7.2,    466
2026-07-23 18:28:37,1327115,0.5,0.1,7.2,    469
2026-07-23 18:28:39,1327115,0.5,0.1,7.2,    471
2026-07-23 18:28:41,1327115,0.5,0.1,7.2,    473
2026-07-23 18:28:43,1327115,0.5,0.1,7.2,    475
2026-07-23 18:28:45,1327115,0.5,0.1,7.2,    477
2026-07-23 18:28:47,1327115,0.5,0.1,7.2,    479
2026-07-23 18:28:49,1327115,0.5,0.1,7.2,    481
2026-07-23 18:28:51,1327115,0.5,0.1,7.2,    483
2026-07-23 18:28:53,1327115,0.5,0.1,7.2,    485
2026-07-23 18:28:55,1327115,0.5,0.1,7.2,    487
2026-07-23 18:28:57,1327115,0.5,0.1,7.2,    489
2026-07-23 18:28:59,1327115,0.5,0.1,7.2,    491
2026-07-23 18:29:01,1327115,0.5,0.1,7.3,    493
2026-07-23 18:29:04,1327115,0.5,0.1,7.2,    496
2026-07-23 18:29:06,1327115,0.5,0.1,7.2,    498
2026-07-23 18:29:08,1327115,0.5,0.1,7.2,    500
2026-07-23 18:29:10,1327115,0.5,0.1,7.2,    502
2026-07-23 18:29:12,1327115,0.5,0.1,7.2,    504
2026-07-23 18:29:14,1327115,0.5,0.1,7.2,    506
2026-07-23 18:29:16,1327115,0.5,0.1,7.2,    508
2026-07-23 18:29:18,1327115,0.5,0.1,7.2,    510
2026-07-23 18:29:20,1327115,0.5,0.1,7.2,    512
2026-07-23 18:29:22,1327115,0.5,0.1,7.2,    514
2026-07-23 18:29:24,1327115,0.5,0.1,7.2,    516
2026-07-23 18:29:26,1327115,0.5,0.1,7.2,    518
2026-07-23 18:29:28,1327115,0.5,0.1,7.2,    520
2026-07-23 18:29:31,1327115,0.5,0.1,7.2,    522
2026-07-23 18:29:33,1327115,0.5,0.1,7.2,    525
2026-07-23 18:29:35,1327115,0.5,0.1,7.3,    527
2026-07-23 18:29:37,1327115,0.5,0.1,7.2,    529
2026-07-23 18:29:39,1327115,0.5,0.1,7.2,    531
2026-07-23 18:29:41,1327115,0.5,0.1,7.2,    533
2026-07-23 18:29:43,1327115,0.5,0.1,7.2,    535
2026-07-23 18:29:45,1327115,0.5,0.1,7.2,    537
2026-07-23 18:29:47,1327115,0.5,0.1,7.2,    539
2026-07-23 18:29:49,1327115,0.5,0.1,7.2,    541
2026-07-23 18:29:51,1327115,0.5,0.1,7.2,    543
2026-07-23 18:29:53,1327115,0.5,0.1,7.2,    545
2026-07-23 18:29:55,1327115,0.5,0.1,7.2,    547
2026-07-23 18:29:57,1327115,0.5,0.1,7.2,    549
2026-07-23 18:29:59,1327115,0.5,0.1,7.2,    551
2026-07-23 18:30:02,1327115,0.5,0.1,7.2,    553
2026-07-23 18:30:04,1327115,0.5,0.1,7.2,    556
2026-07-23 18:30:06,1327115,0.5,0.1,7.2,    558
2026-07-23 18:30:08,1327115,0.5,0.1,7.2,    560
2026-07-23 18:30:10,1327115,0.5,0.1,7.2,    562
2026-07-23 18:30:12,1327115,0.5,0.1,7.2,    564
2026-07-23 18:30:14,1327115,0.5,0.1,7.2,    566
2026-07-23 18:30:16,1327115,0.5,0.1,7.2,    568
2026-07-23 18:30:18,1327115,0.5,0.1,7.3,    570
2026-07-23 18:30:20,1327115,0.5,0.1,7.2,    572
2026-07-23 18:30:22,1327115,0.5,0.1,7.2,    574
2026-07-23 18:30:24,1327115,0.5,0.1,7.2,    576
2026-07-23 18:30:26,1327115,0.5,0.1,7.2,    578
2026-07-23 18:30:28,1327115,0.5,0.1,7.2,    580
2026-07-23 18:30:31,1327115,0.5,0.1,7.2,    582
2026-07-23 18:30:33,1327115,0.5,0.1,7.2,    585
2026-07-23 18:30:35,1327115,0.5,0.1,7.2,    587
2026-07-23 18:30:37,1327115,0.5,0.1,7.2,    589
2026-07-23 18:30:39,1327115,0.5,0.1,7.2,    591
2026-07-23 18:30:41,1327115,0.5,0.1,7.2,    593
2026-07-23 18:30:43,1327115,0.5,0.1,7.2,    595
2026-07-23 18:30:45,1327115,0.5,0.1,7.2,    597
2026-07-23 18:30:47,1327115,0.5,0.1,7.2,    599
2026-07-23 18:30:49,1327115,0.5,0.1,7.2,    601
2026-07-23 18:30:51,1327115,0.5,0.1,7.3,    603
2026-07-23 18:30:53,1327115,0.5,0.1,7.2,    605
2026-07-23 18:30:55,1327115,0.5,0.1,7.2,    607
2026-07-23 18:30:57,1327115,0.5,0.1,7.2,    609
2026-07-23 18:31:00,1327115,0.5,0.1,7.2,    612
2026-07-23 18:31:02,1327115,0.5,0.1,7.2,    614
2026-07-23 18:31:04,1327115,0.5,0.1,7.2,    616
2026-07-23 18:31:06,1327115,0.5,0.1,7.2,    618
2026-07-23 18:31:08,1327115,0.5,0.1,7.2,    620
2026-07-23 18:31:10,1327115,0.5,0.1,7.2,    622
2026-07-23 18:31:12,1327115,0.5,0.1,7.2,    624
2026-07-23 18:31:14,1327115,0.5,0.1,7.2,    626
2026-07-23 18:31:16,1327115,0.5,0.1,7.2,    628
2026-07-23 18:31:18,1327115,0.5,0.1,7.2,    630
2026-07-23 18:31:20,1327115,0.5,0.1,7.2,    632
2026-07-23 18:31:22,1327115,0.5,0.1,7.2,    634
2026-07-23 18:31:24,1327115,0.5,0.1,7.2,    636
2026-07-23 18:31:27,1327115,0.5,0.1,7.2,    638
2026-07-23 18:31:29,1327115,0.5,0.1,7.2,    641
2026-07-23 18:31:31,1327115,0.5,0.1,7.2,    643
2026-07-23 18:31:33,1327115,0.5,0.1,7.2,    645
2026-07-23 18:31:35,1327115,0.5,0.1,7.3,    647
2026-07-23 18:31:37,1327115,0.5,0.1,7.2,    649
2026-07-23 18:31:39,1327115,0.5,0.1,7.2,    651
2026-07-23 18:31:41,1327115,0.5,0.1,7.2,    653
2026-07-23 18:31:43,1327115,0.5,0.1,7.2,    655
2026-07-23 18:31:45,1327115,0.5,0.1,7.2,    657
2026-07-23 18:31:47,1327115,0.5,0.1,7.2,    659
2026-07-23 18:31:49,1327115,0.5,0.1,7.2,    661
2026-07-23 18:31:51,1327115,0.5,0.1,7.2,    663
2026-07-23 18:31:53,1327115,0.5,0.1,7.2,    665
2026-07-23 18:31:56,1327115,0.5,0.1,7.2,    667
2026-07-23 18:31:58,1327115,0.5,0.1,7.2,    670
2026-07-23 18:32:00,1327115,0.5,0.1,7.2,    672
2026-07-23 18:32:02,1327115,0.5,0.1,7.2,    674
2026-07-23 18:32:04,1327115,0.5,0.1,7.2,    676
2026-07-23 18:32:06,1327115,0.5,0.1,7.2,    678
2026-07-23 18:32:08,1327115,0.5,0.1,7.3,    680
2026-07-23 18:32:10,1327115,0.5,0.1,7.2,    682
2026-07-23 18:32:12,1327115,0.5,0.1,7.2,    684
2026-07-23 18:32:14,1327115,0.5,0.1,7.2,    686
2026-07-23 18:32:16,1327115,0.5,0.1,7.2,    688
2026-07-23 18:32:18,1327115,0.5,0.1,7.3,    690
2026-07-23 18:32:20,1327115,0.5,0.1,7.2,    692
2026-07-23 18:32:22,1327115,0.5,0.1,7.2,    694
2026-07-23 18:32:25,1327115,0.5,0.1,7.2,    696
2026-07-23 18:32:27,1327115,0.5,0.1,7.2,    699
2026-07-23 18:32:29,1327115,0.5,0.1,7.2,    701
2026-07-23 18:32:31,1327115,0.5,0.1,7.2,    703
2026-07-23 18:32:33,1327115,0.5,0.1,7.2,    705
2026-07-23 18:32:35,1327115,0.5,0.1,7.2,    707
2026-07-23 18:32:37,1327115,0.5,0.1,7.2,    709
2026-07-23 18:32:39,1327115,0.5,0.1,7.2,    711
2026-07-23 18:32:41,1327115,0.5,0.1,7.2,    713
2026-07-23 18:32:43,1327115,0.5,0.1,7.2,    715
2026-07-23 18:32:45,1327115,0.5,0.1,7.2,    717
2026-07-23 18:32:47,1327115,0.5,0.1,7.2,    719
2026-07-23 18:32:49,1327115,0.5,0.1,7.2,    721
2026-07-23 18:32:51,1327115,0.5,0.1,7.3,    723
2026-07-23 18:32:54,1327115,0.5,0.1,7.2,    726
2026-07-23 18:32:56,1327115,0.5,0.1,7.2,    728
2026-07-23 18:32:58,1327115,0.5,0.1,7.2,    730
2026-07-23 18:33:00,1327115,0.5,0.1,7.2,    732
2026-07-23 18:33:02,1327115,0.5,0.1,7.2,    734
2026-07-23 18:33:04,1327115,0.5,0.1,7.2,    736
2026-07-23 18:33:06,1327115,0.5,0.1,7.2,    738
2026-07-23 18:33:08,1327115,0.5,0.1,7.2,    740
2026-07-23 18:33:10,1327115,0.5,0.1,7.2,    742
2026-07-23 18:33:12,1327115,0.5,0.1,7.2,    744
2026-07-23 18:33:14,1327115,0.5,0.1,7.2,    746
2026-07-23 18:33:16,1327115,0.5,0.1,7.2,    748
2026-07-23 18:33:18,1327115,0.5,0.1,7.2,    750
2026-07-23 18:33:21,1327115,0.5,0.1,7.2,    752
2026-07-23 18:33:23,1327115,0.5,0.1,7.2,    755
2026-07-23 18:33:25,1327115,0.5,0.1,7.3,    757
2026-07-23 18:33:27,1327115,0.5,0.1,7.2,    759
2026-07-23 18:33:29,1327115,0.5,0.1,7.2,    761
2026-07-23 18:33:31,1327115,0.5,0.1,7.2,    763
2026-07-23 18:33:33,1327115,0.5,0.1,7.2,    765
2026-07-23 18:33:35,1327115,0.5,0.1,7.2,    767
2026-07-23 18:33:37,1327115,0.5,0.1,7.2,    769
2026-07-23 18:33:39,1327115,0.5,0.1,7.2,    771
2026-07-23 18:33:41,1327115,0.5,0.1,7.2,    773
2026-07-23 18:33:43,1327115,0.5,0.1,7.2,    775
2026-07-23 18:33:45,1327115,0.5,0.1,7.2,    777
2026-07-23 18:33:47,1327115,0.5,0.1,7.2,    779
2026-07-23 18:33:49,1327115,0.5,0.1,7.2,    781
2026-07-23 18:33:52,1327115,0.5,0.1,7.2,    784
2026-07-23 18:33:54,1327115,0.5,0.1,7.2,    786
2026-07-23 18:33:56,1327115,0.5,0.1,7.2,    788
2026-07-23 18:33:58,1327115,0.5,0.1,7.2,    790
2026-07-23 18:34:00,1327115,0.5,0.1,7.2,    792
2026-07-23 18:34:02,1327115,0.5,0.1,7.2,    794
2026-07-23 18:34:04,1327115,0.5,0.1,7.2,    796
2026-07-23 18:34:06,1327115,0.5,0.1,7.2,    798
2026-07-23 18:34:08,1327115,0.5,0.1,7.3,    800
2026-07-23 18:34:10,1327115,0.5,0.1,7.2,    802
2026-07-23 18:34:12,1327115,0.5,0.1,7.2,    804
2026-07-23 18:34:14,1327115,0.5,0.1,7.2,    806
2026-07-23 18:34:16,1327115,0.5,0.1,7.2,    808
2026-07-23 18:34:18,1327115,0.5,0.1,7.2,    810
2026-07-23 18:34:21,1327115,0.5,0.1,7.2,    813
2026-07-23 18:34:23,1327115,0.5,0.1,7.2,    815
2026-07-23 18:34:25,1327115,0.5,0.1,7.2,    817
2026-07-23 18:34:27,1327115,0.5,0.1,7.2,    819
2026-07-23 18:34:29,1327115,0.5,0.1,7.2,    821
2026-07-23 18:34:31,1327115,0.5,0.1,7.2,    823
2026-07-23 18:34:33,1327115,0.5,0.1,7.2,    825
2026-07-23 18:34:35,1327115,0.5,0.1,7.2,    827
2026-07-23 18:34:37,1327115,0.5,0.1,7.2,    829
2026-07-23 18:34:39,1327115,0.5,0.1,7.2,    831
2026-07-23 18:34:41,1327115,0.5,0.1,7.3,    833
2026-07-23 18:34:43,1327115,0.5,0.1,7.2,    835
2026-07-23 18:34:45,1327115,0.5,0.1,7.2,    837
2026-07-23 18:34:48,1327115,0.5,0.1,7.2,    839
2026-07-23 18:34:50,1327115,0.5,0.1,7.2,    842
2026-07-23 18:34:52,1327115,0.5,0.1,7.3,    844
2026-07-23 18:34:54,1327115,0.5,0.1,7.2,    846
2026-07-23 18:34:56,1327115,0.5,0.1,7.2,    848
2026-07-23 18:34:58,1327115,0.5,0.1,7.2,    850
2026-07-23 18:35:00,1327115,0.5,0.1,7.2,    852
2026-07-23 18:35:02,1327115,0.5,0.1,7.2,    854
2026-07-23 18:35:04,1327115,0.5,0.1,7.2,    856
2026-07-23 18:35:06,1327115,0.5,0.1,7.2,    858
2026-07-23 18:35:08,1327115,0.5,0.1,7.2,    860
2026-07-23 18:35:10,1327115,0.5,0.1,7.2,    862
2026-07-23 18:35:12,1327115,0.5,0.1,7.2,    864
2026-07-23 18:35:14,1327115,0.5,0.1,7.2,    866
2026-07-23 18:35:16,1327115,0.5,0.1,7.2,    868
2026-07-23 18:35:18,1327115,0.5,0.1,7.2,    870
2026-07-23 18:35:21,1327115,0.5,0.1,7.2,    873
2026-07-23 18:35:23,1327115,0.5,0.1,7.2,    875
2026-07-23 18:35:25,1327115,0.5,0.1,7.3,    877
2026-07-23 18:35:27,1327115,0.5,0.1,7.2,    879
2026-07-23 18:35:29,1327115,0.5,0.1,7.2,    881
2026-07-23 18:35:31,1327115,0.5,0.1,7.2,    883
2026-07-23 18:35:33,1327115,0.5,0.1,7.2,    885
2026-07-23 18:35:35,1327115,0.5,0.1,7.2,    887
2026-07-23 18:35:37,1327115,0.5,0.1,7.2,    889
2026-07-23 18:35:39,1327115,0.5,0.1,7.2,    891
2026-07-23 18:35:41,1327115,0.5,0.1,7.2,    893
2026-07-23 18:35:43,1327115,0.5,0.1,7.2,    895
2026-07-23 18:35:46,1327115,0.5,0.1,7.2,    897
2026-07-23 18:35:48,1327115,0.5,0.1,7.2,    900
2026-07-23 18:35:50,1327115,0.5,0.1,7.2,    902
2026-07-23 18:35:52,1327115,0.5,0.1,7.2,    904
2026-07-23 18:35:54,1327115,0.5,0.1,7.2,    906
2026-07-23 18:35:56,1327115,0.5,0.1,7.2,    908
2026-07-23 18:35:58,1327115,0.5,0.1,7.3,    910
2026-07-23 18:36:00,1327115,0.5,0.1,7.2,    912
2026-07-23 18:36:02,1327115,0.5,0.1,7.2,    914
2026-07-23 18:36:04,1327115,0.5,0.1,7.2,    916
2026-07-23 18:36:06,1327115,0.5,0.1,7.2,    918
2026-07-23 18:36:08,1327115,0.5,0.1,7.2,    920
2026-07-23 18:36:10,1327115,0.5,0.1,7.2,    922
2026-07-23 18:36:13,1327115,0.5,0.1,7.2,    924
2026-07-23 18:36:15,1327115,0.5,0.1,7.2,    927
2026-07-23 18:36:17,1327115,0.5,0.1,7.2,    929
2026-07-23 18:36:19,1327115,0.5,0.1,7.2,    931
2026-07-23 18:36:21,1327115,0.5,0.1,7.2,    933
2026-07-23 18:36:23,1327115,0.5,0.1,7.2,    935
2026-07-23 18:36:25,1327115,0.5,0.1,7.2,    937
2026-07-23 18:36:27,1327115,0.5,0.1,7.2,    939
2026-07-23 18:36:29,1327115,0.5,0.1,7.2,    941
2026-07-23 18:36:31,1327115,0.5,0.1,7.2,    943
2026-07-23 18:36:33,1327115,0.5,0.1,7.2,    945
2026-07-23 18:36:35,1327115,0.5,0.1,7.2,    947
2026-07-23 18:36:37,1327115,0.5,0.1,7.2,    949
2026-07-23 18:36:39,1327115,0.5,0.1,7.2,    951
2026-07-23 18:36:42,1327115,0.5,0.1,7.3,    954
2026-07-23 18:36:44,1327115,0.5,0.1,7.2,    956
2026-07-23 18:36:46,1327115,0.5,0.1,7.2,    958
2026-07-23 18:36:48,1327115,0.5,0.1,7.2,    960
2026-07-23 18:36:50,1327115,0.5,0.1,7.2,    962
2026-07-23 18:36:52,1327115,0.5,0.1,7.2,    964
2026-07-23 18:36:54,1327115,0.5,0.1,7.2,    966
2026-07-23 18:36:56,1327115,0.5,0.1,7.2,    968
2026-07-23 18:36:58,1327115,0.5,0.1,7.2,    970
2026-07-23 18:37:00,1327115,0.5,0.1,7.2,    972
2026-07-23 18:37:02,1327115,0.5,0.1,7.2,    974
2026-07-23 18:37:04,1327115,0.5,0.1,7.2,    976
2026-07-23 18:37:06,1327115,0.5,0.1,7.2,    978
2026-07-23 18:37:09,1327115,0.5,0.1,7.2,    980
2026-07-23 18:37:11,1327115,0.5,0.1,7.2,    983
2026-07-23 18:37:13,1327115,0.5,0.1,7.2,    985
2026-07-23 18:37:15,1327115,0.5,0.1,7.3,    987
2026-07-23 18:37:17,1327115,0.5,0.1,7.2,    989
2026-07-23 18:37:19,1327115,0.5,0.1,7.2,    991
2026-07-23 18:37:21,1327115,0.5,0.1,7.2,    993
2026-07-23 18:37:23,1327115,0.5,0.1,7.2,    995
2026-07-23 18:37:25,1327115,0.5,0.1,7.2,    997
2026-07-23 18:37:27,1327115,0.5,0.1,7.2,    999
2026-07-23 18:37:29,1327115,0.5,0.1,7.2,   1001
2026-07-23 18:37:31,1327115,0.5,0.1,7.2,   1003
2026-07-23 18:37:33,1327115,0.5,0.1,7.2,   1005
2026-07-23 18:37:35,1327115,0.5,0.1,7.2,   1007
2026-07-23 18:37:38,1327115,0.5,0.1,7.2,   1010
2026-07-23 18:37:40,1327115,0.5,0.1,7.2,   1012
2026-07-23 18:37:42,1327115,0.5,0.1,7.2,   1014
2026-07-23 18:37:44,1327115,0.5,0.1,7.2,   1016
2026-07-23 18:37:46,1327115,0.5,0.1,7.2,   1018
2026-07-23 18:37:48,1327115,0.5,0.1,7.3,   1020
2026-07-23 18:37:50,1327115,0.5,0.1,7.2,   1022
2026-07-23 18:37:52,1327115,0.5,0.1,7.2,   1024
2026-07-23 18:37:54,1327115,0.5,0.1,7.2,   1026
2026-07-23 18:37:56,1327115,0.5,0.1,7.2,   1028
2026-07-23 18:37:58,1327115,0.5,0.1,7.3,   1030
2026-07-23 18:38:00,1327115,0.5,0.1,7.2,   1032
2026-07-23 18:38:03,1327115,0.5,0.1,7.2,   1034
2026-07-23 18:38:05,1327115,0.5,0.1,7.2,   1037
2026-07-23 18:38:07,1327115,0.5,0.1,7.2,   1039
2026-07-23 18:38:09,1327115,0.5,0.1,7.2,   1041
2026-07-23 18:38:11,1327115,0.5,0.1,7.2,   1043
2026-07-23 18:38:13,1327115,0.5,0.1,7.2,   1045
2026-07-23 18:38:15,1327115,0.5,0.1,7.2,   1047
2026-07-23 18:38:17,1327115,0.5,0.1,7.2,   1049
2026-07-23 18:38:19,1327115,0.5,0.1,7.2,   1051
2026-07-23 18:38:21,1327115,0.5,0.1,7.2,   1053
2026-07-23 18:38:23,1327115,0.5,0.1,7.2,   1055
2026-07-23 18:38:25,1327115,0.5,0.1,7.2,   1057
2026-07-23 18:38:27,1327115,0.5,0.1,7.2,   1059
2026-07-23 18:38:29,1327115,0.5,0.1,7.2,   1061
2026-07-23 18:38:31,1327115,0.5,0.1,7.3,   1063
2026-07-23 18:38:34,1327115,0.5,0.1,7.2,   1065
2026-07-23 18:38:36,1327115,0.5,0.1,7.2,   1068
2026-07-23 18:38:38,1327115,0.5,0.1,7.2,   1070
2026-07-23 18:38:40,1327115,0.5,0.1,7.2,   1072
2026-07-23 18:38:42,1327115,0.5,0.1,7.2,   1074
2026-07-23 18:38:44,1327115,0.5,0.1,7.2,   1076
2026-07-23 18:38:46,1327115,0.5,0.1,7.2,   1078
2026-07-23 18:38:48,1327115,0.5,0.1,7.2,   1080
2026-07-23 18:38:50,1327115,0.5,0.1,7.2,   1082
2026-07-23 18:38:52,1327115,0.5,0.1,7.2,   1084
2026-07-23 18:38:54,1327115,0.5,0.1,7.2,   1086
2026-07-23 18:38:56,1327115,0.5,0.1,7.2,   1088
2026-07-23 18:38:58,1327115,0.5,0.1,7.2,   1090
2026-07-23 18:39:00,1327115,0.5,0.1,7.2,   1092
2026-07-23 18:39:02,1327115,0.5,0.1,7.2,   1094
2026-07-23 18:39:05,1327115,0.5,0.1,7.3,   1097
2026-07-23 18:39:07,1327115,0.5,0.1,7.2,   1099
2026-07-23 18:39:09,1327115,0.5,0.1,7.2,   1101
2026-07-23 18:39:11,1327115,0.5,0.1,7.2,   1103
2026-07-23 18:39:13,1327115,0.5,0.1,7.2,   1105
2026-07-23 18:39:15,1327115,0.5,0.1,7.2,   1107
2026-07-23 18:39:17,1327115,0.5,0.1,7.2,   1109
2026-07-23 18:39:19,1327115,0.5,0.1,7.2,   1111
2026-07-23 18:39:21,1327115,0.5,0.1,7.2,   1113
2026-07-23 18:39:23,1327115,0.5,0.1,7.2,   1115
2026-07-23 18:39:25,1327115,0.5,0.1,7.2,   1117
2026-07-23 18:39:27,1327115,0.5,0.1,7.2,   1119
2026-07-23 18:39:29,1327115,0.5,0.1,7.2,   1121
2026-07-23 18:39:31,1327115,0.5,0.1,7.2,   1123
2026-07-23 18:39:34,1327115,0.5,0.1,7.2,   1126
2026-07-23 18:39:36,1327115,0.5,0.1,7.2,   1128
2026-07-23 18:39:38,1327115,0.5,0.1,7.3,   1130
2026-07-23 18:39:40,1327115,0.5,0.1,7.2,   1132
2026-07-23 18:39:42,1327115,0.5,0.1,7.2,   1134
2026-07-23 18:39:44,1327115,0.5,0.1,7.2,   1136
2026-07-23 18:39:46,1327115,0.5,0.1,7.2,   1138
2026-07-23 18:39:48,1327115,0.5,0.1,7.3,   1140
2026-07-23 18:39:50,1327115,0.5,0.1,7.2,   1142
2026-07-23 18:39:52,1327115,0.5,0.1,7.2,   1144
2026-07-23 18:39:54,1327115,0.5,0.1,7.2,   1146
2026-07-23 18:39:56,1327115,0.5,0.1,7.2,   1148
2026-07-23 18:39:58,1327115,0.5,0.1,7.2,   1150
2026-07-23 18:40:01,1327115,0.5,0.1,7.2,   1152
2026-07-23 18:40:03,1327115,0.5,0.1,7.2,   1155
2026-07-23 18:40:05,1327115,0.5,0.1,7.2,   1157
2026-07-23 18:40:07,1327115,0.5,0.1,7.2,   1159
2026-07-23 18:40:09,1327115,0.5,0.1,7.2,   1161
2026-07-23 18:40:11,1327115,0.5,0.1,7.2,   1163
2026-07-23 18:40:13,1327115,0.5,0.1,7.2,   1165
2026-07-23 18:40:15,1327115,0.5,0.1,7.2,   1167
2026-07-23 18:40:17,1327115,0.5,0.1,7.2,   1169
2026-07-23 18:40:19,1327115,0.5,0.1,7.2,   1171
2026-07-23 18:40:21,1327115,0.5,0.1,7.3,   1173
2026-07-23 18:40:23,1327115,0.5,0.1,7.2,   1175
2026-07-23 18:40:25,1327115,0.5,0.1,7.2,   1177
2026-07-23 18:40:27,1327115,0.5,0.1,7.2,   1179
2026-07-23 18:40:30,1327115,0.5,0.1,7.2,   1181
2026-07-23 18:40:32,1327115,0.5,0.1,7.2,   1184
2026-07-23 18:40:34,1327115,0.5,0.1,7.2,   1186
2026-07-23 18:40:36,1327115,0.5,0.1,7.2,   1188
2026-07-23 18:40:38,1327115,0.5,0.1,7.2,   1190
2026-07-23 18:40:40,1327115,0.5,0.1,7.2,   1192
2026-07-23 18:40:42,1327115,0.5,0.1,7.2,   1194
2026-07-23 18:40:44,1327115,0.5,0.1,7.2,   1196
2026-07-23 18:40:46,1327115,0.5,0.1,7.2,   1198
2026-07-23 18:40:48,1327115,0.5,0.1,7.2,   1200
2026-07-23 18:40:50,1327115,0.5,0.1,7.2,   1202
2026-07-23 18:40:52,1327115,0.5,0.1,7.2,   1204
2026-07-23 18:40:54,1327115,0.5,0.1,7.3,   1206
2026-07-23 18:40:56,1327115,0.5,0.1,7.2,   1208
2026-07-23 18:40:59,1327115,0.5,0.1,7.2,   1211
2026-07-23 18:41:01,1327115,0.5,0.1,7.2,   1213
2026-07-23 18:41:03,1327115,0.5,0.1,7.2,   1215
2026-07-23 18:41:05,1327115,0.5,0.1,7.2,   1217
2026-07-23 18:41:07,1327115,0.5,0.1,7.2,   1219
2026-07-23 18:41:09,1327115,0.5,0.1,7.2,   1221
2026-07-23 18:41:11,1327115,0.5,0.1,7.2,   1223
2026-07-23 18:41:13,1327115,0.5,0.1,7.2,   1225
2026-07-23 18:41:15,1327115,0.5,0.1,7.2,   1227
2026-07-23 18:41:17,1327115,0.5,0.1,7.2,   1229
2026-07-23 18:41:19,1327115,0.5,0.1,7.2,   1231
2026-07-23 18:41:21,1327115,0.5,0.1,7.2,   1233
2026-07-23 18:41:23,1327115,0.5,0.1,7.2,   1235
2026-07-23 18:41:25,1327115,0.5,0.1,7.2,   1237
2026-07-23 18:41:28,1327115,0.5,0.1,7.3,   1239
2026-07-23 18:41:30,1327115,0.5,0.1,7.2,   1242
2026-07-23 18:41:32,1327115,0.5,0.1,7.2,   1244
2026-07-23 18:41:34,1327115,0.5,0.1,7.2,   1246
2026-07-23 18:41:36,1327115,0.5,0.1,7.2,   1248
2026-07-23 18:41:38,1327115,0.5,0.1,7.3,   1250
2026-07-23 18:41:40,1327115,0.5,0.1,7.2,   1252
2026-07-23 18:41:42,1327115,0.5,0.1,7.2,   1254
2026-07-23 18:41:44,1327115,0.5,0.1,7.2,   1256
2026-07-23 18:41:46,1327115,0.5,0.1,7.2,   1258
2026-07-23 18:41:48,1327115,0.5,0.1,7.2,   1260
2026-07-23 18:41:50,1327115,0.5,0.1,7.2,   1262
2026-07-23 18:41:52,1327115,0.5,0.1,7.2,   1264
2026-07-23 18:41:55,1327115,0.5,0.1,7.2,   1267
2026-07-23 18:41:57,1327115,0.5,0.1,7.2,   1269
2026-07-23 18:41:59,1327115,0.5,0.1,7.2,   1271
2026-07-23 18:42:01,1327115,0.5,0.1,7.2,   1273
2026-07-23 18:42:03,1327115,0.5,0.1,7.2,   1275
2026-07-23 18:42:05,1327115,0.5,0.1,7.2,   1277
2026-07-23 18:42:07,1327115,0.5,0.1,7.2,   1279
2026-07-23 18:42:09,1327115,0.5,0.1,7.2,   1281
2026-07-23 18:42:11,1327115,0.5,0.1,7.3,   1283
2026-07-23 18:42:13,1327115,0.5,0.1,7.2,   1285
2026-07-23 18:42:15,1327115,0.5,0.1,7.2,   1287
2026-07-23 18:42:17,1327115,0.5,0.1,7.2,   1289
2026-07-23 18:42:19,1327115,0.5,0.1,7.2,   1291
2026-07-23 18:42:21,1327115,0.5,0.1,7.2,   1293
2026-07-23 18:42:24,1327115,0.5,0.1,7.2,   1295
2026-07-23 18:42:26,1327115,0.5,0.1,7.2,   1298
2026-07-23 18:42:28,1327115,0.5,0.1,7.2,   1300
2026-07-23 18:42:30,1327115,0.5,0.1,7.2,   1302
2026-07-23 18:42:32,1327115,0.5,0.1,7.2,   1304
2026-07-23 18:42:34,1327115,0.5,0.1,7.3,   1306
2026-07-23 18:42:36,1327115,0.5,0.1,7.2,   1308
2026-07-23 18:42:38,1327115,0.5,0.1,7.2,   1310
2026-07-23 18:42:40,1327115,0.5,0.1,7.2,   1312
2026-07-23 18:42:42,1327115,0.5,0.1,7.2,   1314
2026-07-23 18:42:44,1327115,0.5,0.1,7.3,   1316
2026-07-23 18:42:46,1327115,0.6,0.1,7.2,   1318
2026-07-23 18:42:48,1327115,0.6,0.1,7.2,   1320
2026-07-23 18:42:50,1327115,0.5,0.1,7.2,   1322
2026-07-23 18:42:53,1327115,0.5,0.1,7.2,   1324
2026-07-23 18:42:55,1327115,0.5,0.1,7.2,   1327
2026-07-23 18:42:57,1327115,0.6,0.1,7.2,   1329
2026-07-23 18:42:59,1327115,0.5,0.1,7.2,   1331
2026-07-23 18:43:01,1327115,0.5,0.1,7.2,   1333
2026-07-23 18:43:03,1327115,0.5,0.1,7.2,   1335
2026-07-23 18:43:05,1327115,0.5,0.1,7.2,   1337
2026-07-23 18:43:07,1327115,0.6,0.1,7.2,   1339
2026-07-23 18:43:09,1327115,0.6,0.1,7.2,   1341
2026-07-23 18:43:11,1327115,0.5,0.1,7.2,   1343
2026-07-23 18:43:13,1327115,0.5,0.1,7.2,   1345
2026-07-23 18:43:15,1327115,0.5,0.1,7.2,   1347
2026-07-23 18:43:17,1327115,0.5,0.1,7.3,   1349
2026-07-23 18:43:19,1327115,0.6,0.1,7.2,   1351
2026-07-23 18:43:21,1327115,0.6,0.1,7.2,   1353
2026-07-23 18:43:24,1327115,0.6,0.1,7.2,   1356
2026-07-23 18:43:26,1327115,0.5,0.1,7.2,   1358
2026-07-23 18:43:28,1327115,0.5,0.1,7.2,   1360
2026-07-23 18:43:30,1327115,0.6,0.1,7.2,   1362
2026-07-23 18:43:32,1327115,0.6,0.1,7.2,   1364
2026-07-23 18:43:34,1327115,0.6,0.1,7.2,   1366
2026-07-23 18:43:36,1327115,0.6,0.1,7.2,   1368
2026-07-23 18:43:38,1327115,0.5,0.1,7.2,   1370
2026-07-23 18:43:40,1327115,0.6,0.1,7.2,   1372
2026-07-23 18:43:42,1327115,0.6,0.1,7.2,   1374
2026-07-23 18:43:44,1327115,0.6,0.1,7.2,   1376
2026-07-23 18:43:46,1327115,0.6,0.1,7.2,   1378
2026-07-23 18:43:48,1327115,0.5,0.1,7.2,   1380
2026-07-23 18:43:50,1327115,0.6,0.1,7.3,   1382
2026-07-23 18:43:52,1327115,0.6,0.1,7.2,   1384
2026-07-23 18:43:55,1327115,0.6,0.1,7.2,   1386
2026-07-23 18:43:57,1327115,0.6,0.1,7.2,   1389
2026-07-23 18:43:59,1327115,0.6,0.1,7.2,   1391
2026-07-23 18:44:01,1327115,0.5,0.1,7.2,   1393
2026-07-23 18:44:03,1327115,0.6,0.1,7.2,   1395
2026-07-23 18:44:05,1327115,0.6,0.1,7.2,   1397
2026-07-23 18:44:07,1327115,0.6,0.1,7.2,   1399
2026-07-23 18:44:09,1327115,0.6,0.1,7.2,   1401
2026-07-23 18:44:11,1327115,0.5,0.1,7.2,   1403
2026-07-23 18:44:13,1327115,0.6,0.1,7.2,   1405
2026-07-23 18:44:15,1327115,0.6,0.1,7.2,   1407
2026-07-23 18:44:17,1327115,0.6,0.1,7.2,   1409
2026-07-23 18:44:19,1327115,0.6,0.1,7.2,   1411
2026-07-23 18:44:21,1327115,0.6,0.1,7.2,   1413
2026-07-23 18:44:23,1327115,0.6,0.1,7.3,   1415
2026-07-23 18:44:26,1327115,0.6,0.1,7.2,   1418
2026-07-23 18:44:28,1327115,0.6,0.1,7.2,   1420
2026-07-23 18:44:30,1327115,0.6,0.1,7.2,   1422
2026-07-23 18:44:32,1327115,0.6,0.1,7.2,   1424
2026-07-23 18:44:34,1327115,0.5,0.1,7.2,   1426
2026-07-23 18:44:36,1327115,0.6,0.1,7.2,   1428
2026-07-23 18:44:38,1327115,0.6,0.1,7.2,   1430
2026-07-23 18:44:40,1327115,0.6,0.1,7.2,   1432
2026-07-23 18:44:42,1327115,0.6,0.1,7.2,   1434
2026-07-23 18:44:44,1327115,0.6,0.1,7.2,   1436
2026-07-23 18:44:46,1327115,0.6,0.1,7.2,   1438
2026-07-23 18:44:48,1327115,0.6,0.1,7.2,   1440
2026-07-23 18:44:50,1327115,0.6,0.1,7.2,   1442
2026-07-23 18:44:52,1327115,0.6,0.1,7.2,   1444
2026-07-23 18:44:55,1327115,0.6,0.1,7.2,   1447
2026-07-23 18:44:57,1327115,0.6,0.1,7.3,   1449
2026-07-23 18:44:59,1327115,0.6,0.1,7.2,   1451
2026-07-23 18:45:01,1327115,0.6,0.1,7.2,   1453
2026-07-23 18:45:03,1327115,0.6,0.1,7.2,   1455
2026-07-23 18:45:05,1327115,0.6,0.1,7.2,   1457
2026-07-23 18:45:07,1327115,0.6,0.1,7.2,   1459
2026-07-23 18:45:09,1327115,0.6,0.1,7.2,   1461
2026-07-23 18:45:11,1327115,0.6,0.1,7.2,   1463
2026-07-23 18:45:13,1327115,0.6,0.1,7.2,   1465
2026-07-23 18:45:15,1327115,0.6,0.1,7.2,   1467
2026-07-23 18:45:17,1327115,0.6,0.1,7.2,   1469
2026-07-23 18:45:20,1327115,0.6,0.1,7.2,   1472
2026-07-23 18:45:22,1327115,0.6,0.1,7.2,   1474
2026-07-23 18:45:24,1327115,0.6,0.1,7.2,   1476
2026-07-23 18:45:26,1327115,0.6,0.1,7.2,   1478
2026-07-23 18:45:28,1327115,0.6,0.1,7.2,   1480
2026-07-23 18:45:30,1327115,0.6,0.1,7.3,   1482
2026-07-23 18:45:32,1327115,0.6,0.1,7.2,   1484
2026-07-23 18:45:34,1327115,0.6,0.1,7.2,   1486
2026-07-23 18:45:36,1327115,0.6,0.1,7.2,   1488
2026-07-23 18:45:38,1327115,0.6,0.1,7.2,   1490
2026-07-23 18:45:40,1327115,0.6,0.1,7.2,   1492
2026-07-23 18:45:42,1327115,0.6,0.1,7.2,   1494
2026-07-23 18:45:44,1327115,0.6,0.1,7.2,   1496
2026-07-23 18:45:46,1327115,0.6,0.1,7.2,   1498
2026-07-23 18:45:49,1327115,0.6,0.1,7.2,   1500
2026-07-23 18:45:51,1327115,0.6,0.1,7.2,   1503
2026-07-23 18:45:53,1327115,0.6,0.1,7.2,   1505
2026-07-23 18:45:55,1327115,0.6,0.1,7.2,   1507
2026-07-23 18:45:57,1327115,0.6,0.1,7.2,   1509
2026-07-23 18:45:59,1327115,0.6,0.1,7.2,   1511
2026-07-23 18:46:01,1327115,0.6,0.1,7.2,   1513
2026-07-23 18:46:03,1327115,0.6,0.1,7.3,   1515
2026-07-23 18:46:05,1327115,0.6,0.1,7.2,   1517
2026-07-23 18:46:07,1327115,0.6,0.1,7.2,   1519
2026-07-23 18:46:09,1327115,0.6,0.1,7.2,   1521
2026-07-23 18:46:11,1327115,0.6,0.1,7.2,   1523
2026-07-23 18:46:14,1327115,0.6,0.1,7.2,   1526
2026-07-23 18:46:16,1327115,0.6,0.1,7.2,   1528
2026-07-23 18:46:18,1327115,0.6,0.1,7.2,   1530
2026-07-23 18:46:20,1327115,0.6,0.1,7.2,   1532
2026-07-23 18:46:22,1327115,0.6,0.1,7.2,   1534
2026-07-23 18:46:24,1327115,0.6,0.1,7.2,   1536
2026-07-23 18:46:26,1327115,0.6,0.1,7.2,   1538
2026-07-23 18:46:28,1327115,0.6,0.1,7.2,   1540
2026-07-23 18:46:30,1327115,0.6,0.1,7.2,   1542
2026-07-23 18:46:32,1327115,0.6,0.1,7.2,   1544
2026-07-23 18:46:34,1327115,0.6,0.1,7.2,   1546
2026-07-23 18:46:36,1327115,0.6,0.1,7.3,   1548
2026-07-23 18:46:38,1327115,0.6,0.1,7.2,   1550
2026-07-23 18:46:40,1327115,0.6,0.1,7.2,   1552
2026-07-23 18:46:43,1327115,0.6,0.1,7.2,   1555
2026-07-23 18:46:45,1327115,0.6,0.1,7.2,   1557
2026-07-23 18:46:47,1327115,0.6,0.1,7.2,   1559
2026-07-23 18:46:49,1327115,0.6,0.1,7.2,   1561
2026-07-23 18:46:51,1327115,0.6,0.1,7.2,   1563
2026-07-23 18:46:53,1327115,0.6,0.1,7.2,   1565
2026-07-23 18:46:55,1327115,0.6,0.1,7.2,   1567
2026-07-23 18:46:57,1327115,0.6,0.1,7.2,   1569
2026-07-23 18:46:59,1327115,0.6,0.1,7.2,   1571
2026-07-23 18:47:01,1327115,0.6,0.1,7.2,   1573
2026-07-23 18:47:03,1327115,0.6,0.1,7.2,   1575
2026-07-23 18:47:05,1327115,0.6,0.1,7.2,   1577
2026-07-23 18:47:07,1327115,0.6,0.1,7.2,   1579
2026-07-23 18:47:09,1327115,0.6,0.1,7.3,   1582
2026-07-23 18:47:12,1327115,0.6,0.1,7.2,   1584
2026-07-23 18:47:14,1327115,0.6,0.1,7.2,   1586
2026-07-23 18:47:16,1327115,0.6,0.1,7.2,   1588
2026-07-23 18:47:18,1327115,0.6,0.1,7.2,   1590
2026-07-23 18:47:20,1327115,0.6,0.1,7.3,   1592
2026-07-23 18:47:22,1327115,0.6,0.1,7.2,   1594
2026-07-23 18:47:24,1327115,0.6,0.1,7.2,   1596
2026-07-23 18:47:26,1327115,0.6,0.1,7.2,   1598
2026-07-23 18:47:28,1327115,0.6,0.1,7.2,   1600
2026-07-23 18:47:30,1327115,0.6,0.1,7.2,   1602
2026-07-23 18:47:32,1327115,0.6,0.1,7.2,   1604
2026-07-23 18:47:34,1327115,0.6,0.1,7.2,   1606
2026-07-23 18:47:37,1327115,0.6,0.1,7.2,   1608
2026-07-23 18:47:39,1327115,0.6,0.1,7.2,   1611
2026-07-23 18:47:41,1327115,0.6,0.1,7.2,   1613
2026-07-23 18:47:43,1327115,0.6,0.1,7.3,   1615
2026-07-23 18:47:45,1327115,0.6,0.1,7.2,   1617
2026-07-23 18:47:47,1327115,0.6,0.1,7.2,   1619
2026-07-23 18:47:49,1327115,0.6,0.1,7.2,   1621
2026-07-23 18:47:51,1327115,0.6,0.1,7.2,   1623
2026-07-23 18:47:53,1327115,0.6,0.1,7.3,   1625
2026-07-23 18:47:55,1327115,0.6,0.1,7.2,   1627
2026-07-23 18:47:57,1327115,0.6,0.1,7.2,   1629
2026-07-23 18:47:59,1327115,0.6,0.1,7.2,   1631
2026-07-23 18:48:01,1327115,0.6,0.1,7.2,   1633
2026-07-23 18:48:03,1327115,0.6,0.1,7.2,   1635
2026-07-23 18:48:06,1327115,0.6,0.1,7.2,   1638
2026-07-23 18:48:08,1327115,0.6,0.1,7.2,   1640
2026-07-23 18:48:10,1327115,0.6,0.1,7.2,   1642
2026-07-23 18:48:12,1327115,0.6,0.1,7.2,   1644
2026-07-23 18:48:14,1327115,0.6,0.1,7.2,   1646
2026-07-23 18:48:16,1327115,0.6,0.1,7.3,   1648
2026-07-23 18:48:18,1327115,0.6,0.1,7.2,   1650
2026-07-23 18:48:20,1327115,0.6,0.1,7.2,   1652
2026-07-23 18:48:22,1327115,0.6,0.1,7.2,   1654
2026-07-23 18:48:24,1327115,0.6,0.1,7.2,   1656
2026-07-23 18:48:26,1327115,0.6,0.1,7.3,   1658
2026-07-23 18:48:28,1327115,0.6,0.1,7.2,   1660
2026-07-23 18:48:30,1327115,0.6,0.1,7.2,   1662
2026-07-23 18:48:33,1327115,0.6,0.1,7.2,   1665
2026-07-23 18:48:35,1327115,0.6,0.1,7.2,   1667
2026-07-23 18:48:37,1327115,0.6,0.1,7.2,   1669
2026-07-23 18:48:39,1327115,0.6,0.1,7.2,   1671
2026-07-23 18:48:41,1327115,0.6,0.1,7.2,   1673
2026-07-23 18:48:43,1327115,0.6,0.1,7.2,   1675
2026-07-23 18:48:45,1327115,0.6,0.1,7.2,   1677
2026-07-23 18:48:47,1327115,0.6,0.1,7.2,   1679
2026-07-23 18:48:49,1327115,0.6,0.1,7.3,   1681
2026-07-23 18:48:51,1327115,0.6,0.1,7.2,   1683
2026-07-23 18:48:53,1327115,0.6,0.1,7.2,   1685
2026-07-23 18:48:55,1327115,0.6,0.1,7.2,   1687
2026-07-23 18:48:57,1327115,0.6,0.1,7.2,   1689
2026-07-23 18:49:00,1327115,0.6,0.1,7.3,   1692
2026-07-23 18:49:02,1327115,0.6,0.1,7.2,   1694
2026-07-23 18:49:04,1327115,0.6,0.1,7.2,   1696
2026-07-23 18:49:06,1327115,0.6,0.1,7.2,   1698
2026-07-23 18:49:08,1327115,0.6,0.1,7.2,   1700
2026-07-23 18:49:10,1327115,0.6,0.1,7.2,   1702
2026-07-23 18:49:12,1327115,0.6,0.1,7.2,   1704
2026-07-23 18:49:14,1327115,0.6,0.1,7.2,   1706
2026-07-23 18:49:16,1327115,0.6,0.1,7.2,   1708
2026-07-23 18:49:18,1327115,0.6,0.1,7.2,   1710
2026-07-23 18:49:20,1327115,0.6,0.1,7.2,   1712
2026-07-23 18:49:22,1327115,0.6,0.1,7.3,   1714
2026-07-23 18:49:24,1327115,0.6,0.1,7.2,   1716
2026-07-23 18:49:27,1327115,0.6,0.1,7.2,   1718
2026-07-23 18:49:29,1327115,0.6,0.1,7.2,   1721
2026-07-23 18:49:31,1327115,0.6,0.1,7.2,   1723
2026-07-23 18:49:33,1327115,0.6,0.1,7.3,   1725
2026-07-23 18:49:35,1327115,0.6,0.1,7.2,   1727
2026-07-23 18:49:37,1327115,0.6,0.1,7.2,   1729
2026-07-23 18:49:39,1327115,0.6,0.1,7.2,   1731
2026-07-23 18:49:41,1327115,0.6,0.1,7.2,   1733
2026-07-23 18:49:43,1327115,0.6,0.1,7.2,   1735
2026-07-23 18:49:45,1327115,0.6,0.1,7.2,   1737
2026-07-23 18:49:47,1327115,0.6,0.1,7.2,   1739
2026-07-23 18:49:49,1327115,0.6,0.1,7.2,   1741
2026-07-23 18:49:51,1327115,0.6,0.1,7.2,   1743
2026-07-23 18:49:53,1327115,0.6,0.1,7.2,   1745
2026-07-23 18:49:55,1327115,0.6,0.1,7.3,   1747
2026-07-23 18:49:58,1327115,0.6,0.1,7.2,   1750
2026-07-23 18:50:00,1327115,0.6,0.1,7.2,   1752
2026-07-23 18:50:02,1327115,0.6,0.1,7.2,   1754
2026-07-23 18:50:04,1327115,0.6,0.1,7.2,   1756
2026-07-23 18:50:06,1327115,0.6,0.1,7.3,   1758
2026-07-23 18:50:08,1327115,0.6,0.1,7.2,   1760
2026-07-23 18:50:10,1327115,0.6,0.1,7.2,   1762
2026-07-23 18:50:12,1327115,0.6,0.1,7.2,   1764
2026-07-23 18:50:14,1327115,0.6,0.1,7.2,   1766
2026-07-23 18:50:16,1327115,0.6,0.1,7.2,   1768
2026-07-23 18:50:18,1327115,0.6,0.1,7.2,   1770
2026-07-23 18:50:20,1327115,0.6,0.1,7.2,   1772
2026-07-23 18:50:23,1327115,0.6,0.1,7.2,   1775
2026-07-23 18:50:25,1327115,0.6,0.1,7.2,   1777
2026-07-23 18:50:27,1327115,0.6,0.1,7.2,   1779
2026-07-23 18:50:29,1327115,0.6,0.1,7.3,   1781
2026-07-23 18:50:31,1327115,0.6,0.1,7.2,   1783
2026-07-23 18:50:33,1327115,0.6,0.1,7.2,   1785
2026-07-23 18:50:35,1327115,0.6,0.1,7.2,   1787
2026-07-23 18:50:37,1327115,0.6,0.1,7.2,   1789
2026-07-23 18:50:39,1327115,0.6,0.1,7.2,   1791
2026-07-23 18:50:41,1327115,0.6,0.1,7.2,   1793
2026-07-23 18:50:43,1327115,0.6,0.1,7.2,   1795
2026-07-23 18:50:45,1327115,0.6,0.1,7.2,   1797
2026-07-23 18:50:47,1327115,0.6,0.1,7.2,   1799
2026-07-23 18:50:50,1327115,0.6,0.1,7.2,   1801
2026-07-23 18:50:52,1327115,0.6,0.1,7.2,   1804
2026-07-23 18:50:54,1327115,0.6,0.1,7.2,   1806
2026-07-23 18:50:56,1327115,0.6,0.1,7.2,   1808
2026-07-23 18:50:58,1327115,0.6,0.1,7.2,   1810
2026-07-23 18:51:00,1327115,0.6,0.1,7.2,   1812
2026-07-23 18:51:02,1327115,0.6,0.1,7.3,   1814
2026-07-23 18:51:02,1426808,,,,
2026-07-23 18:51:04,1327115,0.6,0.1,7.2,   1816
2026-07-23 18:51:06,1327115,0.6,0.1,7.2,   1818
2026-07-23 18:51:08,1327115,0.6,0.1,7.2,   1820
2026-07-23 18:51:10,1327115,0.6,0.1,7.2,   1822
2026-07-23 18:51:12,1327115,0.6,0.1,7.2,   1824
2026-07-23 18:51:15,1327115,0.6,0.1,7.2,   1826
2026-07-23 18:51:17,1327115,0.6,0.1,7.2,   1829
2026-07-23 18:51:19,1327115,0.6,0.1,7.2,   1831
2026-07-23 18:51:21,1327115,0.6,0.1,7.2,   1833
2026-07-23 18:51:23,1327115,0.6,0.1,7.2,   1835
2026-07-23 18:51:25,1327115,0.6,0.1,7.2,   1837
2026-07-23 18:51:27,1327115,0.6,0.1,7.2,   1839
2026-07-23 18:51:29,1327115,0.6,0.1,7.2,   1841
2026-07-23 18:51:31,1327115,0.6,0.1,7.2,   1843
2026-07-23 18:51:33,1327115,0.6,0.1,7.2,   1845
2026-07-23 18:51:35,1327115,0.6,0.1,7.3,   1847
2026-07-23 18:51:37,1327115,0.6,0.1,7.2,   1849
2026-07-23 18:51:39,1327115,0.6,0.1,7.2,   1851
2026-07-23 18:51:42,1327115,0.6,0.1,7.2,   1853
2026-07-23 18:51:44,1327115,0.6,0.1,7.2,   1856
2026-07-23 18:51:46,1327115,0.6,0.1,7.3,   1858
2026-07-23 18:51:48,1327115,0.6,0.1,7.2,   1860
2026-07-23 18:51:50,1327115,0.6,0.1,7.2,   1862
2026-07-23 18:51:52,1327115,0.6,0.1,7.2,   1864
2026-07-23 18:51:54,1327115,0.6,0.1,7.2,   1866
2026-07-23 18:51:56,1327115,0.6,0.1,7.2,   1868
2026-07-23 18:51:58,1327115,0.6,0.1,7.2,   1870
2026-07-23 18:52:00,1327115,0.6,0.1,7.2,   1872
2026-07-23 18:52:02,1327115,0.6,0.1,7.2,   1874
2026-07-23 18:52:04,1327115,0.6,0.1,7.2,   1876
2026-07-23 18:52:06,1327115,0.6,0.1,7.2,   1878
2026-07-23 18:52:08,1327115,0.6,0.1,7.3,   1880
2026-07-23 18:52:11,1327115,0.6,0.1,7.2,   1883
2026-07-23 18:52:13,1327115,0.6,0.1,7.2,   1885
2026-07-23 18:52:15,1327115,0.6,0.1,7.2,   1887
2026-07-23 18:52:17,1327115,0.6,0.1,7.2,   1889
2026-07-23 18:52:19,1327115,0.6,0.1,7.3,   1891
2026-07-23 18:52:21,1327115,0.6,0.1,7.2,   1893
2026-07-23 18:52:23,1327115,0.6,0.1,7.2,   1895
2026-07-23 18:52:25,1327115,0.6,0.1,7.2,   1897
2026-07-23 18:52:27,1327115,0.6,0.1,7.2,   1899
2026-07-23 18:52:29,1327115,0.6,0.1,7.2,   1901
2026-07-23 18:52:31,1327115,0.6,0.1,7.2,   1903
2026-07-23 18:52:33,1327115,0.6,0.1,7.2,   1905
2026-07-23 18:52:35,1327115,0.6,0.1,7.2,   1907
2026-07-23 18:52:37,1327115,0.6,0.1,7.2,   1909
2026-07-23 18:52:40,1327115,0.6,0.1,7.2,   1911
2026-07-23 18:52:42,1327115,0.6,0.1,7.3,   1914
2026-07-23 18:52:44,1327115,0.6,0.1,7.2,   1916
2026-07-23 18:52:46,1327115,0.6,0.1,7.2,   1918
2026-07-23 18:52:48,1327115,0.6,0.1,7.2,   1920
2026-07-23 18:52:50,1327115,0.6,0.1,7.2,   1922
2026-07-23 18:52:52,1327115,0.6,0.1,7.3,   1924
2026-07-23 18:52:54,1327115,0.6,0.1,7.2,   1926
2026-07-23 18:52:56,1327115,0.6,0.1,7.2,   1928
2026-07-23 18:52:58,1327115,0.6,0.1,7.2,   1930
2026-07-23 18:53:00,1327115,0.6,0.1,7.2,   1932
2026-07-23 18:53:02,1327115,0.6,0.1,7.2,   1934
2026-07-23 18:53:04,1327115,0.6,0.1,7.2,   1936
2026-07-23 18:53:07,1327115,0.6,0.1,7.2,   1938
2026-07-23 18:53:09,1327115,0.6,0.1,7.2,   1941
2026-07-23 18:53:11,1327115,0.6,0.1,7.2,   1943
2026-07-23 18:53:13,1327115,0.6,0.1,7.2,   1945
2026-07-23 18:53:15,1327115,0.6,0.1,7.3,   1947
2026-07-23 18:53:17,1327115,0.6,0.1,7.2,   1949
2026-07-23 18:53:19,1327115,0.6,0.1,7.2,   1951
2026-07-23 18:53:21,1327115,0.6,0.1,7.2,   1953
2026-07-23 18:53:23,1327115,0.6,0.1,7.2,   1955
2026-07-23 18:53:25,1327115,0.6,0.1,7.3,   1957
2026-07-23 18:53:27,1327115,0.6,0.1,7.2,   1959
2026-07-23 18:53:29,1327115,0.6,0.1,7.2,   1961
2026-07-23 18:53:31,1327115,0.6,0.1,7.2,   1963
2026-07-23 18:53:34,1327115,0.6,0.1,7.2,   1966
2026-07-23 18:53:36,1327115,0.6,0.1,7.2,   1968
2026-07-23 18:53:38,1327115,0.6,0.1,7.2,   1970
2026-07-23 18:53:40,1327115,0.6,0.1,7.2,   1972
2026-07-23 18:53:42,1327115,0.6,0.1,7.2,   1974
2026-07-23 18:53:44,1327115,0.6,0.1,7.2,   1976
2026-07-23 18:53:46,1327115,0.6,0.1,7.2,   1978
2026-07-23 18:53:48,1327115,0.6,0.1,7.3,   1980
2026-07-23 18:53:50,1327115,0.6,0.1,7.2,   1982
2026-07-23 18:53:52,1327115,0.6,0.1,7.2,   1984
2026-07-23 18:53:54,1327115,0.6,0.1,7.2,   1986
2026-07-23 18:53:56,1327115,0.6,0.1,7.2,   1988
2026-07-23 18:53:58,1327115,0.6,0.1,7.3,   1990
2026-07-23 18:54:01,1327115,0.6,0.1,7.2,   1992
2026-07-23 18:54:03,1327115,0.6,0.1,7.2,   1995
2026-07-23 18:54:05,1327115,0.6,0.1,7.2,   1997
2026-07-23 18:54:07,1327115,0.6,0.1,7.2,   1999
2026-07-23 18:54:09,1327115,0.6,0.1,7.2,   2001
2026-07-23 18:54:11,1327115,0.6,0.1,7.2,   2003
2026-07-23 18:54:13,1327115,0.6,0.1,7.2,   2005
2026-07-23 18:54:15,1327115,0.6,0.1,7.2,   2007
2026-07-23 18:54:17,1327115,0.6,0.1,7.2,   2009
2026-07-23 18:54:19,1327115,0.6,0.1,7.2,   2011
2026-07-23 18:54:21,1327115,0.6,0.1,7.3,   2013
2026-07-23 18:54:23,1327115,0.6,0.1,7.2,   2015
2026-07-23 18:54:25,1327115,0.6,0.1,7.2,   2017
2026-07-23 18:54:27,1327115,0.6,0.1,7.2,   2019
2026-07-23 18:54:30,1327115,0.6,0.1,7.2,   2021
2026-07-23 18:54:32,1327115,0.6,0.1,7.3,   2024
2026-07-23 18:54:34,1327115,0.6,0.1,7.2,   2026
2026-07-23 18:54:36,1327115,0.6,0.1,7.2,   2028
2026-07-23 18:54:38,1327115,0.6,0.1,7.2,   2030
2026-07-23 18:54:40,1327115,0.6,0.1,7.2,   2032
2026-07-23 18:54:42,1327115,0.6,0.1,7.2,   2034
2026-07-23 18:54:44,1327115,0.6,0.1,7.2,   2036
2026-07-23 18:54:46,1327115,0.6,0.1,7.2,   2038
2026-07-23 18:54:48,1327115,0.6,0.1,7.2,   2040
2026-07-23 18:54:50,1327115,0.6,0.1,7.2,   2042
2026-07-23 18:54:52,1327115,0.6,0.1,7.2,   2044
2026-07-23 18:54:54,1327115,0.6,0.1,7.3,   2046
2026-07-23 18:54:56,1327115,0.6,0.1,7.2,   2048
2026-07-23 18:54:59,1327115,0.6,0.1,7.2,   2051
2026-07-23 18:55:01,1327115,0.6,0.1,7.2,   2053
2026-07-23 18:55:03,1327115,0.6,0.1,7.2,   2055
2026-07-23 18:55:05,1327115,0.6,0.1,7.3,   2057
2026-07-23 18:55:07,1327115,0.6,0.1,7.2,   2059
2026-07-23 18:55:09,1327115,0.6,0.1,7.2,   2061
2026-07-23 18:55:11,1327115,0.6,0.1,7.2,   2063
2026-07-23 18:55:13,1327115,0.6,0.1,7.2,   2065
2026-07-23 18:55:15,1327115,0.6,0.1,7.2,   2067
2026-07-23 18:55:17,1327115,0.6,0.1,7.2,   2069
2026-07-23 18:55:19,1327115,0.6,0.1,7.2,   2071
2026-07-23 18:55:21,1327115,0.6,0.1,7.2,   2073
2026-07-23 18:55:23,1327115,0.6,0.1,7.2,   2075
2026-07-23 18:55:25,1327115,0.6,0.1,7.2,   2077
2026-07-23 18:55:28,1327115,0.6,0.1,7.3,   2080
2026-07-23 18:55:30,1327115,0.6,0.1,7.2,   2082
2026-07-23 18:55:32,1327115,0.6,0.1,7.2,   2084
2026-07-23 18:55:34,1327115,0.6,0.1,7.2,   2086
2026-07-23 18:55:36,1327115,0.6,0.1,7.2,   2088
2026-07-23 18:55:38,1327115,0.6,0.1,7.3,   2090
2026-07-23 18:55:40,1327115,0.6,0.1,7.2,   2092
2026-07-23 18:55:42,1327115,0.6,0.1,7.2,   2094
2026-07-23 18:55:44,1327115,0.6,0.1,7.2,   2096
2026-07-23 18:55:46,1327115,0.6,0.1,7.2,   2098
2026-07-23 18:55:48,1327115,0.6,0.1,7.2,   2100
2026-07-23 18:55:50,1327115,0.6,0.1,7.2,   2102
2026-07-23 18:55:52,1327115,0.6,0.1,7.2,   2104
2026-07-23 18:55:54,1327115,0.6,0.1,7.2,   2106
2026-07-23 18:55:57,1327115,0.6,0.1,7.2,   2109
2026-07-23 18:55:59,1327115,0.6,0.1,7.2,   2111
2026-07-23 18:56:01,1327115,0.6,0.1,7.3,   2113
2026-07-23 18:56:03,1327115,0.6,0.1,7.2,   2115
2026-07-23 18:56:05,1327115,0.6,0.1,7.2,   2117
2026-07-23 18:56:07,1327115,0.6,0.1,7.2,   2119
2026-07-23 18:56:09,1327115,0.6,0.1,7.2,   2121
2026-07-23 18:56:11,1327115,0.6,0.1,7.3,   2123
2026-07-23 18:56:13,1327115,0.6,0.1,7.2,   2125
2026-07-23 18:56:15,1327115,0.6,0.1,7.2,   2127
2026-07-23 18:56:17,1327115,0.6,0.1,7.2,   2129
2026-07-23 18:56:19,1327115,0.6,0.1,7.2,   2131
2026-07-23 18:56:21,1327115,0.6,0.1,7.2,   2133
2026-07-23 18:56:24,1327115,0.6,0.1,7.2,   2136
2026-07-23 18:56:26,1327115,0.6,0.1,7.2,   2138
2026-07-23 18:56:28,1327115,0.6,0.1,7.2,   2140
2026-07-23 18:56:30,1327115,0.6,0.1,7.2,   2142
2026-07-23 18:56:32,1327115,0.6,0.1,7.2,   2144
2026-07-23 18:56:34,1327115,0.6,0.1,7.3,   2146
2026-07-23 18:56:36,1327115,0.6,0.1,7.2,   2148
2026-07-23 18:56:38,1327115,0.6,0.1,7.2,   2150
2026-07-23 18:56:40,1327115,0.6,0.1,7.2,   2152
2026-07-23 18:56:42,1327115,0.6,0.1,7.2,   2154
2026-07-23 18:56:44,1327115,0.6,0.1,7.3,   2156
2026-07-23 18:56:46,1327115,0.6,0.1,7.2,   2158
2026-07-23 18:56:48,1327115,0.6,0.1,7.2,   2160
2026-07-23 18:56:50,1327115,0.6,0.1,7.2,   2162
2026-07-23 18:56:53,1327115,0.6,0.1,7.2,   2165
2026-07-23 18:56:55,1327115,0.6,0.1,7.2,   2167
2026-07-23 18:56:57,1327115,0.6,0.1,7.2,   2169
2026-07-23 18:56:59,1327115,0.6,0.1,7.2,   2171
2026-07-23 18:57:01,1327115,0.6,0.1,7.2,   2173
2026-07-23 18:57:03,1327115,0.6,0.1,7.2,   2175
2026-07-23 18:57:05,1327115,0.6,0.1,7.2,   2177
2026-07-23 18:57:07,1327115,0.6,0.1,7.3,   2179
2026-07-23 18:57:09,1327115,0.6,0.1,7.2,   2181
2026-07-23 18:57:11,1327115,0.6,0.1,7.2,   2183
2026-07-23 18:57:13,1327115,0.6,0.1,7.2,   2185
2026-07-23 18:57:15,1327115,0.6,0.1,7.2,   2187
2026-07-23 18:57:17,1327115,0.6,0.1,7.2,   2189
2026-07-23 18:57:20,1327115,0.6,0.1,7.2,   2192
2026-07-23 18:57:22,1327115,0.6,0.1,7.2,   2194
2026-07-23 18:57:24,1327115,0.6,0.1,7.2,   2196
2026-07-23 18:57:26,1327115,0.6,0.1,7.2,   2198
2026-07-23 18:57:28,1327115,0.6,0.1,7.2,   2200
2026-07-23 18:57:30,1327115,0.6,0.1,7.2,   2202
2026-07-23 18:57:32,1327115,0.6,0.1,7.2,   2204
2026-07-23 18:57:34,1327115,0.6,0.1,7.2,   2206
2026-07-23 18:57:36,1327115,0.6,0.1,7.2,   2208
2026-07-23 18:57:38,1327115,0.6,0.1,7.2,   2210
2026-07-23 18:57:40,1327115,0.6,0.1,7.3,   2212
2026-07-23 18:57:42,1327115,0.6,0.1,7.2,   2214
2026-07-23 18:57:45,1327115,0.6,0.1,7.2,   2216
2026-07-23 18:57:47,1327115,0.6,0.1,7.2,   2219
2026-07-23 18:57:49,1327115,0.6,0.1,7.2,   2221
2026-07-23 18:57:51,1327115,0.6,0.1,7.2,   2223
2026-07-23 18:57:53,1327115,0.6,0.1,7.2,   2225
2026-07-23 18:57:55,1327115,0.6,0.1,7.2,   2227
2026-07-23 18:57:57,1327115,0.6,0.1,7.2,   2229
2026-07-23 18:57:59,1327115,0.6,0.1,7.2,   2231
2026-07-23 18:58:01,1327115,0.6,0.1,7.2,   2233
2026-07-23 18:58:03,1327115,0.6,0.1,7.2,   2235
2026-07-23 18:58:05,1327115,0.6,0.1,7.2,   2237
2026-07-23 18:58:07,1327115,0.6,0.1,7.2,   2239
2026-07-23 18:58:09,1327115,0.6,0.1,7.2,   2241
2026-07-23 18:58:11,1327115,0.6,0.1,7.2,   2243
2026-07-23 18:58:13,1327115,0.6,0.1,7.3,   2245
2026-07-23 18:58:16,1327115,0.6,0.1,7.2,   2248
2026-07-23 18:58:18,1327115,0.6,0.1,7.2,   2250
2026-07-23 18:58:20,1327115,0.6,0.1,7.2,   2252
2026-07-23 18:58:22,1327115,0.6,0.1,7.2,   2254
2026-07-23 18:58:24,1327115,0.6,0.1,7.2,   2256
2026-07-23 18:58:26,1327115,0.6,0.1,7.2,   2258
2026-07-23 18:58:28,1327115,0.6,0.1,7.2,   2260
2026-07-23 18:58:30,1327115,0.6,0.1,7.2,   2262
2026-07-23 18:58:32,1327115,0.6,0.1,7.2,   2264
2026-07-23 18:58:34,1327115,0.6,0.1,7.2,   2266
2026-07-23 18:58:36,1327115,0.6,0.1,7.2,   2268
2026-07-23 18:58:38,1327115,0.6,0.1,7.2,   2270
2026-07-23 18:58:40,1327115,0.6,0.1,7.2,   2272
2026-07-23 18:58:42,1327115,0.6,0.1,7.2,   2274
2026-07-23 18:58:45,1327115,0.6,0.1,7.2,   2277
2026-07-23 18:58:47,1327115,0.6,0.1,7.3,   2279
2026-07-23 18:58:49,1327115,0.6,0.1,7.2,   2281
2026-07-23 18:58:51,1327115,0.6,0.1,7.2,   2283
2026-07-23 18:58:53,1327115,0.6,0.1,7.2,   2285
2026-07-23 18:58:55,1327115,0.6,0.1,7.2,   2287
2026-07-23 18:58:57,1327115,0.6,0.1,7.3,   2289
2026-07-23 18:58:59,1327115,0.6,0.1,7.2,   2291
2026-07-23 18:59:01,1327115,0.6,0.1,7.2,   2293
2026-07-23 18:59:03,1327115,0.6,0.1,7.2,   2295
2026-07-23 18:59:05,1327115,0.6,0.1,7.2,   2297
2026-07-23 18:59:07,1327115,0.6,0.1,7.2,   2299
2026-07-23 18:59:10,1327115,0.6,0.1,7.2,   2302
2026-07-23 18:59:12,1327115,0.6,0.1,7.2,   2304
2026-07-23 18:59:14,1327115,0.6,0.1,7.2,   2306
2026-07-23 18:59:16,1327115,0.6,0.1,7.2,   2308
2026-07-23 18:59:18,1327115,0.6,0.1,7.2,   2310
2026-07-23 18:59:20,1327115,0.6,0.1,7.3,   2312
2026-07-23 18:59:22,1327115,0.6,0.1,7.2,   2314
2026-07-23 18:59:24,1327115,0.6,0.1,7.2,   2316
2026-07-23 18:59:26,1327115,0.6,0.1,7.2,   2318
2026-07-23 18:59:28,1327115,0.6,0.1,7.2,   2320
2026-07-23 18:59:30,1327115,0.6,0.1,7.2,   2322
2026-07-23 18:59:32,1327115,0.6,0.1,7.2,   2324
2026-07-23 18:59:34,1327115,0.6,0.1,7.2,   2326
2026-07-23 18:59:37,1327115,0.6,0.1,7.2,   2329
2026-07-23 18:59:39,1327115,0.6,0.1,7.2,   2331
2026-07-23 18:59:41,1327115,0.6,0.1,7.2,   2333
2026-07-23 18:59:43,1327115,0.6,0.1,7.2,   2335
2026-07-23 18:59:45,1327115,0.6,0.1,7.2,   2337
2026-07-23 18:59:47,1327115,0.6,0.1,7.2,   2339
2026-07-23 18:59:49,1327115,0.6,0.1,7.2,   2341
2026-07-23 18:59:51,1327115,0.6,0.1,7.2,   2343
2026-07-23 18:59:53,1327115,0.6,0.1,7.3,   2345
2026-07-23 18:59:55,1327115,0.6,0.1,7.2,   2347
2026-07-23 18:59:57,1327115,0.6,0.1,7.2,   2349
2026-07-23 18:59:59,1327115,0.6,0.1,7.2,   2351
2026-07-23 19:00:01,1327115,0.6,0.1,7.2,   2353
2026-07-23 19:00:04,1327115,0.6,0.1,7.2,   2356
2026-07-23 19:00:06,1327115,0.6,0.1,7.2,   2358
2026-07-23 19:00:08,1327115,0.6,0.1,7.2,   2360
2026-07-23 19:00:10,1327115,0.6,0.1,7.2,   2362
2026-07-23 19:00:12,1327115,0.6,0.1,7.2,   2364
2026-07-23 19:00:14,1327115,0.6,0.1,7.2,   2366
2026-07-23 19:00:16,1327115,0.6,0.1,7.2,   2368
2026-07-23 19:00:18,1327115,0.6,0.1,7.2,   2370
2026-07-23 19:00:20,1327115,0.6,0.1,7.2,   2372
2026-07-23 19:00:22,1327115,0.6,0.1,7.2,   2374
2026-07-23 19:00:24,1327115,0.6,0.1,7.2,   2376
2026-07-23 19:00:26,1327115,0.6,0.1,7.3,   2378
2026-07-23 19:00:28,1327115,0.6,0.1,7.2,   2380
2026-07-23 19:00:30,1327115,0.6,0.1,7.2,   2382
2026-07-23 19:00:33,1327115,0.6,0.1,7.2,   2385
2026-07-23 19:00:35,1327115,0.6,0.1,7.2,   2387
2026-07-23 19:00:37,1327115,0.6,0.1,7.2,   2389
2026-07-23 19:00:39,1327115,0.6,0.1,7.2,   2391
2026-07-23 19:00:41,1327115,0.6,0.1,7.2,   2393
2026-07-23 19:00:43,1327115,0.6,0.1,7.2,   2395
2026-07-23 19:00:45,1327115,0.6,0.1,7.2,   2397
2026-07-23 19:00:47,1327115,0.6,0.1,7.2,   2399
2026-07-23 19:00:49,1327115,0.6,0.1,7.3,   2401
2026-07-23 19:00:51,1327115,0.6,0.1,7.2,   2403
2026-07-23 19:00:53,1327115,0.6,0.1,7.2,   2405
2026-07-23 19:00:55,1327115,0.6,0.1,7.2,   2407
2026-07-23 19:00:57,1327115,0.6,0.1,7.2,   2409
2026-07-23 19:00:59,1327115,0.6,0.1,7.3,   2411
2026-07-23 19:01:02,1327115,0.6,0.1,7.2,   2414
2026-07-23 19:01:04,1327115,0.6,0.1,7.2,   2416
2026-07-23 19:01:06,1327115,0.6,0.1,7.2,   2418
2026-07-23 19:01:08,1327115,0.6,0.1,7.2,   2420
2026-07-23 19:01:10,1327115,0.6,0.1,7.2,   2422
2026-07-23 19:01:12,1327115,0.6,0.1,7.2,   2424
2026-07-23 19:01:14,1327115,0.6,0.1,7.2,   2426
2026-07-23 19:01:16,1327115,0.6,0.1,7.2,   2428
2026-07-23 19:01:18,1327115,0.6,0.1,7.2,   2430
2026-07-23 19:01:20,1327115,0.6,0.1,7.2,   2432
2026-07-23 19:01:22,1327115,0.6,0.1,7.3,   2434
2026-07-23 19:01:24,1327115,0.6,0.1,7.2,   2436
2026-07-23 19:01:27,1327115,0.6,0.1,7.2,   2438
2026-07-23 19:01:29,1327115,0.6,0.1,7.2,   2441
2026-07-23 19:01:31,1327115,0.6,0.1,7.2,   2443
2026-07-23 19:01:33,1327115,0.6,0.1,7.2,   2445
2026-07-23 19:01:35,1327115,0.6,0.1,7.2,   2447
2026-07-23 19:01:37,1327115,0.6,0.1,7.2,   2449
2026-07-23 19:01:39,1327115,0.6,0.1,7.2,   2451
2026-07-23 19:01:41,1327115,0.6,0.1,7.2,   2453
2026-07-23 19:01:43,1327115,0.6,0.1,7.2,   2455
2026-07-23 19:01:45,1327115,0.6,0.1,7.3,   2457
2026-07-23 19:01:47,1327115,0.6,0.1,7.2,   2459
2026-07-23 19:01:49,1327115,0.6,0.1,7.2,   2461
2026-07-23 19:01:51,1327115,0.6,0.1,7.2,   2463
2026-07-23 19:01:53,1327115,0.6,0.1,7.2,   2465
2026-07-23 19:01:56,1327115,0.6,0.1,7.3,   2468
2026-07-23 19:01:58,1327115,0.6,0.1,7.2,   2470
2026-07-23 19:02:00,1327115,0.6,0.1,7.2,   2472
2026-07-23 19:02:02,1327115,0.6,0.1,7.2,   2474
2026-07-23 19:02:04,1327115,0.6,0.1,7.2,   2476
2026-07-23 19:02:06,1327115,0.6,0.1,7.2,   2478
2026-07-23 19:02:08,1327115,0.6,0.1,7.2,   2480
2026-07-23 19:02:10,1327115,0.6,0.1,7.2,   2482
2026-07-23 19:02:12,1327115,0.6,0.1,7.2,   2484
2026-07-23 19:02:14,1327115,0.6,0.1,7.2,   2486
2026-07-23 19:02:16,1327115,0.6,0.1,7.2,   2488
2026-07-23 19:02:18,1327115,0.6,0.1,7.3,   2490
2026-07-23 19:02:21,1327115,0.6,0.1,7.2,   2493
2026-07-23 19:02:23,1327115,0.6,0.1,7.2,   2495
2026-07-23 19:02:25,1327115,0.6,0.1,7.2,   2497
2026-07-23 19:02:27,1327115,0.6,0.1,7.2,   2499
2026-07-23 19:02:29,1327115,0.6,0.1,7.2,   2501
2026-07-23 19:02:31,1327115,0.6,0.1,7.2,   2503
2026-07-23 19:02:33,1327115,0.6,0.1,7.2,   2505
2026-07-23 19:02:35,1327115,0.6,0.1,7.2,   2507
2026-07-23 19:02:37,1327115,0.6,0.1,7.2,   2509
2026-07-23 19:02:39,1327115,0.6,0.1,7.2,   2511
2026-07-23 19:02:41,1327115,0.6,0.1,7.2,   2513
2026-07-23 19:02:43,1327115,0.6,0.1,7.2,   2515
2026-07-23 19:02:45,1327115,0.6,0.1,7.2,   2517
2026-07-23 19:02:47,1327115,0.6,0.1,7.2,   2519
2026-07-23 19:02:50,1327115,0.6,0.1,7.2,   2521
2026-07-23 19:02:52,1327115,0.6,0.1,7.3,   2524
2026-07-23 19:02:54,1327115,0.6,0.1,7.2,   2526
2026-07-23 19:02:56,1327115,0.6,0.1,7.2,   2528
2026-07-23 19:02:58,1327115,0.6,0.1,7.2,   2530
2026-07-23 19:03:00,1327115,0.6,0.1,7.2,   2532
2026-07-23 19:03:02,1327115,0.6,0.1,7.2,   2534
2026-07-23 19:03:04,1327115,0.6,0.1,7.2,   2536
2026-07-23 19:03:06,1327115,0.6,0.1,7.2,   2538
2026-07-23 19:03:08,1327115,0.6,0.1,7.2,   2540
2026-07-23 19:03:10,1327115,0.6,0.1,7.2,   2542
2026-07-23 19:03:12,1327115,0.6,0.1,7.2,   2544
2026-07-23 19:03:14,1327115,0.6,0.1,7.3,   2546
2026-07-23 19:03:16,1327115,0.6,0.1,7.2,   2548
2026-07-23 19:03:19,1327115,0.6,0.1,7.2,   2551
2026-07-23 19:03:21,1327115,0.6,0.1,7.2,   2553
2026-07-23 19:03:23,1327115,0.6,0.1,7.2,   2555
2026-07-23 19:03:25,1327115,0.6,0.1,7.3,   2557
2026-07-23 19:03:27,1327115,0.6,0.1,7.2,   2559
2026-07-23 19:03:29,1327115,0.6,0.1,7.2,   2561
2026-07-23 19:03:31,1327115,0.6,0.1,7.2,   2563
2026-07-23 19:03:33,1327115,0.6,0.1,7.2,   2565
2026-07-23 19:03:35,1327115,0.6,0.1,7.2,   2567
2026-07-23 19:03:37,1327115,0.6,0.1,7.2,   2569
2026-07-23 19:03:39,1327115,0.6,0.1,7.2,   2571
2026-07-23 19:03:41,1327115,0.6,0.1,7.2,   2573
2026-07-23 19:03:43,1327115,0.6,0.1,7.2,   2575
2026-07-23 19:03:46,1327115,0.6,0.1,7.2,   2578
2026-07-23 19:03:48,1327115,0.6,0.1,7.3,   2580
2026-07-23 19:03:50,1327115,0.6,0.1,7.2,   2582
2026-07-23 19:03:52,1327115,0.6,0.1,7.2,   2584
2026-07-23 19:03:54,1327115,0.6,0.1,7.2,   2586
2026-07-23 19:03:56,1327115,0.6,0.1,7.2,   2588
2026-07-23 19:03:58,1327115,0.6,0.1,7.2,   2590
2026-07-23 19:04:00,1327115,0.6,0.1,7.2,   2592
2026-07-23 19:04:02,1327115,0.6,0.1,7.2,   2594
2026-07-23 19:04:04,1327115,0.6,0.1,7.2,   2596
2026-07-23 19:04:06,1327115,0.6,0.1,7.2,   2598
2026-07-23 19:04:08,1327115,0.6,0.1,7.2,   2600
2026-07-23 19:04:10,1327115,0.6,0.1,7.3,   2602
2026-07-23 19:04:13,1327115,0.6,0.1,7.2,   2605
2026-07-23 19:04:15,1327115,0.6,0.1,7.2,   2607
2026-07-23 19:04:17,1327115,0.6,0.1,7.2,   2609
2026-07-23 19:04:19,1327115,0.6,0.1,7.2,   2611
2026-07-23 19:04:21,1327115,0.6,0.1,7.3,   2613
2026-07-23 19:04:23,1327115,0.6,0.1,7.2,   2615
2026-07-23 19:04:25,1327115,0.6,0.1,7.2,   2617
2026-07-23 19:04:27,1327115,0.6,0.1,7.2,   2619
2026-07-23 19:04:29,1327115,0.6,0.1,7.2,   2621
2026-07-23 19:04:31,1327115,0.6,0.1,7.2,   2623
2026-07-23 19:04:33,1327115,0.6,0.1,7.2,   2625
2026-07-23 19:04:35,1327115,0.6,0.1,7.2,   2627
2026-07-23 19:04:37,1327115,0.6,0.1,7.2,   2629
2026-07-23 19:04:39,1327115,0.6,0.1,7.2,   2631
2026-07-23 19:04:42,1327115,0.6,0.1,7.2,   2634
2026-07-23 19:04:44,1327115,0.6,0.1,7.3,   2636
2026-07-23 19:04:46,1327115,0.6,0.1,7.2,   2638
2026-07-23 19:04:48,1327115,0.6,0.1,7.2,   2640
2026-07-23 19:04:50,1327115,0.6,0.1,7.2,   2642
2026-07-23 19:04:52,1327115,0.6,0.1,7.2,   2644
2026-07-23 19:04:54,1327115,0.6,0.1,7.2,   2646
2026-07-23 19:04:56,1327115,0.6,0.1,7.2,   2648
2026-07-23 19:04:58,1327115,0.6,0.1,7.2,   2650
2026-07-23 19:05:00,1327115,0.6,0.1,7.2,   2652
2026-07-23 19:05:02,1327115,0.6,0.1,7.2,   2654
2026-07-23 19:05:04,1327115,0.6,0.1,7.2,   2656
2026-07-23 19:05:06,1327115,0.6,0.1,7.3,   2658
2026-07-23 19:05:08,1327115,0.6,0.1,7.2,   2660
2026-07-23 19:05:11,1327115,0.6,0.1,7.2,   2663
2026-07-23 19:05:13,1327115,0.6,0.1,7.2,   2665
2026-07-23 19:05:15,1327115,0.6,0.1,7.2,   2667
2026-07-23 19:05:17,1327115,0.6,0.1,7.3,   2669
2026-07-23 19:05:19,1327115,0.6,0.1,7.2,   2671
2026-07-23 19:05:21,1327115,0.6,0.1,7.2,   2673
2026-07-23 19:05:23,1327115,0.6,0.1,7.2,   2675
2026-07-23 19:05:25,1327115,0.6,0.1,7.2,   2677
2026-07-23 19:05:27,1327115,0.6,0.1,7.2,   2679
2026-07-23 19:05:29,1327115,0.6,0.1,7.2,   2681
2026-07-23 19:05:31,1327115,0.6,0.1,7.2,   2683
2026-07-23 19:05:33,1327115,0.6,0.1,7.2,   2685
2026-07-23 19:05:35,1327115,0.6,0.1,7.2,   2687
2026-07-23 19:05:37,1327115,0.6,0.1,7.2,   2689
2026-07-23 19:05:40,1327115,0.6,0.1,7.3,   2692
2026-07-23 19:05:42,1327115,0.6,0.1,7.2,   2694
2026-07-23 19:05:44,1327115,0.6,0.1,7.2,   2696
2026-07-23 19:05:46,1327115,0.6,0.1,7.2,   2698
2026-07-23 19:05:48,1327115,0.6,0.1,7.2,   2700
2026-07-23 19:05:50,1327115,0.6,0.1,7.3,   2702
2026-07-23 19:05:52,1327115,0.6,0.1,7.2,   2704
2026-07-23 19:05:54,1327115,0.6,0.1,7.2,   2706
2026-07-23 19:05:56,1327115,0.6,0.1,7.2,   2708
2026-07-23 19:05:58,1327115,0.6,0.1,7.2,   2710
2026-07-23 19:06:00,1327115,0.6,0.1,7.2,   2712
2026-07-23 19:06:02,1327115,0.6,0.1,7.3,   2714
2026-07-23 19:06:04,1327115,0.6,0.1,7.2,   2716
2026-07-23 19:06:07,1327115,0.6,0.1,7.2,   2718
2026-07-23 19:06:09,1327115,0.6,0.1,7.2,   2721
2026-07-23 19:06:11,1327115,0.6,0.1,7.2,   2723
2026-07-23 19:06:13,1327115,0.6,0.1,7.3,   2725
2026-07-23 19:06:15,1327115,0.6,0.1,7.2,   2727
2026-07-23 19:06:17,1327115,0.6,0.1,7.2,   2729
2026-07-23 19:06:19,1327115,0.6,0.1,7.2,   2731
2026-07-23 19:06:21,1327115,0.6,0.1,7.2,   2733
2026-07-23 19:06:23,1327115,0.6,0.1,7.2,   2735
2026-07-23 19:06:25,1327115,0.6,0.1,7.2,   2737
2026-07-23 19:06:27,1327115,0.6,0.1,7.2,   2739
2026-07-23 19:06:29,1327115,0.6,0.1,7.2,   2741
2026-07-23 19:06:31,1327115,0.6,0.1,7.2,   2743
2026-07-23 19:06:33,1327115,0.6,0.1,7.2,   2745
2026-07-23 19:06:36,1327115,0.6,0.1,7.3,   2748
2026-07-23 19:06:38,1327115,0.6,0.1,7.2,   2750
2026-07-23 19:06:40,1327115,0.6,0.1,7.2,   2752
2026-07-23 19:06:42,1327115,0.6,0.1,7.2,   2754
2026-07-23 19:06:44,1327115,0.6,0.1,7.2,   2756
2026-07-23 19:06:46,1327115,0.6,0.1,7.2,   2758
2026-07-23 19:06:48,1327115,0.6,0.1,7.2,   2760
2026-07-23 19:06:50,1327115,0.6,0.1,7.2,   2762
2026-07-23 19:06:52,1327115,0.6,0.1,7.2,   2764
2026-07-23 19:06:54,1327115,0.6,0.1,7.2,   2766
2026-07-23 19:06:56,1327115,0.6,0.1,7.2,   2768
2026-07-23 19:06:58,1327115,0.6,0.1,7.2,   2770
2026-07-23 19:07:00,1327115,0.6,0.1,7.2,   2772
2026-07-23 19:07:03,1327115,0.6,0.1,7.2,   2774
2026-07-23 19:07:05,1327115,0.6,0.1,7.2,   2777
2026-07-23 19:07:07,1327115,0.6,0.1,7.2,   2779
2026-07-23 19:07:09,1327115,0.6,0.1,7.3,   2781
2026-07-23 19:07:11,1327115,0.6,0.1,7.2,   2783
2026-07-23 19:07:13,1327115,0.6,0.1,7.2,   2785
2026-07-23 19:07:15,1327115,0.6,0.1,7.2,   2787
2026-07-23 19:07:17,1327115,0.6,0.1,7.2,   2789
2026-07-23 19:07:19,1327115,0.6,0.1,7.2,   2791
2026-07-23 19:07:21,1327115,0.6,0.1,7.2,   2793
2026-07-23 19:07:23,1327115,0.6,0.1,7.2,   2795
2026-07-23 19:07:25,1327115,0.6,0.1,7.2,   2797
2026-07-23 19:07:27,1327115,0.6,0.1,7.2,   2799
2026-07-23 19:07:30,1327115,0.6,0.1,7.2,   2801
2026-07-23 19:07:32,1327115,0.6,0.1,7.3,   2804
2026-07-23 19:07:34,1327115,0.6,0.1,7.2,   2806
2026-07-23 19:07:36,1327115,0.6,0.1,7.2,   2808
2026-07-23 19:07:38,1327115,0.6,0.1,7.2,   2810
2026-07-23 19:07:40,1327115,0.6,0.1,7.2,   2812
2026-07-23 19:07:42,1327115,0.6,0.1,7.3,   2814
2026-07-23 19:07:44,1327115,0.6,0.1,7.2,   2816
2026-07-23 19:07:46,1327115,0.6,0.1,7.2,   2818
2026-07-23 19:07:48,1327115,0.6,0.1,7.2,   2820
2026-07-23 19:07:50,1327115,0.6,0.1,7.2,   2822
2026-07-23 19:07:52,1327115,0.6,0.1,7.2,   2824
2026-07-23 19:07:54,1327115,0.6,0.1,7.2,   2826
2026-07-23 19:07:57,1327115,0.6,0.1,7.2,   2829
2026-07-23 19:07:59,1327115,0.6,0.1,7.2,   2831
2026-07-23 19:08:01,1327115,0.6,0.1,7.2,   2833
2026-07-23 19:08:03,1327115,0.6,0.1,7.2,   2835
2026-07-23 19:08:05,1327115,0.6,0.1,7.3,   2837
2026-07-23 19:08:07,1327115,0.6,0.1,7.2,   2839
2026-07-23 19:08:09,1327115,0.6,0.1,7.2,   2841
2026-07-23 19:08:11,1327115,0.6,0.1,7.2,   2843
2026-07-23 19:08:13,1327115,0.6,0.1,7.2,   2845
2026-07-23 19:08:15,1327115,0.6,0.1,7.2,   2847
2026-07-23 19:08:17,1327115,0.6,0.1,7.2,   2849
2026-07-23 19:08:19,1327115,0.6,0.1,7.2,   2851
2026-07-23 19:08:22,1327115,0.6,0.1,7.2,   2853
2026-07-23 19:08:24,1327115,0.6,0.1,7.2,   2856
2026-07-23 19:08:26,1327115,0.6,0.1,7.2,   2858
2026-07-23 19:08:28,1327115,0.6,0.1,7.2,   2860
2026-07-23 19:08:30,1327115,0.6,0.1,7.2,   2862
2026-07-23 19:08:32,1327115,0.6,0.1,7.2,   2864
2026-07-23 19:08:34,1327115,0.6,0.1,7.2,   2866
2026-07-23 19:08:36,1327115,0.6,0.1,7.2,   2868
2026-07-23 19:08:38,1327115,0.6,0.1,7.3,   2870
2026-07-23 19:08:40,1327115,0.6,0.1,7.2,   2872
2026-07-23 19:08:42,1327115,0.6,0.1,7.2,   2874
2026-07-23 19:08:44,1327115,0.6,0.1,7.2,   2876
2026-07-23 19:08:46,1327115,0.6,0.1,7.2,   2878
2026-07-23 19:08:48,1327115,0.6,0.1,7.2,   2880
2026-07-23 19:08:50,1327115,0.6,0.1,7.2,   2882
2026-07-23 19:08:53,1327115,0.6,0.1,7.2,   2884
2026-07-23 19:08:55,1327115,0.6,0.1,7.2,   2887
2026-07-23 19:08:57,1327115,0.6,0.1,7.2,   2889
2026-07-23 19:08:59,1327115,0.6,0.1,7.2,   2891
2026-07-23 19:09:01,1327115,0.6,0.1,7.3,   2893
2026-07-23 19:09:03,1327115,0.6,0.1,7.2,   2895
2026-07-23 19:09:05,1327115,0.6,0.1,7.2,   2897
2026-07-23 19:09:07,1327115,0.6,0.1,7.2,   2899
2026-07-23 19:09:09,1327115,0.6,0.1,7.2,   2901
2026-07-23 19:09:11,1327115,0.6,0.1,7.3,   2903
2026-07-23 19:09:13,1327115,0.6,0.1,7.2,   2905
2026-07-23 19:09:15,1327115,0.6,0.1,7.2,   2907
2026-07-23 19:09:17,1327115,0.6,0.1,7.2,   2909
2026-07-23 19:09:20,1327115,0.6,0.1,7.2,   2912
2026-07-23 19:09:22,1327115,0.6,0.1,7.2,   2914
2026-07-23 19:09:24,1327115,0.6,0.1,7.2,   2916
2026-07-23 19:09:26,1327115,0.6,0.1,7.2,   2918
2026-07-23 19:09:28,1327115,0.6,0.1,7.2,   2920
2026-07-23 19:09:30,1327115,0.6,0.1,7.2,   2922
2026-07-23 19:09:32,1327115,0.6,0.1,7.2,   2924
2026-07-23 19:09:34,1327115,0.6,0.1,7.3,   2926
2026-07-23 19:09:36,1327115,0.6,0.1,7.2,   2928
2026-07-23 19:09:38,1327115,0.6,0.1,7.2,   2930
2026-07-23 19:09:40,1327115,0.6,0.1,7.2,   2932
2026-07-23 19:09:43,1327115,0.6,0.1,7.2,   2934
2026-07-23 19:09:45,1327115,0.6,0.1,7.3,   2937
2026-07-23 19:09:47,1327115,0.6,0.1,7.2,   2939
2026-07-23 19:09:49,1327115,0.6,0.1,7.2,   2941
2026-07-23 19:09:51,1327115,0.6,0.1,7.2,   2943
2026-07-23 19:09:53,1327115,0.6,0.1,7.2,   2945
2026-07-23 19:09:55,1327115,0.6,0.1,7.2,   2947
2026-07-23 19:09:57,1327115,0.6,0.1,7.2,   2949
2026-07-23 19:09:59,1327115,0.6,0.1,7.2,   2951
2026-07-23 19:10:01,1327115,0.6,0.1,7.2,   2953
2026-07-23 19:10:03,1327115,0.6,0.1,7.2,   2955
2026-07-23 19:10:05,1327115,0.6,0.1,7.2,   2957
2026-07-23 19:10:07,1327115,0.6,0.1,7.3,   2959
2026-07-23 19:10:09,1327115,0.6,0.1,7.2,   2961
2026-07-23 19:10:12,1327115,0.6,0.1,7.2,   2963
2026-07-23 19:10:14,1327115,0.6,0.1,7.2,   2966
2026-07-23 19:10:16,1327115,0.6,0.1,7.2,   2968
2026-07-23 19:10:18,1327115,0.6,0.1,7.2,   2970
2026-07-23 19:10:20,1327115,0.6,0.1,7.2,   2972
2026-07-23 19:10:22,1327115,0.6,0.1,7.2,   2974
2026-07-23 19:10:24,1327115,0.6,0.1,7.2,   2976
2026-07-23 19:10:26,1327115,0.6,0.1,7.2,   2978
2026-07-23 19:10:28,1327115,0.6,0.1,7.2,   2980
2026-07-23 19:10:30,1327115,0.6,0.1,7.3,   2982
2026-07-23 19:10:32,1327115,0.6,0.1,7.2,   2984
2026-07-23 19:10:34,1327115,0.6,0.1,7.2,   2986
2026-07-23 19:10:36,1327115,0.6,0.1,7.2,   2988
2026-07-23 19:10:38,1327115,0.6,0.1,7.2,   2990
2026-07-23 19:10:40,1327115,0.6,0.1,7.3,   2992
2026-07-23 19:10:43,1327115,0.6,0.1,7.2,   2995
2026-07-23 19:10:45,1327115,0.6,0.1,7.2,   2997
2026-07-23 19:10:47,1327115,0.6,0.1,7.2,   2999
2026-07-23 19:10:49,1327115,0.6,0.1,7.2,   3001
2026-07-23 19:10:51,1327115,0.6,0.1,7.2,   3003
2026-07-23 19:10:53,1327115,0.6,0.1,7.2,   3005
2026-07-23 19:10:55,1327115,0.6,0.1,7.2,   3007
2026-07-23 19:10:57,1327115,0.6,0.1,7.2,   3009
2026-07-23 19:10:59,1327115,0.6,0.1,7.2,   3011
2026-07-23 19:11:01,1327115,0.6,0.1,7.2,   3013
2026-07-23 19:11:03,1327115,0.6,0.1,7.3,   3015
2026-07-23 19:11:05,1327115,0.6,0.1,7.2,   3017
2026-07-23 19:11:07,1327115,0.6,0.1,7.2,   3019
2026-07-23 19:11:09,1327115,0.6,0.1,7.2,   3021
2026-07-23 19:11:11,1327115,0.6,0.1,7.2,   3023
2026-07-23 19:11:14,1327115,0.6,0.1,7.3,   3026
2026-07-23 19:11:16,1327115,0.6,0.1,7.2,   3028
2026-07-23 19:11:18,1327115,0.6,0.1,7.2,   3030
2026-07-23 19:11:20,1327115,0.6,0.1,7.2,   3032
2026-07-23 19:11:22,1327115,0.6,0.1,7.2,   3034
2026-07-23 19:11:24,1327115,0.6,0.1,7.2,   3036
2026-07-23 19:11:26,1327115,0.6,0.1,7.2,   3038
2026-07-23 19:11:28,1327115,0.6,0.1,7.2,   3040
2026-07-23 19:11:30,1327115,0.6,0.1,7.2,   3042
2026-07-23 19:11:32,1327115,0.6,0.1,7.2,   3044
2026-07-23 19:11:34,1327115,0.6,0.1,7.2,   3046
2026-07-23 19:11:36,1327115,0.6,0.1,7.3,   3048
2026-07-23 19:11:39,1327115,0.6,0.1,7.2,   3051
2026-07-23 19:11:41,1327115,0.6,0.1,7.2,   3053
2026-07-23 19:11:43,1327115,0.6,0.1,7.2,   3055
2026-07-23 19:11:45,1327115,0.6,0.1,7.2,   3057
2026-07-23 19:11:47,1327115,0.6,0.1,7.3,   3059
2026-07-23 19:11:49,1327115,0.6,0.1,7.2,   3061
2026-07-23 19:11:51,1327115,0.6,0.1,7.2,   3063
2026-07-23 19:11:53,1327115,0.6,0.1,7.2,   3065
2026-07-23 19:11:55,1327115,0.6,0.1,7.2,   3067
2026-07-23 19:11:57,1327115,0.6,0.1,7.2,   3069
2026-07-23 19:11:59,1327115,0.6,0.1,7.3,   3071
2026-07-23 19:12:02,1327115,0.6,0.1,7.2,   3073
2026-07-23 19:12:04,1327115,0.6,0.1,7.2,   3076
2026-07-23 19:12:06,1327115,0.6,0.1,7.2,   3078
2026-07-23 19:12:08,1327115,0.6,0.1,7.2,   3080
2026-07-23 19:12:10,1327115,0.6,0.1,7.3,   3082
2026-07-23 19:12:12,1327115,0.6,0.1,7.2,   3084
2026-07-23 19:12:14,1327115,0.6,0.1,7.2,   3086
2026-07-23 19:12:16,1327115,0.6,0.1,7.2,   3088
2026-07-23 19:12:18,1327115,0.6,0.1,7.2,   3090
2026-07-23 19:12:20,1327115,0.6,0.1,7.2,   3092
2026-07-23 19:12:22,1327115,0.6,0.1,7.3,   3094
2026-07-23 19:12:24,1327115,0.6,0.1,7.2,   3096
2026-07-23 19:12:26,1327115,0.6,0.1,7.2,   3098
2026-07-23 19:12:29,1327115,0.6,0.1,7.2,   3101
2026-07-23 19:12:31,1327115,0.6,0.1,7.2,   3103
2026-07-23 19:12:33,1327115,0.6,0.1,7.3,   3105
2026-07-23 19:12:35,1327115,0.6,0.1,7.2,   3107
2026-07-23 19:12:37,1327115,0.6,0.1,7.2,   3109
2026-07-23 19:12:39,1327115,0.6,0.1,7.2,   3111
2026-07-23 19:12:41,1327115,0.6,0.1,7.2,   3113
2026-07-23 19:12:43,1327115,0.6,0.1,7.2,   3115
2026-07-23 19:12:45,1327115,0.6,0.1,7.2,   3117
2026-07-23 19:12:47,1327115,0.6,0.1,7.2,   3119
2026-07-23 19:12:49,1327115,0.6,0.1,7.2,   3121
2026-07-23 19:12:51,1327115,0.6,0.1,7.2,   3123
2026-07-23 19:12:53,1327115,0.6,0.1,7.2,   3125
2026-07-23 19:12:56,1327115,0.6,0.1,7.3,   3128
2026-07-23 19:12:58,1327115,0.6,0.1,7.2,   3130
2026-07-23 19:13:00,1327115,0.6,0.1,7.2,   3132
2026-07-23 19:13:02,1327115,0.6,0.1,7.2,   3134
2026-07-23 19:13:04,1327115,0.6,0.1,7.2,   3136
2026-07-23 19:13:06,1327115,0.6,0.1,7.2,   3138
2026-07-23 19:13:08,1327115,0.6,0.1,7.3,   3140
2026-07-23 19:13:10,1327115,0.6,0.1,7.2,   3142
2026-07-23 19:13:12,1327115,0.6,0.1,7.2,   3144
2026-07-23 19:13:14,1327115,0.6,0.1,7.2,   3146
2026-07-23 19:13:16,1327115,0.6,0.1,7.2,   3148
2026-07-23 19:13:19,1327115,0.6,0.1,7.3,   3151
2026-07-23 19:13:21,1327115,0.6,0.1,7.2,   3153
2026-07-23 19:13:23,1327115,0.6,0.1,7.2,   3155
2026-07-23 19:13:25,1327115,0.6,0.1,7.2,   3157
2026-07-23 19:13:27,1327115,0.6,0.1,7.2,   3159
2026-07-23 19:13:29,1327115,0.6,0.1,7.2,   3161
2026-07-23 19:13:31,1327115,0.6,0.1,7.2,   3163
2026-07-23 19:13:33,1327115,0.6,0.1,7.2,   3165
2026-07-23 19:13:35,1327115,0.6,0.1,7.2,   3167
2026-07-23 19:13:37,1327115,0.6,0.1,7.2,   3169
2026-07-23 19:13:39,1327115,0.6,0.1,7.2,   3171
2026-07-23 19:13:41,1327115,0.6,0.1,7.3,   3173
2026-07-23 19:13:43,1327115,0.6,0.1,7.2,   3175
2026-07-23 19:13:46,1327115,0.6,0.1,7.2,   3177
2026-07-23 19:13:48,1327115,0.6,0.1,7.2,   3180
2026-07-23 19:13:50,1327115,0.6,0.1,7.2,   3182
2026-07-23 19:13:52,1327115,0.6,0.1,7.2,   3184
2026-07-23 19:13:54,1327115,0.6,0.1,7.2,   3186
2026-07-23 19:13:56,1327115,0.6,0.1,7.2,   3188
2026-07-23 19:13:58,1327115,0.6,0.1,7.2,   3190
2026-07-23 19:14:00,1327115,0.6,0.1,7.2,   3192
2026-07-23 19:14:02,1327115,0.6,0.1,7.2,   3194
2026-07-23 19:14:04,1327115,0.6,0.1,7.3,   3196
2026-07-23 19:14:06,1327115,0.6,0.1,7.2,   3198
2026-07-23 19:14:08,1327115,0.6,0.1,7.2,   3200
2026-07-23 19:14:10,1327115,0.6,0.1,7.2,   3202
2026-07-23 19:14:13,1327115,0.6,0.1,7.2,   3204
2026-07-23 19:14:15,1327115,0.6,0.1,7.3,   3207
2026-07-23 19:14:17,1327115,0.6,0.1,7.2,   3209
2026-07-23 19:14:19,1327115,0.6,0.1,7.2,   3211
2026-07-23 19:14:21,1327115,0.6,0.1,7.2,   3213
2026-07-23 19:14:23,1327115,0.6,0.1,7.2,   3215
2026-07-23 19:14:25,1327115,0.6,0.1,7.2,   3217
2026-07-23 19:14:27,1327115,0.6,0.1,7.2,   3219
2026-07-23 19:14:29,1327115,0.6,0.1,7.2,   3221
2026-07-23 19:14:31,1327115,0.6,0.1,7.2,   3223
2026-07-23 19:14:33,1327115,0.6,0.1,7.2,   3225
2026-07-23 19:14:35,1327115,0.6,0.1,7.2,   3227
2026-07-23 19:14:37,1327115,0.6,0.1,7.3,   3230
2026-07-23 19:14:40,1327115,0.6,0.1,7.2,   3232
2026-07-23 19:14:42,1327115,0.6,0.1,7.2,   3234
2026-07-23 19:14:44,1327115,0.6,0.1,7.2,   3236
2026-07-23 19:14:46,1327115,0.6,0.1,7.2,   3238
2026-07-23 19:14:48,1327115,0.6,0.1,7.3,   3240
2026-07-23 19:14:50,1327115,0.6,0.1,7.2,   3242
2026-07-23 19:14:52,1327115,0.6,0.1,7.2,   3244
2026-07-23 19:14:54,1327115,0.6,0.1,7.2,   3246
2026-07-23 19:14:56,1327115,0.6,0.1,7.2,   3248
2026-07-23 19:14:58,1327115,0.6,0.1,7.2,   3250
2026-07-23 19:15:00,1327115,0.6,0.1,7.3,   3252
2026-07-23 19:15:02,1327115,0.6,0.1,7.2,   3254
2026-07-23 19:15:05,1327115,0.6,0.1,7.2,   3257
2026-07-23 19:15:07,1327115,0.6,0.1,7.2,   3259
2026-07-23 19:15:09,1327115,0.6,0.1,7.2,   3261
2026-07-23 19:15:11,1327115,0.6,0.1,7.3,   3263
2026-07-23 19:15:13,1327115,0.6,0.1,7.2,   3265
2026-07-23 19:15:15,1327115,0.6,0.1,7.2,   3267
2026-07-23 19:15:17,1327115,0.6,0.1,7.2,   3269
2026-07-23 19:15:19,1327115,0.6,0.1,7.2,   3271
2026-07-23 19:15:21,1327115,0.6,0.1,7.2,   3273
2026-07-23 19:15:23,1327115,0.6,0.1,7.2,   3275
2026-07-23 19:15:25,1327115,0.6,0.1,7.2,   3277
2026-07-23 19:15:27,1327115,0.6,0.1,7.2,   3279
2026-07-23 19:15:29,1327115,0.6,0.1,7.2,   3281
2026-07-23 19:15:31,1327115,0.6,0.1,7.2,   3283
2026-07-23 19:15:34,1327115,0.6,0.1,7.3,   3286
2026-07-23 19:15:36,1327115,0.6,0.1,7.2,   3288
2026-07-23 19:15:38,1327115,0.6,0.1,7.2,   3290
2026-07-23 19:15:40,1327115,0.6,0.1,7.2,   3292
2026-07-23 19:15:42,1327115,0.6,0.1,7.2,   3294
2026-07-23 19:15:44,1327115,0.6,0.1,7.2,   3296
2026-07-23 19:15:46,1327115,0.6,0.1,7.2,   3298
2026-07-23 19:15:48,1327115,0.6,0.1,7.2,   3300
2026-07-23 19:15:50,1327115,0.6,0.1,7.2,   3302
2026-07-23 19:15:52,1327115,0.6,0.1,7.2,   3304
2026-07-23 19:15:54,1327115,0.6,0.1,7.2,   3306
2026-07-23 19:15:56,1327115,0.6,0.1,7.3,   3308
2026-07-23 19:15:58,1327115,0.6,0.1,7.2,   3310
2026-07-23 19:16:01,1327115,0.6,0.1,7.2,   3312
2026-07-23 19:16:03,1327115,0.6,0.1,7.2,   3315
2026-07-23 19:16:05,1327115,0.6,0.1,7.2,   3317
2026-07-23 19:16:07,1327115,0.6,0.1,7.2,   3319
2026-07-23 19:16:09,1327115,0.6,0.1,7.2,   3321
2026-07-23 19:16:11,1327115,0.6,0.1,7.2,   3323
2026-07-23 19:16:13,1327115,0.6,0.1,7.2,   3325
2026-07-23 19:16:15,1327115,0.6,0.1,7.2,   3327
2026-07-23 19:16:17,1327115,0.6,0.1,7.2,   3329
2026-07-23 19:16:19,1327115,0.6,0.1,7.3,   3331
2026-07-23 19:16:21,1327115,0.6,0.1,7.2,   3333
2026-07-23 19:16:23,1327115,0.6,0.1,7.2,   3335
2026-07-23 19:16:26,1327115,0.6,0.1,7.2,   3337
2026-07-23 19:16:28,1327115,0.6,0.1,7.2,   3340
2026-07-23 19:16:30,1327115,0.6,0.1,7.2,   3342
2026-07-23 19:16:32,1327115,0.6,0.1,7.2,   3344
2026-07-23 19:16:34,1327115,0.6,0.1,7.2,   3346
2026-07-23 19:16:36,1327115,0.6,0.1,7.2,   3348
2026-07-23 19:16:38,1327115,0.6,0.1,7.2,   3350
2026-07-23 19:16:40,1327115,0.6,0.1,7.2,   3352
2026-07-23 19:16:42,1327115,0.6,0.1,7.2,   3354
2026-07-23 19:16:44,1327115,0.6,0.1,7.2,   3356
2026-07-23 19:16:46,1327115,0.6,0.1,7.2,   3358
2026-07-23 19:16:48,1327115,0.6,0.1,7.2,   3360
2026-07-23 19:16:50,1327115,0.6,0.1,7.2,   3362
2026-07-23 19:16:52,1327115,0.6,0.1,7.3,   3365
2026-07-23 19:16:55,1327115,0.6,0.1,7.2,   3367
2026-07-23 19:16:57,1327115,0.6,0.1,7.2,   3369
2026-07-23 19:16:59,1327115,0.6,0.1,7.2,   3371
2026-07-23 19:17:01,1327115,0.6,0.1,7.2,   3373
2026-07-23 19:17:03,1327115,0.6,0.1,7.2,   3375
2026-07-23 19:17:05,1327115,0.6,0.1,7.2,   3377
2026-07-23 19:17:07,1327115,0.6,0.1,7.2,   3379
2026-07-23 19:17:09,1327115,0.6,0.1,7.2,   3381
2026-07-23 19:17:11,1327115,0.6,0.1,7.2,   3383
2026-07-23 19:17:13,1327115,0.6,0.1,7.2,   3385
2026-07-23 19:17:15,1327115,0.6,0.1,7.3,   3388
2026-07-23 19:17:18,1327115,0.6,0.1,7.2,   3390
2026-07-23 19:17:20,1327115,0.6,0.1,7.2,   3392
2026-07-23 19:17:22,1327115,0.6,0.1,7.2,   3394
2026-07-23 19:17:24,1327115,0.6,0.1,7.2,   3396
2026-07-23 19:17:26,1327115,0.6,0.1,7.2,   3398
2026-07-23 19:17:28,1327115,0.6,0.1,7.2,   3400
2026-07-23 19:17:30,1327115,0.6,0.1,7.2,   3402
2026-07-23 19:17:32,1327115,0.6,0.1,7.2,   3404
2026-07-23 19:17:34,1327115,0.6,0.1,7.2,   3406
2026-07-23 19:17:36,1327115,0.6,0.1,7.2,   3408
2026-07-23 19:17:38,1327115,0.6,0.1,7.3,   3410
2026-07-23 19:17:41,1327115,0.6,0.1,7.2,   3412
2026-07-23 19:17:43,1327115,0.6,0.1,7.2,   3415
2026-07-23 19:17:45,1327115,0.6,0.1,7.2,   3417
2026-07-23 19:17:47,1327115,0.6,0.1,7.2,   3419
2026-07-23 19:17:49,1327115,0.6,0.1,7.3,   3421
2026-07-23 19:17:51,1327115,0.6,0.1,7.2,   3423
2026-07-23 19:17:53,1327115,0.6,0.1,7.2,   3425
2026-07-23 19:17:55,1327115,0.6,0.1,7.2,   3427
2026-07-23 19:17:57,1327115,0.6,0.1,7.2,   3429
2026-07-23 19:17:59,1327115,0.6,0.1,7.2,   3431
2026-07-23 19:18:01,1327115,0.6,0.1,7.2,   3433
2026-07-23 19:18:03,1327115,0.6,0.1,7.2,   3435
2026-07-23 19:18:05,1327115,0.6,0.1,7.2,   3437
2026-07-23 19:18:08,1327115,0.6,0.1,7.2,   3439
2026-07-23 19:18:10,1327115,0.6,0.1,7.2,   3442
2026-07-23 19:18:12,1327115,0.6,0.1,7.3,   3444
2026-07-23 19:18:14,1327115,0.6,0.1,7.2,   3446
2026-07-23 19:18:16,1327115,0.6,0.1,7.2,   3448
2026-07-23 19:18:18,1327115,0.6,0.1,7.2,   3450
2026-07-23 19:18:20,1327115,0.6,0.1,7.2,   3452
2026-07-23 19:18:22,1327115,0.6,0.1,7.2,   3454
2026-07-23 19:18:24,1327115,0.6,0.1,7.2,   3456
2026-07-23 19:18:26,1327115,0.6,0.1,7.2,   3458
2026-07-23 19:18:28,1327115,0.6,0.1,7.2,   3460
2026-07-23 19:18:30,1327115,0.6,0.1,7.2,   3462
2026-07-23 19:18:33,1327115,0.6,0.1,7.2,   3464
2026-07-23 19:18:35,1327115,0.6,0.1,7.3,   3467
2026-07-23 19:18:37,1327115,0.6,0.1,7.2,   3469
2026-07-23 19:18:39,1327115,0.6,0.1,7.2,   3471
2026-07-23 19:18:41,1327115,0.6,0.1,7.2,   3473
2026-07-23 19:18:43,1327115,0.6,0.1,7.2,   3475
2026-07-23 19:18:45,1327115,0.6,0.1,7.3,   3477
2026-07-23 19:18:47,1327115,0.6,0.1,7.2,   3479
2026-07-23 19:18:49,1327115,0.6,0.1,7.2,   3481
2026-07-23 19:18:51,1327115,0.6,0.1,7.2,   3483
2026-07-23 19:18:53,1327115,0.6,0.1,7.2,   3485
2026-07-23 19:18:55,1327115,0.6,0.1,7.2,   3487
2026-07-23 19:18:58,1327115,0.6,0.1,7.3,   3490
2026-07-23 19:19:00,1327115,0.6,0.1,7.2,   3492
2026-07-23 19:19:02,1327115,0.6,0.1,7.2,   3494
2026-07-23 19:19:04,1327115,0.6,0.1,7.2,   3496
2026-07-23 19:19:06,1327115,0.6,0.1,7.2,   3498
2026-07-23 19:19:08,1327115,0.6,0.1,7.3,   3500
2026-07-23 19:19:10,1327115,0.6,0.1,7.2,   3502
2026-07-23 19:19:12,1327115,0.6,0.1,7.2,   3504
2026-07-23 19:19:14,1327115,0.6,0.1,7.2,   3506
2026-07-23 19:19:16,1327115,0.6,0.1,7.2,   3508
2026-07-23 19:19:18,1327115,0.6,0.1,7.2,   3510
2026-07-23 19:19:21,1327115,0.6,0.1,7.3,   3513
2026-07-23 19:19:23,1327115,0.6,0.1,7.2,   3515
2026-07-23 19:19:25,1327115,0.6,0.1,7.2,   3517
2026-07-23 19:19:27,1327115,0.6,0.1,7.2,   3519
2026-07-23 19:19:29,1327115,0.6,0.1,7.2,   3521
2026-07-23 19:19:31,1327115,0.6,0.1,7.3,   3523
2026-07-23 19:19:33,1327115,0.6,0.1,7.2,   3525
2026-07-23 19:19:35,1327115,0.6,0.1,7.2,   3527
2026-07-23 19:19:37,1327115,0.6,0.1,7.2,   3529
2026-07-23 19:19:39,1327115,0.6,0.1,7.2,   3531
2026-07-23 19:19:41,1327115,0.6,0.1,7.2,   3533
2026-07-23 19:19:43,1327115,0.6,0.1,7.3,   3535
2026-07-23 19:19:46,1327115,0.6,0.1,7.2,   3538
2026-07-23 19:19:48,1327115,0.6,0.1,7.2,   3540
2026-07-23 19:19:50,1327115,0.6,0.1,7.2,   3542
2026-07-23 19:19:52,1327115,0.6,0.1,7.2,   3544
2026-07-23 19:19:54,1327115,0.6,0.1,7.3,   3546
2026-07-23 19:19:56,1327115,0.6,0.1,7.2,   3548
2026-07-23 19:19:58,1327115,0.6,0.1,7.2,   3550
2026-07-23 19:20:00,1327115,0.6,0.1,7.2,   3552
2026-07-23 19:20:02,1327115,0.6,0.1,7.2,   3554
2026-07-23 19:20:04,1327115,0.6,0.1,7.2,   3556
2026-07-23 19:20:06,1327115,0.6,0.1,7.3,   3558
2026-07-23 19:20:09,1327115,0.6,0.1,7.2,   3561
2026-07-23 19:20:11,1327115,0.6,0.1,7.2,   3563
2026-07-24 14:28:43,2602,1.2,0.2,7.5,     14
2026-07-24 14:28:45,2602,1.0,0.2,7.5,     16
2026-07-24 14:28:47,2602,1.0,0.2,7.5,     18
2026-07-24 14:29:22,3888,6.0,0.1,6.1,      1
2026-07-24 14:29:24,3888,2.3,0.1,7.0,      3
2026-07-24 14:29:26,3888,1.4,0.1,7.0,      5
2026-07-24 14:29:28,3888,1.0,0.1,7.0,      7
2026-07-24 14:29:30,3888,0.7,0.1,7.0,      9
2026-07-24 14:29:32,3888,0.5,0.1,7.2,     12
2026-07-24 14:29:34,3888,0.5,0.1,7.2,     14
2026-07-24 14:29:36,3888,0.4,0.1,7.2,     16
2026-07-24 14:29:38,3888,0.3,0.1,7.2,     18
2026-07-24 14:29:40,3888,0.3,0.1,7.2,     20
2026-07-24 14:29:42,3888,0.5,0.2,7.3,     22
2026-07-24 14:29:45,3888,0.6,0.2,7.4,     24
2026-07-24 14:29:47,3888,0.6,0.2,7.4,     26
2026-07-24 14:29:49,3888,0.5,0.2,7.4,     28
2026-07-24 14:29:51,3888,0.5,0.2,7.4,     30
2026-07-24 14:29:53,3888,0.5,0.2,7.4,     32
2026-07-24 14:29:55,3888,0.4,0.2,7.4,     34
2026-07-24 14:29:57,3888,0.4,0.2,7.4,     36
2026-07-24 14:29:59,3888,0.4,0.2,7.4,     39
2026-07-24 14:30:01,3888,0.3,0.2,7.4,     41
2026-07-24 14:30:03,3888,0.3,0.2,7.4,     43
2026-07-24 14:30:05,3888,0.5,0.2,7.4,     45
2026-07-24 14:30:07,3888,0.5,0.2,7.4,     47
2026-07-24 14:30:09,3888,0.4,0.2,7.4,     49
2026-07-24 14:30:11,3888,0.4,0.2,7.4,     51
2026-07-24 14:30:14,3888,0.4,0.2,7.4,     53
2026-07-24 14:30:16,3888,0.4,0.2,7.4,     55
2026-07-24 14:30:18,3888,0.4,0.2,7.4,     57
2026-07-24 14:30:20,3888,0.4,0.2,7.4,     59
2026-07-24 14:30:22,3888,0.3,0.2,7.4,     61
2026-07-24 14:30:24,3888,0.3,0.2,7.4,     63
2026-07-24 14:30:26,3888,0.4,0.2,7.4,     65
2026-07-24 14:30:28,3888,0.4,0.2,7.4,     67
2026-07-24 14:30:30,3888,0.4,0.2,7.4,     70
2026-07-24 14:30:32,3888,0.4,0.2,7.4,     72
2026-07-24 14:30:34,3888,0.4,0.2,7.4,     74
2026-07-24 14:30:36,3888,0.4,0.2,7.4,     76
2026-07-24 14:30:38,3888,0.4,0.2,7.4,     78
2026-07-24 14:30:40,3888,0.4,0.2,7.4,     80
2026-07-24 14:30:42,3888,0.3,0.2,7.4,     82
2026-07-24 14:30:44,3888,0.3,0.2,7.4,     84
2026-07-24 14:30:47,3888,0.4,0.2,7.4,     86
2026-07-24 14:30:49,3888,0.4,0.2,7.4,     88
2026-07-24 14:30:51,3888,0.4,0.2,7.4,     90
2026-07-24 14:30:53,3888,0.4,0.2,7.4,     92
2026-07-24 14:30:55,3888,0.4,0.2,7.4,     94
2026-07-24 14:30:57,3888,0.4,0.2,7.4,     96
2026-07-24 14:30:59,3888,0.3,0.2,7.4,     98
2026-07-24 14:31:01,3888,0.3,0.2,7.4,    101
2026-07-24 14:31:03,3888,0.3,0.2,7.4,    103
2026-07-24 14:31:05,3888,0.3,0.2,7.4,    105
2026-07-24 14:31:32,8003,1.7,0.1,7.0,      4
2026-07-24 14:31:34,8003,1.1,0.1,7.0,      6
2026-07-24 14:31:36,8003,0.8,0.1,7.0,      8
2026-07-24 14:31:38,8003,0.6,0.1,7.0,     11
2026-07-24 14:31:40,8003,0.5,0.1,7.0,     13
2026-07-24 14:31:42,8003,0.4,0.1,7.0,     15
2026-07-24 14:31:44,8003,0.4,0.1,7.0,     17
2026-07-24 14:31:46,8003,0.3,0.1,7.0,     19
2026-07-24 14:31:48,8003,0.3,0.1,7.0,     21
2026-07-24 14:31:50,8003,0.3,0.1,7.0,     23
2026-07-24 14:31:52,8003,0.2,0.1,7.0,     25
2026-07-24 14:31:55,8003,0.2,0.1,7.0,     27
2026-07-24 14:31:57,8003,0.2,0.1,7.0,     29
2026-07-24 14:31:59,8003,0.2,0.1,7.0,     31
2026-07-24 14:32:01,8003,0.3,0.1,7.2,     33
2026-07-24 14:32:03,8003,0.3,0.1,7.2,     35
2026-07-24 14:32:05,8003,0.3,0.1,7.2,     37
2026-07-24 14:32:07,8003,0.3,0.1,7.2,     39
2026-07-24 14:32:09,8003,0.3,0.1,7.2,     42
2026-07-24 14:32:11,8003,0.2,0.1,7.2,     44
2026-07-24 14:32:13,8003,0.2,0.1,7.2,     46
2026-07-24 14:32:15,8003,0.2,0.1,7.2,     48
2026-07-24 14:32:17,8003,0.2,0.1,7.2,     50
2026-07-24 14:32:19,8003,0.2,0.1,7.2,     52
2026-07-24 14:32:21,8003,0.2,0.1,7.2,     54
2026-07-24 14:32:23,8003,0.2,0.1,7.2,     56
2026-07-24 14:32:25,8003,0.2,0.1,7.2,     58
2026-07-24 14:32:28,8003,0.2,0.1,7.2,     60
2026-07-24 14:32:30,8003,0.2,0.1,7.2,     62
2026-07-24 14:32:32,8003,0.2,0.1,7.2,     64
2026-07-24 14:32:34,8003,0.2,0.1,7.2,     66
2026-07-24 14:32:36,8003,0.2,0.1,7.2,     68
2026-07-24 14:32:38,8003,0.2,0.1,7.2,     70
2026-07-24 14:32:40,8003,0.2,0.1,7.2,     72
2026-07-24 14:32:42,8003,0.2,0.1,7.2,     75
2026-07-24 14:32:44,8003,0.2,0.1,7.2,     77
2026-07-24 14:32:46,8003,0.2,0.1,7.2,     79
2026-07-24 14:32:48,8003,0.2,0.1,7.2,     81
2026-07-24 14:32:50,8003,0.2,0.1,7.2,     83
2026-07-24 14:32:52,8003,0.2,0.1,7.2,     85
2026-07-24 14:32:54,8003,0.2,0.1,7.2,     87
2026-07-24 14:32:56,8003,0.2,0.1,7.2,     89
2026-07-24 14:32:59,8003,0.2,0.1,7.2,     91
2026-07-24 14:33:01,8003,0.2,0.1,7.2,     93
2026-07-24 14:33:03,8003,0.2,0.1,7.2,     95
2026-07-24 14:33:05,8003,0.2,0.1,7.2,     97
2026-07-24 14:33:07,8003,0.2,0.1,7.2,     99
2026-07-24 14:33:09,8003,0.2,0.1,7.2,    101
2026-07-24 14:33:11,8003,0.2,0.1,7.2,    103
2026-07-24 14:33:13,8003,0.2,0.1,7.2,    105
2026-07-24 14:33:15,8003,0.2,0.1,7.2,    108
2026-07-24 14:33:17,8003,0.2,0.1,7.2,    110
2026-07-24 14:33:19,8003,0.2,0.1,7.2,    112
2026-07-24 14:33:21,8003,0.2,0.1,7.2,    114
2026-07-24 14:33:23,8003,0.2,0.1,7.2,    116
2026-07-24 14:33:25,8003,0.2,0.1,7.2,    118
2026-07-24 14:33:27,8003,0.2,0.1,7.2,    120
2026-07-24 14:33:29,8003,0.2,0.1,7.2,    122
2026-07-24 14:33:32,8003,0.2,0.1,7.2,    124
2026-07-24 14:33:34,8003,0.2,0.1,7.2,    126
2026-07-24 14:33:36,8003,0.2,0.1,7.2,    128
2026-07-24 14:33:38,8003,0.2,0.1,7.2,    130
2026-07-24 14:33:40,8003,0.2,0.1,7.2,    132
2026-07-24 14:33:42,8003,0.2,0.1,7.2,    134
2026-07-24 14:33:44,8003,0.2,0.1,7.2,    136
2026-07-24 14:33:46,8003,0.2,0.1,7.2,    138
2026-07-24 14:33:48,8003,0.2,0.1,7.2,    141
2026-07-24 14:33:50,8003,0.2,0.1,7.2,    143
2026-07-24 14:33:52,8003,0.2,0.1,7.2,    145
2026-07-24 14:33:54,8003,0.2,0.1,7.2,    147
2026-07-24 14:33:56,8003,0.2,0.1,7.2,    149
2026-07-24 14:33:58,8003,0.2,0.1,7.2,    151
2026-07-24 14:34:00,8003,0.2,0.1,7.2,    153
2026-07-24 14:34:02,8003,0.2,0.1,7.2,    155
2026-07-24 14:34:05,8003,0.2,0.1,7.2,    157
2026-07-24 14:34:07,8003,0.2,0.1,7.2,    159
2026-07-24 14:34:09,8003,0.2,0.1,7.2,    161
2026-07-24 14:34:11,8003,0.2,0.1,7.2,    163
2026-07-24 14:34:13,8003,0.2,0.1,7.2,    165
2026-07-24 14:34:15,8003,0.2,0.1,7.2,    167
2026-07-24 14:34:17,8003,0.2,0.1,7.2,    169
2026-07-24 14:34:19,8003,0.2,0.1,7.2,    171
2026-07-24 14:34:21,8003,0.2,0.1,7.2,    174
2026-07-24 14:34:23,8003,0.2,0.1,7.2,    176
2026-07-24 14:34:25,8003,0.2,0.1,7.2,    178
2026-07-24 14:34:27,8003,0.2,0.1,7.2,    180
2026-07-24 14:34:29,8003,0.2,0.1,7.2,    182
2026-07-24 14:34:31,8003,0.2,0.1,7.2,    184
2026-07-24 14:34:33,8003,0.2,0.1,7.2,    186
2026-07-24 14:34:35,8003,0.2,0.1,7.2,    188
2026-07-24 14:34:38,8003,0.2,0.1,7.2,    190
2026-07-24 14:34:40,8003,0.2,0.1,7.2,    192
2026-07-24 14:34:42,8003,0.2,0.1,7.2,    194
2026-07-24 14:34:44,8003,0.2,0.1,7.2,    196
2026-07-24 14:34:46,8003,0.2,0.1,7.2,    198
2026-07-24 14:34:48,8003,0.2,0.1,7.2,    200
2026-07-24 14:34:50,8003,0.2,0.1,7.2,    202
2026-07-24 14:34:52,8003,0.2,0.1,7.2,    204
2026-07-24 14:34:54,8003,0.2,0.1,7.2,    207
2026-07-24 14:34:56,8003,0.2,0.1,7.2,    209
2026-07-24 14:34:58,8003,0.2,0.1,7.2,    211
2026-07-24 14:35:00,8003,0.2,0.1,7.2,    213
2026-07-24 14:35:02,8003,0.2,0.1,7.2,    215
2026-07-24 14:35:04,8003,0.2,0.1,7.2,    217
2026-07-24 14:35:06,8003,0.2,0.1,7.2,    219
2026-07-24 14:35:08,8003,0.2,0.1,7.2,    221
2026-07-24 14:35:11,8003,0.2,0.1,7.2,    223
2026-07-24 14:35:13,8003,0.2,0.1,7.2,    225
2026-07-24 14:35:15,8003,0.2,0.1,7.2,    227
2026-07-24 14:35:17,8003,0.2,0.1,7.2,    229
2026-07-24 14:35:19,8003,0.2,0.1,7.2,    231
2026-07-24 14:35:21,8003,0.2,0.1,7.2,    233
2026-07-24 14:35:23,8003,0.2,0.1,7.2,    235
2026-07-24 14:35:25,8003,0.2,0.1,7.2,    237
2026-07-24 14:35:27,8003,0.2,0.1,7.2,    240
2026-07-24 14:35:29,8003,0.2,0.1,7.2,    242
2026-07-24 14:35:31,8003,0.2,0.1,7.2,    244
2026-07-24 14:35:33,8003,0.2,0.1,7.2,    246
2026-07-24 14:35:35,8003,0.2,0.1,7.2,    248
2026-07-24 14:35:37,8003,0.2,0.1,7.2,    250
2026-07-24 14:35:39,8003,0.2,0.1,7.2,    252
2026-07-24 14:35:41,8003,0.2,0.1,7.2,    254
2026-07-24 14:35:44,8003,0.2,0.1,7.2,    256
2026-07-24 14:35:46,8003,0.2,0.1,7.2,    258
2026-07-24 14:35:48,8003,0.2,0.1,7.2,    260
2026-07-24 14:35:50,8003,0.2,0.1,7.2,    262
2026-07-24 14:35:52,8003,0.2,0.1,7.2,    264
2026-07-24 14:35:54,8003,0.2,0.1,7.2,    266
2026-07-24 14:35:56,8003,0.2,0.1,7.2,    268
2026-07-24 14:35:58,8003,0.2,0.1,7.2,    270
2026-07-24 14:36:00,8003,0.2,0.1,7.2,    273
2026-07-24 14:36:02,8003,0.2,0.1,7.2,    275
2026-07-24 14:36:04,8003,0.2,0.1,7.2,    277
2026-07-24 14:36:06,8003,0.2,0.1,7.2,    279
2026-07-24 14:36:08,8003,0.2,0.1,7.2,    281
2026-07-24 14:36:10,8003,0.2,0.1,7.2,    283
2026-07-24 14:36:12,8003,0.2,0.1,7.2,    285
2026-07-24 14:36:14,8003,0.2,0.1,7.2,    287
2026-07-24 14:36:17,8003,0.2,0.1,7.2,    289
2026-07-24 14:36:19,8003,0.2,0.1,7.2,    291
2026-07-24 14:36:21,8003,0.2,0.1,7.2,    293
2026-07-24 14:36:23,8003,0.2,0.1,7.2,    295
2026-07-24 14:36:25,8003,0.2,0.1,7.2,    297
2026-07-24 14:36:27,8003,0.2,0.1,7.2,    299
2026-07-24 14:36:29,8003,0.2,0.1,7.2,    301
2026-07-24 14:36:31,8003,0.2,0.1,7.2,    303
2026-07-24 14:36:33,8003,0.2,0.1,7.2,    306
2026-07-24 14:36:35,8003,0.2,0.1,7.2,    308
2026-07-24 14:36:37,8003,0.2,0.1,7.2,    310
2026-07-24 14:36:39,8003,0.2,0.1,7.2,    312
2026-07-24 14:36:41,8003,0.2,0.1,7.2,    314
2026-07-24 14:36:43,8003,0.2,0.1,7.2,    316
2026-07-24 14:36:45,8003,0.2,0.1,7.2,    318
2026-07-24 14:36:47,8003,0.2,0.1,7.2,    320
2026-07-24 14:36:50,8003,0.2,0.1,7.2,    322
2026-07-24 14:36:52,8003,0.2,0.1,7.2,    324
2026-07-24 14:36:54,8003,0.2,0.1,7.2,    326
2026-07-24 14:36:56,8003,0.2,0.1,7.2,    328
2026-07-24 14:36:58,8003,0.2,0.1,7.2,    330
2026-07-24 14:37:00,8003,0.2,0.1,7.2,    332
2026-07-24 14:37:02,8003,0.2,0.1,7.2,    334
2026-07-24 14:37:04,8003,0.2,0.1,7.2,    336
2026-07-24 14:37:06,8003,0.2,0.1,7.2,    339
2026-07-24 14:37:08,8003,0.2,0.1,7.2,    341
2026-07-24 14:37:10,8003,0.2,0.1,7.2,    343
2026-07-24 14:37:12,8003,0.2,0.1,7.2,    345
2026-07-24 14:37:14,8003,0.2,0.1,7.2,    347
2026-07-24 14:37:16,8003,0.2,0.1,7.2,    349
2026-07-24 14:37:18,8003,0.2,0.1,7.2,    351
2026-07-24 14:37:21,8003,0.2,0.1,7.2,    353
2026-07-24 14:37:23,8003,0.2,0.1,7.2,    355
2026-07-24 14:37:25,8003,0.2,0.1,7.2,    357
2026-07-24 14:37:27,8003,0.2,0.1,7.2,    359
2026-07-24 14:37:29,8003,0.2,0.1,7.2,    361
2026-07-24 14:37:31,8003,0.2,0.1,7.2,    363
2026-07-24 14:37:33,8003,0.2,0.1,7.2,    365
2026-07-24 14:37:35,8003,0.2,0.1,7.2,    367
2026-07-24 14:37:37,8003,0.2,0.1,7.2,    370
2026-07-24 14:37:39,8003,0.2,0.1,7.2,    372
2026-07-24 14:37:41,8003,0.2,0.1,7.2,    374
2026-07-24 14:37:43,8003,0.2,0.1,7.2,    376
2026-07-24 14:37:45,8003,0.2,0.1,7.2,    378
2026-07-24 14:37:47,8003,0.2,0.1,7.2,    380
2026-07-24 14:37:49,8003,0.2,0.1,7.2,    382
2026-07-24 14:37:51,8003,0.2,0.1,7.2,    384
2026-07-24 14:37:54,8003,0.2,0.1,7.2,    386
2026-07-24 14:37:56,8003,0.2,0.1,7.2,    388
2026-07-24 14:37:58,8003,0.2,0.1,7.2,    390
2026-07-24 14:38:00,8003,0.2,0.1,7.2,    392
2026-07-24 14:38:02,8003,0.2,0.1,7.2,    394
2026-07-24 14:38:04,8003,0.2,0.1,7.2,    396
2026-07-24 14:38:06,8003,0.2,0.1,7.2,    398
2026-07-24 14:38:08,8003,0.2,0.1,7.2,    400
2026-07-24 14:38:10,8003,0.2,0.1,7.2,    403
2026-07-24 14:38:12,8003,0.2,0.1,7.2,    405
2026-07-24 14:38:14,8003,0.2,0.1,7.2,    407
2026-07-24 14:38:16,8003,0.2,0.1,7.2,    409
2026-07-24 14:38:18,8003,0.2,0.1,7.2,    411
2026-07-24 14:38:20,8003,0.2,0.1,7.2,    413
2026-07-24 14:38:22,8003,0.2,0.1,7.2,    415
2026-07-24 14:38:24,8003,0.2,0.1,7.2,    417
2026-07-24 14:38:27,8003,0.2,0.1,7.2,    419
2026-07-24 14:38:29,8003,0.2,0.1,7.2,    421
2026-07-24 14:38:31,8003,0.2,0.1,7.2,    423
2026-07-24 14:38:33,8003,0.2,0.1,7.2,    425
2026-07-24 14:38:35,8003,0.2,0.1,7.2,    427
2026-07-24 14:38:37,8003,0.2,0.1,7.2,    429
2026-07-24 14:38:39,8003,0.2,0.1,7.2,    431
2026-07-24 14:38:41,8003,0.2,0.1,7.2,    433
2026-07-24 14:38:43,8003,0.2,0.1,7.2,    436
2026-07-24 14:38:45,8003,0.2,0.1,7.2,    438
2026-07-24 14:38:47,8003,0.2,0.1,7.2,    440
2026-07-24 14:38:49,8003,0.2,0.1,7.2,    442
2026-07-24 14:38:51,8003,0.2,0.1,7.2,    444
2026-07-24 14:38:53,8003,0.2,0.1,7.2,    446
2026-07-24 14:38:55,8003,0.2,0.1,7.2,    448
2026-07-24 14:38:57,8003,0.2,0.1,7.2,    450
2026-07-24 14:39:00,8003,0.2,0.1,7.2,    452
2026-07-24 14:39:02,8003,0.2,0.1,7.2,    454
2026-07-24 14:39:04,8003,0.2,0.1,7.2,    456
2026-07-24 14:39:06,8003,0.2,0.1,7.2,    458
2026-07-24 14:39:08,8003,0.2,0.1,7.2,    460
2026-07-24 14:39:10,8003,0.2,0.1,7.2,    462
2026-07-24 14:39:12,8003,0.2,0.1,7.2,    464
2026-07-24 14:39:14,8003,0.2,0.1,7.2,    467
2026-07-24 14:39:16,8003,0.2,0.1,7.2,    469
2026-07-24 14:39:18,8003,0.2,0.1,7.2,    471
2026-07-24 14:39:20,8003,0.2,0.1,7.2,    473
2026-07-24 14:39:22,8003,0.2,0.1,7.2,    475
2026-07-24 14:39:24,8003,0.2,0.1,7.2,    477
2026-07-24 14:39:26,8003,0.2,0.1,7.2,    479
2026-07-24 14:39:28,8003,0.2,0.1,7.2,    481
2026-07-24 14:39:30,8003,0.2,0.1,7.2,    483
2026-07-24 14:39:33,8003,0.2,0.1,7.2,    485
2026-07-24 14:39:35,8003,0.2,0.1,7.2,    487
2026-07-24 14:39:37,8003,0.2,0.1,7.2,    489
2026-07-24 14:39:39,8003,0.2,0.1,7.2,    491
2026-07-24 14:39:41,8003,0.2,0.1,7.2,    493
2026-07-24 14:39:43,8003,0.2,0.1,7.2,    495
2026-07-24 14:39:45,8003,0.2,0.1,7.2,    497
2026-07-24 14:39:47,8003,0.2,0.1,7.2,    499
2026-07-24 14:39:49,8003,0.2,0.1,7.2,    502
2026-07-24 14:39:51,8003,0.2,0.1,7.2,    504
2026-07-24 14:39:53,8003,0.2,0.1,7.2,    506
2026-07-24 14:39:55,8003,0.2,0.1,7.2,    508
2026-07-24 14:39:57,8003,0.2,0.1,7.2,    510
2026-07-24 14:39:59,8003,0.2,0.1,7.2,    512
2026-07-24 14:40:01,8003,0.2,0.1,7.2,    514
2026-07-24 14:40:03,8003,0.2,0.1,7.2,    516
2026-07-24 14:40:06,8003,0.2,0.1,7.2,    518
2026-07-24 14:40:08,8003,0.2,0.1,7.2,    520
2026-07-24 14:40:10,8003,0.2,0.1,7.2,    522
2026-07-24 14:40:12,8003,0.2,0.1,7.2,    524
2026-07-24 14:40:14,8003,0.2,0.1,7.2,    526
2026-07-24 14:40:16,8003,0.2,0.1,7.2,    528
2026-07-24 14:40:18,8003,0.2,0.1,7.2,    530
2026-07-24 14:40:20,8003,0.2,0.1,7.2,    532
2026-07-24 14:40:22,8003,0.2,0.1,7.2,    535
2026-07-24 14:40:24,8003,0.2,0.1,7.2,    537
2026-07-24 14:40:26,8003,0.2,0.1,7.2,    539
2026-07-24 14:40:28,8003,0.2,0.1,7.2,    541
2026-07-24 14:40:30,8003,0.2,0.1,7.2,    543
2026-07-24 14:40:32,8003,0.2,0.1,7.2,    545
2026-07-24 14:40:34,8003,0.2,0.1,7.2,    547
2026-07-24 14:40:36,8003,0.2,0.1,7.2,    549
2026-07-24 14:40:39,8003,0.2,0.1,7.2,    551
2026-07-24 14:40:41,8003,0.2,0.1,7.2,    553
2026-07-24 14:40:43,8003,0.2,0.1,7.2,    555
2026-07-24 14:40:45,8003,0.2,0.1,7.2,    557
2026-07-24 14:40:47,8003,0.2,0.1,7.2,    559
2026-07-24 14:40:49,8003,0.2,0.1,7.2,    561
2026-07-24 14:40:51,8003,0.2,0.1,7.2,    563
2026-07-24 14:40:53,8003,0.2,0.1,7.2,    565
2026-07-24 14:40:55,8003,0.2,0.1,7.2,    568
2026-07-24 14:40:57,8003,0.2,0.1,7.2,    570
2026-07-24 14:40:59,8003,0.2,0.1,7.2,    572
2026-07-24 14:41:01,8003,0.2,0.1,7.2,    574
2026-07-24 14:41:03,8003,0.2,0.1,7.2,    576
2026-07-24 14:41:05,8003,0.2,0.1,7.2,    578
2026-07-24 14:41:07,8003,0.2,0.1,7.2,    580
2026-07-24 14:41:09,8003,0.2,0.1,7.2,    582
2026-07-24 14:41:12,8003,0.2,0.1,7.2,    584
2026-07-24 14:41:14,8003,0.2,0.1,7.2,    586
2026-07-24 14:41:16,8003,0.2,0.1,7.2,    588
2026-07-24 14:41:18,8003,0.2,0.1,7.2,    590
2026-07-24 14:41:20,8003,0.2,0.1,7.2,    592
2026-07-24 14:41:22,8003,0.2,0.1,7.2,    594
2026-07-24 14:41:24,8003,0.2,0.1,7.2,    596
2026-07-24 14:41:26,8003,0.2,0.1,7.2,    599
2026-07-24 14:41:28,8003,0.2,0.1,7.2,    601
2026-07-24 14:41:30,8003,0.2,0.1,7.2,    603
2026-07-24 14:41:32,8003,0.2,0.1,7.2,    605
2026-07-24 14:41:34,8003,0.2,0.1,7.2,    607
2026-07-24 14:41:36,8003,0.2,0.1,7.2,    609
2026-07-24 14:41:38,8003,0.2,0.1,7.2,    611
2026-07-24 14:41:40,8003,0.2,0.1,7.2,    613
2026-07-24 14:41:42,8003,0.2,0.1,7.2,    615
2026-07-24 14:41:45,8003,0.2,0.1,7.2,    617
2026-07-24 14:41:47,8003,0.2,0.1,7.2,    619
2026-07-24 14:41:49,8003,0.2,0.1,7.2,    621
2026-07-24 14:41:51,8003,0.2,0.1,7.2,    623
2026-07-24 14:41:53,8003,0.2,0.1,7.2,    625
2026-07-24 14:41:55,8003,0.2,0.1,7.2,    627
2026-07-24 14:41:57,8003,0.2,0.1,7.2,    629
2026-07-24 14:41:59,8003,0.2,0.1,7.2,    632
2026-07-24 14:42:01,8003,0.2,0.1,7.2,    634
2026-07-24 14:42:03,8003,0.2,0.1,7.2,    636
2026-07-24 14:42:05,8003,0.2,0.1,7.2,    638
2026-07-24 14:42:07,8003,0.2,0.1,7.2,    640
2026-07-24 14:42:09,8003,0.2,0.1,7.2,    642
2026-07-24 14:42:11,8003,0.2,0.1,7.2,    644
2026-07-24 14:42:13,8003,0.2,0.1,7.2,    646
2026-07-24 14:42:15,8003,0.2,0.1,7.2,    648
2026-07-24 14:42:18,8003,0.2,0.1,7.2,    650
2026-07-24 14:42:20,8003,0.2,0.1,7.2,    652
2026-07-24 14:42:22,8003,0.2,0.1,7.2,    654
2026-07-24 14:42:24,8003,0.2,0.1,7.2,    656
2026-07-24 14:42:26,8003,0.2,0.1,7.2,    658
2026-07-24 14:42:28,8003,0.2,0.1,7.2,    660
2026-07-24 14:42:30,8003,0.2,0.1,7.2,    662
2026-07-24 14:42:32,8003,0.2,0.1,7.2,    665
2026-07-24 14:42:34,8003,0.2,0.1,7.2,    667
2026-07-24 14:42:36,8003,0.2,0.1,7.2,    669
2026-07-24 14:42:38,8003,0.2,0.1,7.2,    671
2026-07-24 14:42:40,8003,0.2,0.1,7.2,    673
2026-07-24 14:42:42,8003,0.2,0.1,7.2,    675
2026-07-24 14:42:44,8003,0.2,0.1,7.2,    677
2026-07-24 14:42:46,8003,0.2,0.1,7.2,    679
2026-07-24 14:42:48,8003,0.2,0.1,7.2,    681
2026-07-24 14:42:51,8003,0.2,0.1,7.2,    683
2026-07-24 14:42:53,8003,0.2,0.1,7.2,    685
2026-07-24 14:42:55,8003,0.2,0.1,7.2,    687
2026-07-24 14:42:57,8003,0.2,0.1,7.2,    689
2026-07-24 14:42:59,8003,0.2,0.1,7.2,    691
2026-07-24 14:43:01,8003,0.2,0.1,7.2,    693
2026-07-24 14:43:03,8003,0.2,0.1,7.2,    695
2026-07-24 14:43:05,8003,0.2,0.1,7.2,    697
2026-07-24 14:43:07,8003,0.2,0.1,7.2,    700
2026-07-24 14:43:09,8003,0.2,0.1,7.2,    702
2026-07-24 14:43:11,8003,0.2,0.1,7.2,    704
2026-07-24 14:43:13,8003,0.2,0.1,7.2,    706
2026-07-24 14:43:15,8003,0.2,0.1,7.2,    708
2026-07-24 14:43:17,8003,0.2,0.1,7.2,    710
2026-07-24 14:43:19,8003,0.2,0.1,7.2,    712
2026-07-24 14:43:21,8003,0.2,0.1,7.2,    714
2026-07-24 14:43:24,8003,0.2,0.1,7.2,    716
2026-07-24 14:43:26,8003,0.2,0.1,7.2,    718
2026-07-24 14:43:28,8003,0.2,0.1,7.2,    720
2026-07-24 14:43:30,8003,0.2,0.1,7.2,    722
2026-07-24 14:43:32,8003,0.2,0.1,7.2,    724
2026-07-24 14:43:34,8003,0.2,0.1,7.2,    726
2026-07-24 14:43:36,8003,0.2,0.1,7.2,    728
2026-07-24 14:43:38,8003,0.2,0.1,7.2,    731
2026-07-24 14:43:40,8003,0.2,0.1,7.2,    733
2026-07-24 14:43:42,8003,0.2,0.1,7.2,    735
2026-07-24 14:43:44,8003,0.2,0.1,7.2,    737
2026-07-24 14:43:46,8003,0.2,0.1,7.2,    739
2026-07-24 14:43:48,8003,0.2,0.1,7.2,    741
2026-07-24 14:43:50,8003,0.2,0.1,7.2,    743
2026-07-24 14:43:52,8003,0.2,0.1,7.2,    745
2026-07-24 14:43:54,8003,0.2,0.1,7.2,    747
2026-07-24 14:43:57,8003,0.2,0.1,7.2,    749
2026-07-24 14:43:59,8003,0.2,0.1,7.2,    751
2026-07-24 14:44:01,8003,0.2,0.1,7.2,    753
2026-07-24 14:44:03,8003,0.2,0.1,7.2,    755
2026-07-24 14:44:05,8003,0.2,0.1,7.2,    757
2026-07-24 14:44:07,8003,0.2,0.1,7.2,    759
2026-07-24 14:44:09,8003,0.2,0.1,7.2,    761
2026-07-24 14:44:11,8003,0.2,0.1,7.2,    763
2026-07-24 14:44:13,8003,0.2,0.1,7.2,    766
2026-07-24 14:44:15,8003,0.2,0.1,7.2,    768
2026-07-24 14:44:17,8003,0.2,0.1,7.2,    770
2026-07-24 14:44:19,8003,0.2,0.1,7.2,    772
2026-07-24 14:44:21,8003,0.2,0.1,7.2,    774
2026-07-24 14:44:23,8003,0.2,0.1,7.3,    776
2026-07-24 14:44:25,8003,0.2,0.1,7.3,    778
2026-07-24 14:44:27,8003,0.2,0.1,7.3,    780
2026-07-24 14:44:30,8003,0.2,0.1,7.3,    782
2026-07-24 14:44:32,8003,0.2,0.1,7.3,    784
2026-07-24 14:44:34,8003,0.2,0.1,7.3,    786
2026-07-24 14:44:36,8003,0.2,0.1,7.3,    788
2026-07-24 14:44:38,8003,0.2,0.1,7.3,    790
2026-07-24 14:44:40,8003,0.2,0.1,7.3,    792
2026-07-24 14:44:42,8003,0.2,0.1,7.3,    794
2026-07-24 14:44:44,8003,0.2,0.1,7.3,    797
2026-07-24 14:44:46,8003,0.2,0.1,7.3,    799
2026-07-24 14:44:48,8003,0.2,0.1,7.3,    801
2026-07-24 14:44:50,8003,0.2,0.1,7.3,    803
2026-07-24 14:44:52,8003,0.2,0.1,7.3,    805
2026-07-24 14:44:54,8003,0.2,0.1,7.3,    807
2026-07-24 14:44:56,8003,0.2,0.1,7.3,    809
2026-07-24 14:44:58,8003,0.2,0.1,7.3,    811
2026-07-24 14:45:01,8003,0.2,0.1,7.3,    813
2026-07-24 14:45:03,8003,0.2,0.1,7.3,    815
2026-07-24 14:45:05,8003,0.2,0.1,7.3,    817
2026-07-24 14:45:07,8003,0.2,0.1,7.3,    819
2026-07-24 14:45:09,8003,0.2,0.1,7.3,    821
2026-07-24 14:45:11,8003,0.2,0.1,7.3,    823
2026-07-24 14:45:13,8003,0.2,0.1,7.3,    825
2026-07-24 14:45:15,8003,0.2,0.1,7.3,    827
2026-07-24 14:45:17,8003,0.2,0.1,7.3,    830
2026-07-24 14:45:19,8003,0.2,0.1,7.3,    832
2026-07-24 14:45:21,8003,0.2,0.1,7.3,    834
2026-07-24 14:45:23,8003,0.2,0.1,7.3,    836
2026-07-24 14:45:25,8003,0.2,0.1,7.3,    838
2026-07-24 14:45:27,8003,0.2,0.1,7.3,    840
2026-07-24 14:45:29,8003,0.2,0.1,7.3,    842
2026-07-24 14:45:31,8003,0.2,0.1,7.3,    844
2026-07-24 14:45:34,8003,0.2,0.1,7.3,    846
2026-07-24 14:45:36,8003,0.2,0.1,7.3,    848
2026-07-24 14:45:38,8003,0.2,0.1,7.3,    850
2026-07-24 14:45:40,8003,0.2,0.1,7.3,    852
2026-07-24 14:45:42,8003,0.2,0.1,7.3,    854
2026-07-24 14:45:44,8003,0.2,0.1,7.3,    856
2026-07-24 14:45:46,8003,0.2,0.1,7.3,    858
2026-07-24 14:45:48,8003,0.2,0.1,7.3,    860
2026-07-24 14:45:50,8003,0.2,0.1,7.3,    863
2026-07-24 14:45:52,8003,0.2,0.1,7.3,    865
2026-07-24 14:45:54,8003,0.2,0.1,7.3,    867
2026-07-24 14:45:56,8003,0.2,0.1,7.3,    869
2026-07-24 14:45:58,8003,0.2,0.1,7.3,    871
2026-07-24 14:46:00,8003,0.2,0.1,7.3,    873
2026-07-24 14:46:02,8003,0.2,0.1,7.3,    875
2026-07-24 14:46:04,8003,0.2,0.1,7.3,    877
2026-07-24 14:46:07,8003,0.2,0.1,7.3,    879
2026-07-24 14:46:09,8003,0.2,0.1,7.3,    881
2026-07-24 14:46:11,8003,0.2,0.1,7.3,    883
2026-07-24 14:46:13,8003,0.2,0.1,7.3,    885
2026-07-24 14:46:15,8003,0.2,0.1,7.3,    887
2026-07-24 14:46:17,8003,0.2,0.1,7.3,    889
2026-07-24 14:46:19,8003,0.2,0.1,7.3,    891
2026-07-24 14:46:21,8003,0.2,0.1,7.3,    893
2026-07-24 14:46:23,8003,0.2,0.1,7.3,    896
2026-07-24 14:46:25,8003,0.2,0.1,7.3,    898
2026-07-24 14:46:27,8003,0.2,0.1,7.3,    900
2026-07-24 14:46:29,8003,0.2,0.1,7.3,    902
2026-07-24 14:46:31,8003,0.2,0.1,7.3,    904
2026-07-24 14:46:33,8003,0.2,0.1,7.3,    906
2026-07-24 14:46:35,8003,0.2,0.1,7.3,    908
2026-07-24 14:46:37,8003,0.2,0.1,7.3,    910
2026-07-24 14:46:40,8003,0.2,0.1,7.3,    912
2026-07-24 14:46:42,8003,0.2,0.1,7.3,    914
2026-07-24 14:46:44,8003,0.2,0.1,7.3,    916
2026-07-24 14:46:46,8003,0.2,0.1,7.3,    918
2026-07-24 14:46:48,8003,0.2,0.1,7.3,    920
2026-07-24 14:46:50,8003,0.2,0.1,7.3,    922
2026-07-24 14:46:52,8003,0.2,0.1,7.3,    924
2026-07-24 14:46:54,8003,0.2,0.1,7.3,    926
2026-07-24 14:46:56,8003,0.2,0.1,7.3,    929
2026-07-24 14:46:58,8003,0.2,0.1,7.3,    931
2026-07-24 14:47:00,8003,0.2,0.1,7.3,    933
2026-07-24 14:47:02,8003,0.2,0.1,7.3,    935
2026-07-24 14:47:04,8003,0.2,0.1,7.3,    937
2026-07-24 14:47:06,8003,0.2,0.1,7.3,    939
2026-07-24 14:47:08,8003,0.2,0.1,7.3,    941
2026-07-24 14:47:10,8003,0.2,0.1,7.3,    943
2026-07-24 14:47:13,8003,0.2,0.1,7.3,    945
2026-07-24 14:47:15,8003,0.2,0.1,7.3,    947
2026-07-24 14:47:17,8003,0.2,0.1,7.3,    949
2026-07-24 14:47:19,8003,0.2,0.1,7.3,    951
2026-07-24 14:47:21,8003,0.2,0.1,7.3,    953
2026-07-24 14:47:23,8003,0.2,0.1,7.3,    955
2026-07-24 14:47:25,8003,0.2,0.1,7.3,    957
2026-07-24 14:47:27,8003,0.2,0.1,7.3,    959
2026-07-24 14:47:29,8003,0.2,0.1,7.3,    962
2026-07-24 14:47:31,8003,0.2,0.1,7.3,    964
2026-07-24 14:47:33,8003,0.2,0.1,7.3,    966
2026-07-24 14:47:35,8003,0.2,0.1,7.3,    968
2026-07-24 14:47:37,8003,0.2,0.1,7.3,    970
2026-07-24 14:47:39,8003,0.2,0.1,7.3,    972
2026-07-24 14:47:41,8003,0.2,0.1,7.3,    974
2026-07-24 14:47:43,8003,0.2,0.1,7.3,    976
2026-07-24 14:47:46,8003,0.2,0.1,7.3,    978
2026-07-24 14:47:48,8003,0.2,0.1,7.3,    980
2026-07-24 14:47:50,8003,0.2,0.1,7.3,    982
2026-07-24 14:47:52,8003,0.2,0.1,7.3,    984
2026-07-24 14:47:54,8003,0.2,0.1,7.3,    986
2026-07-24 14:47:56,8003,0.2,0.1,7.3,    988
2026-07-24 14:47:58,8003,0.2,0.1,7.3,    990
2026-07-24 14:48:00,8003,0.2,0.1,7.3,    992
2026-07-24 14:48:02,8003,0.2,0.1,7.3,    995
2026-07-24 14:48:04,8003,0.2,0.1,7.3,    997
2026-07-24 14:48:06,8003,0.2,0.1,7.3,    999
2026-07-24 14:48:08,8003,0.2,0.1,7.3,   1001
2026-07-24 14:48:10,8003,0.2,0.1,7.3,   1003
2026-07-24 14:48:12,8003,0.2,0.1,7.3,   1005
2026-07-24 14:48:14,8003,0.2,0.1,7.3,   1007
2026-07-24 14:48:16,8003,0.2,0.1,7.3,   1009
2026-07-24 14:48:19,8003,0.2,0.1,7.3,   1011
2026-07-24 14:48:21,8003,0.2,0.1,7.3,   1013
2026-07-24 14:48:23,8003,0.2,0.1,7.3,   1015
2026-07-24 14:48:25,8003,0.2,0.1,7.3,   1017
2026-07-24 14:48:27,8003,0.2,0.1,7.3,   1019
2026-07-24 14:48:29,8003,0.2,0.1,7.3,   1021
2026-07-24 14:48:31,8003,0.2,0.1,7.3,   1023
2026-07-24 14:48:33,8003,0.2,0.1,7.3,   1026
2026-07-24 14:48:35,8003,0.2,0.1,7.3,   1028
2026-07-24 14:48:37,8003,0.2,0.1,7.3,   1030
2026-07-24 14:48:39,8003,0.2,0.1,7.3,   1032
2026-07-24 14:48:41,8003,0.2,0.1,7.3,   1034
2026-07-24 14:48:43,8003,0.2,0.1,7.3,   1036
2026-07-24 14:48:45,8003,0.2,0.1,7.3,   1038
2026-07-24 14:48:47,8003,0.2,0.1,7.3,   1040
2026-07-24 14:48:50,8003,0.2,0.1,7.3,   1042
2026-07-24 14:48:52,8003,0.2,0.1,7.3,   1044
2026-07-24 14:48:54,8003,0.2,0.1,7.3,   1046
2026-07-24 14:48:56,8003,0.2,0.1,7.3,   1048
2026-07-24 14:48:58,8003,0.2,0.1,7.3,   1050
2026-07-24 14:49:00,8003,0.1,0.1,7.3,   1052
2026-07-24 14:49:02,8003,0.2,0.1,7.3,   1054
2026-07-24 14:49:04,8003,0.2,0.1,7.3,   1056
2026-07-24 14:49:06,8003,0.2,0.1,7.3,   1059
2026-07-24 14:49:08,8003,0.2,0.1,7.3,   1061
2026-07-24 14:49:10,8003,0.2,0.1,7.3,   1063
2026-07-24 14:49:12,8003,0.2,0.1,7.3,   1065
2026-07-24 14:49:14,8003,0.2,0.1,7.3,   1067
2026-07-24 14:49:16,8003,0.2,0.1,7.3,   1069
2026-07-24 14:49:18,8003,0.2,0.1,7.3,   1071
2026-07-24 14:49:20,8003,0.2,0.1,7.3,   1073
2026-07-24 14:49:22,8003,0.2,0.1,7.3,   1075
2026-07-24 14:49:25,8003,0.2,0.1,7.3,   1077
2026-07-24 14:49:27,8003,0.2,0.1,7.3,   1079
2026-07-24 14:49:29,8003,0.1,0.1,7.3,   1081
2026-07-24 14:49:31,8003,0.1,0.1,7.3,   1083
2026-07-24 14:49:33,8003,0.2,0.1,7.3,   1085
2026-07-24 14:49:35,8003,0.2,0.1,7.3,   1087
2026-07-24 14:49:37,8003,0.2,0.1,7.3,   1089
2026-07-24 14:49:39,8003,0.2,0.1,7.3,   1092
2026-07-24 14:49:41,8003,0.2,0.1,7.3,   1094
2026-07-24 14:49:43,8003,0.2,0.1,7.3,   1096
2026-07-24 14:49:45,8003,0.2,0.1,7.3,   1098
2026-07-24 14:49:47,8003,0.2,0.1,7.3,   1100
2026-07-24 14:49:49,8003,0.2,0.1,7.3,   1102
2026-07-24 14:49:51,8003,0.2,0.1,7.3,   1104
2026-07-24 14:49:53,8003,0.2,0.1,7.3,   1106
2026-07-24 14:49:56,8003,0.2,0.1,7.3,   1108
2026-07-24 14:49:58,8003,0.2,0.1,7.3,   1110
2026-07-24 14:50:00,8003,0.1,0.1,7.3,   1112
2026-07-24 14:50:02,8003,0.1,0.1,7.3,   1114
2026-07-24 14:50:04,8003,0.2,0.1,7.3,   1116
2026-07-24 14:50:06,8003,0.2,0.1,7.3,   1118
2026-07-24 14:50:08,8003,0.2,0.1,7.3,   1120
2026-07-24 14:50:10,8003,0.2,0.1,7.3,   1122
2026-07-24 14:50:12,8003,0.2,0.1,7.3,   1125
2026-07-24 14:50:14,8003,0.2,0.1,7.3,   1127
2026-07-24 14:50:16,8003,0.2,0.1,7.3,   1129
2026-07-24 14:50:18,8003,0.2,0.1,7.3,   1131
2026-07-24 14:50:20,8003,0.2,0.1,7.3,   1133
2026-07-24 14:50:22,8003,0.2,0.1,7.3,   1135
2026-07-24 14:50:24,8003,0.2,0.1,7.3,   1137
2026-07-24 14:50:26,8003,0.2,0.1,7.3,   1139
2026-07-24 14:50:28,8003,0.2,0.1,7.3,   1141
2026-07-24 14:50:31,8003,0.2,0.1,7.3,   1143
2026-07-24 14:50:33,8003,0.2,0.1,7.3,   1145
2026-07-24 14:50:35,8003,0.2,0.1,7.3,   1147
2026-07-24 14:50:37,8003,0.2,0.1,7.3,   1149
2026-07-24 14:50:39,8003,0.2,0.1,7.3,   1151
2026-07-24 14:50:41,8003,0.2,0.1,7.3,   1153
2026-07-24 14:50:43,8003,0.2,0.1,7.3,   1155
2026-07-24 14:50:45,8003,0.2,0.1,7.3,   1157
2026-07-24 14:50:47,8003,0.2,0.1,7.3,   1160
2026-07-24 14:50:49,8003,0.2,0.1,7.3,   1162
2026-07-24 14:50:51,8003,0.2,0.1,7.3,   1164
2026-07-24 14:50:53,8003,0.2,0.1,7.3,   1166
2026-07-24 14:50:55,8003,0.2,0.1,7.3,   1168
2026-07-24 14:50:57,8003,0.2,0.1,7.3,   1170
2026-07-24 14:50:59,8003,0.1,0.1,7.3,   1172
2026-07-24 14:51:01,8003,0.1,0.1,7.3,   1174
2026-07-24 14:51:04,8003,0.1,0.1,7.3,   1176
2026-07-24 14:51:06,8003,0.2,0.1,7.3,   1178
2026-07-24 14:51:08,8003,0.2,0.1,7.3,   1180
2026-07-24 14:51:10,8003,0.2,0.1,7.3,   1182
2026-07-24 14:51:12,8003,0.2,0.1,7.3,   1184
2026-07-24 14:51:14,8003,0.2,0.1,7.3,   1186
2026-07-24 14:51:16,8003,0.2,0.1,7.3,   1188
2026-07-24 14:51:18,8003,0.2,0.1,7.3,   1190
2026-07-24 14:51:20,8003,0.2,0.1,7.3,   1193
2026-07-24 14:51:22,8003,0.2,0.1,7.3,   1195
2026-07-24 14:51:24,8003,0.2,0.1,7.3,   1197
2026-07-24 14:51:26,8003,0.2,0.1,7.3,   1199
2026-07-24 14:51:28,8003,0.1,0.1,7.3,   1201
2026-07-24 14:51:30,8003,0.1,0.1,7.3,   1203
2026-07-24 14:51:32,8003,0.1,0.1,7.3,   1205
2026-07-24 14:51:34,8003,0.1,0.1,7.3,   1207
2026-07-24 14:51:36,8003,0.2,0.1,7.3,   1209
2026-07-24 14:51:39,8003,0.2,0.1,7.3,   1211
2026-07-24 14:51:41,8003,0.2,0.1,7.3,   1213
2026-07-24 14:51:43,8003,0.2,0.1,7.3,   1215
2026-07-24 14:51:45,8003,0.2,0.1,7.3,   1217
2026-07-24 14:51:47,8003,0.2,0.1,7.3,   1219
2026-07-24 14:51:49,8003,0.2,0.1,7.3,   1221
2026-07-24 14:51:51,8003,0.2,0.1,7.3,   1223
2026-07-24 14:51:53,8003,0.2,0.1,7.3,   1225
2026-07-24 14:51:55,8003,0.2,0.1,7.3,   1228
2026-07-24 14:51:57,8003,0.2,0.1,7.3,   1230
2026-07-24 14:51:59,8003,0.1,0.1,7.3,   1232
2026-07-24 14:52:01,8003,0.1,0.1,7.3,   1234
2026-07-24 14:52:03,8003,0.1,0.1,7.3,   1236
2026-07-24 14:52:05,8003,0.1,0.1,7.3,   1238
2026-07-24 14:52:07,8003,0.2,0.1,7.3,   1240
2026-07-24 14:52:10,8003,0.2,0.1,7.3,   1242
2026-07-24 14:52:12,8003,0.2,0.1,7.3,   1244
2026-07-24 14:52:14,8003,0.2,0.1,7.3,   1246
2026-07-24 14:52:16,8003,0.2,0.1,7.3,   1248
2026-07-24 14:52:18,8003,0.2,0.1,7.3,   1250
2026-07-24 14:52:20,8003,0.2,0.1,7.3,   1252
2026-07-24 14:52:22,8003,0.2,0.1,7.3,   1254
2026-07-24 14:52:24,8003,0.2,0.1,7.3,   1256
2026-07-24 14:52:26,8003,0.2,0.1,7.3,   1259
2026-07-24 14:52:28,8003,0.1,0.1,7.3,   1261
2026-07-24 14:52:30,8003,0.1,0.1,7.3,   1263
2026-07-24 14:52:32,8003,0.1,0.1,7.3,   1265
2026-07-24 14:52:34,8003,0.1,0.1,7.3,   1267
2026-07-24 14:52:36,8003,0.1,0.1,7.3,   1269
2026-07-24 14:52:38,8003,0.2,0.1,7.3,   1271
2026-07-24 14:52:41,8003,0.2,0.1,7.3,   1273
2026-07-24 14:52:43,8003,0.2,0.1,7.3,   1275
2026-07-24 14:52:45,8003,0.2,0.1,7.3,   1277
2026-07-24 14:52:47,8003,0.2,0.1,7.3,   1279
2026-07-24 14:52:49,8003,0.2,0.1,7.3,   1281
2026-07-24 14:52:51,8003,0.2,0.1,7.3,   1283
2026-07-24 14:52:53,8003,0.2,0.1,7.3,   1285
2026-07-24 14:52:55,8003,0.2,0.1,7.3,   1287
2026-07-24 14:52:57,8003,0.2,0.1,7.3,   1289
2026-07-24 14:52:59,8003,0.1,0.1,7.3,   1292
2026-07-24 14:53:01,8003,0.1,0.1,7.3,   1294
2026-07-24 14:53:03,8003,0.1,0.1,7.3,   1296
2026-07-24 14:53:05,8003,0.1,0.1,7.3,   1298
2026-07-24 14:53:07,8003,0.1,0.1,7.3,   1300
2026-07-24 14:53:09,8003,0.2,0.1,7.3,   1302
2026-07-24 14:53:11,8003,0.2,0.1,7.3,   1304
2026-07-24 14:53:14,8003,0.2,0.1,7.3,   1306
2026-07-24 14:53:16,8003,0.2,0.1,7.3,   1308
2026-07-24 14:53:18,8003,0.2,0.1,7.3,   1310
2026-07-24 14:53:20,8003,0.2,0.1,7.3,   1312
2026-07-24 14:53:22,8003,0.2,0.1,7.3,   1314
2026-07-24 14:53:24,8003,0.1,0.1,7.3,   1316
2026-07-24 14:53:26,8003,0.1,0.1,7.3,   1318
2026-07-24 14:53:28,8003,0.1,0.1,7.3,   1320
2026-07-24 14:53:30,8003,0.1,0.1,7.3,   1322
2026-07-24 14:53:32,8003,0.1,0.1,7.3,   1325
2026-07-24 14:53:34,8003,0.1,0.1,7.3,   1327
2026-07-24 14:53:36,8003,0.1,0.1,7.3,   1329
2026-07-24 14:53:38,8003,0.1,0.1,7.3,   1331
2026-07-24 14:53:40,8003,0.2,0.1,7.3,   1333
2026-07-24 14:53:42,8003,0.2,0.1,7.3,   1335
2026-07-24 14:53:45,8003,0.2,0.1,7.3,   1337
2026-07-24 14:53:47,8003,0.2,0.1,7.3,   1339
2026-07-24 14:53:49,8003,0.2,0.1,7.3,   1341
2026-07-24 14:53:51,8003,0.2,0.1,7.3,   1343
2026-07-24 14:53:53,8003,0.2,0.1,7.3,   1345
2026-07-24 14:53:55,8003,0.1,0.1,7.3,   1347
2026-07-24 14:53:57,8003,0.1,0.1,7.3,   1349
2026-07-24 14:53:59,8003,0.1,0.1,7.3,   1351
2026-07-24 14:54:01,8003,0.1,0.1,7.3,   1353
2026-07-24 14:54:03,8003,0.1,0.1,7.3,   1356
2026-07-24 14:54:05,8003,0.1,0.1,7.3,   1358
2026-07-24 14:54:07,8003,0.1,0.1,7.3,   1360
2026-07-24 14:54:09,8003,0.1,0.1,7.3,   1362
2026-07-24 14:54:11,8003,0.2,0.1,7.3,   1364
2026-07-24 14:54:13,8003,0.2,0.1,7.3,   1366
2026-07-24 14:54:15,8003,0.2,0.1,7.3,   1368
2026-07-24 14:54:18,8003,0.2,0.1,7.3,   1370
2026-07-24 14:54:20,8003,0.2,0.1,7.3,   1372
2026-07-24 14:54:22,8003,0.2,0.1,7.3,   1374
2026-07-24 14:54:24,8003,0.1,0.1,7.3,   1376
2026-07-24 14:54:26,8003,0.1,0.1,7.3,   1378
2026-07-24 14:54:28,8003,0.1,0.1,7.3,   1380
2026-07-24 14:54:30,8003,0.1,0.1,7.3,   1382
2026-07-24 14:54:32,8003,0.1,0.1,7.3,   1384
2026-07-24 14:54:34,8003,0.1,0.1,7.3,   1386
2026-07-24 14:54:36,8003,0.1,0.1,7.3,   1389
2026-07-24 14:54:38,8003,0.1,0.1,7.3,   1391
2026-07-24 14:54:40,8003,0.1,0.1,7.3,   1393
2026-07-24 14:54:42,8003,0.2,0.1,7.3,   1395
2026-07-24 14:54:44,8003,0.2,0.1,7.3,   1397
2026-07-24 14:54:46,8003,0.2,0.1,7.3,   1399
2026-07-24 14:54:48,8003,0.2,0.1,7.3,   1401
2026-07-24 14:54:51,8003,0.2,0.1,7.3,   1403
2026-07-24 14:54:53,8003,0.2,0.1,7.3,   1405
2026-07-24 14:54:55,8003,0.2,0.1,7.3,   1407
2026-07-24 14:54:57,8003,0.2,0.1,7.3,   1409
2026-07-24 14:54:59,8003,0.1,0.1,7.3,   1411
2026-07-24 14:55:01,8003,0.1,0.1,7.3,   1413
2026-07-24 14:55:03,8003,0.1,0.1,7.3,   1415
2026-07-24 14:55:05,8003,0.1,0.1,7.3,   1417
2026-07-24 14:55:07,8003,0.1,0.1,7.3,   1420
2026-07-24 14:55:09,8003,0.1,0.1,7.3,   1422
2026-07-24 14:55:11,8003,0.1,0.1,7.3,   1424
2026-07-24 14:55:13,8003,0.2,0.1,7.3,   1426
2026-07-24 14:55:15,8003,0.2,0.1,7.3,   1428
2026-07-24 14:55:17,8003,0.2,0.1,7.3,   1430
2026-07-24 14:55:19,8003,0.2,0.1,7.3,   1432
2026-07-24 14:55:22,8003,0.2,0.1,7.3,   1434
2026-07-24 14:55:24,8003,0.1,0.1,7.3,   1436
2026-07-24 14:55:26,8003,0.1,0.1,7.3,   1438
2026-07-24 14:55:28,8003,0.1,0.1,7.3,   1440
2026-07-24 14:55:30,8003,0.1,0.1,7.3,   1442
2026-07-24 14:55:32,8003,0.1,0.1,7.3,   1444
2026-07-24 14:55:34,8003,0.1,0.1,7.3,   1446
2026-07-24 14:55:36,8003,0.1,0.1,7.3,   1448
2026-07-24 14:55:38,8003,0.1,0.1,7.3,   1450
2026-07-24 14:55:40,8003,0.1,0.1,7.3,   1453
2026-07-24 14:55:42,8003,0.2,0.1,7.3,   1455
2026-07-24 14:55:44,8003,0.2,0.1,7.3,   1457
2026-07-24 14:55:46,8003,0.2,0.1,7.3,   1459
2026-07-24 14:55:48,8003,0.2,0.1,7.3,   1461
2026-07-24 14:55:50,8003,0.2,0.1,7.3,   1463
2026-07-24 14:55:52,8003,0.2,0.1,7.3,   1465
2026-07-24 14:55:55,8003,0.1,0.1,7.3,   1467
2026-07-24 14:55:57,8003,0.1,0.1,7.3,   1469
2026-07-24 14:55:59,8003,0.1,0.1,7.3,   1471
2026-07-24 14:56:01,8003,0.1,0.1,7.3,   1473
2026-07-24 14:56:03,8003,0.1,0.1,7.3,   1475
2026-07-24 14:56:05,8003,0.1,0.1,7.3,   1477
2026-07-24 14:56:07,8003,0.1,0.1,7.3,   1479
2026-07-24 14:56:09,8003,0.1,0.1,7.3,   1481
2026-07-24 14:56:11,8003,0.1,0.1,7.3,   1484
2026-07-24 14:56:13,8003,0.1,0.1,7.3,   1486
2026-07-24 14:56:15,8003,0.2,0.1,7.3,   1488
2026-07-24 14:56:17,8003,0.2,0.1,7.3,   1490
2026-07-24 14:56:19,8003,0.2,0.1,7.3,   1492
2026-07-24 14:56:21,8003,0.2,0.1,7.3,   1494
2026-07-24 14:56:23,8003,0.1,0.1,7.3,   1496
2026-07-24 14:56:25,8003,0.1,0.1,7.3,   1498
2026-07-24 14:56:28,8003,0.1,0.1,7.3,   1500
2026-07-24 14:56:30,8003,0.1,0.1,7.3,   1502
2026-07-24 14:56:32,8003,0.1,0.1,7.3,   1504
2026-07-24 14:56:34,8003,0.1,0.1,7.3,   1506
2026-07-24 14:56:36,8003,0.1,0.1,7.3,   1508
2026-07-24 14:56:38,8003,0.1,0.1,7.3,   1510
2026-07-24 14:56:40,8003,0.1,0.1,7.3,   1512
2026-07-24 14:56:42,8003,0.1,0.1,7.3,   1514
2026-07-24 14:56:44,8003,0.2,0.1,7.3,   1517
2026-07-24 14:56:46,8003,0.2,0.1,7.3,   1519
2026-07-24 14:56:48,8003,0.2,0.1,7.3,   1521
2026-07-24 14:56:50,8003,0.2,0.1,7.3,   1523
2026-07-24 14:56:52,8003,0.2,0.1,7.3,   1525
2026-07-24 14:56:54,8003,0.1,0.1,7.3,   1527
2026-07-24 14:56:56,8003,0.1,0.1,7.3,   1529
2026-07-24 14:56:58,8003,0.1,0.1,7.3,   1531
2026-07-24 14:57:01,8003,0.1,0.1,7.3,   1533
2026-07-24 14:57:03,8003,0.1,0.1,7.3,   1535
2026-07-24 14:57:05,8003,0.1,0.1,7.3,   1537
2026-07-24 14:57:07,8003,0.1,0.1,7.3,   1539
2026-07-24 14:57:09,8003,0.1,0.1,7.3,   1541
2026-07-24 14:57:11,8003,0.1,0.1,7.3,   1543
2026-07-24 14:57:13,8003,0.1,0.1,7.3,   1545
2026-07-24 14:57:15,8003,0.1,0.1,7.3,   1547
2026-07-24 14:57:17,8003,0.2,0.1,7.3,   1550
2026-07-24 14:57:19,8003,0.2,0.1,7.3,   1552
2026-07-24 14:57:21,8003,0.2,0.1,7.3,   1554
2026-07-24 14:57:23,8003,0.1,0.1,7.3,   1556
2026-07-24 14:57:25,8003,0.1,0.1,7.3,   1558
2026-07-24 14:57:27,8003,0.1,0.1,7.3,   1560
2026-07-24 14:57:29,8003,0.1,0.1,7.3,   1562
2026-07-24 14:57:32,8003,0.1,0.1,7.3,   1564
2026-07-24 14:57:34,8003,0.1,0.1,7.3,   1566
2026-07-24 14:57:36,8003,0.1,0.1,7.3,   1568
2026-07-24 14:57:38,8003,0.1,0.1,7.3,   1570
2026-07-24 14:57:40,8003,0.1,0.1,7.3,   1572
2026-07-24 14:57:42,8003,0.1,0.1,7.3,   1574
2026-07-24 14:57:44,8003,0.1,0.1,7.3,   1576
2026-07-24 14:57:46,8003,0.2,0.1,7.3,   1578
2026-07-24 14:57:48,8003,0.2,0.1,7.3,   1581
2026-07-24 14:57:50,8003,0.2,0.1,7.3,   1583
2026-07-24 14:57:52,8003,0.2,0.1,7.3,   1585
2026-07-24 14:57:54,8003,0.1,0.1,7.3,   1587
2026-07-24 14:57:56,8003,0.1,0.1,7.3,   1589
2026-07-24 14:57:58,8003,0.1,0.1,7.3,   1591
2026-07-24 14:58:00,8003,0.1,0.1,7.3,   1593
2026-07-24 14:58:02,8003,0.1,0.1,7.3,   1595
2026-07-24 14:58:05,8003,0.1,0.1,7.3,   1597
2026-07-24 14:58:07,8003,0.1,0.1,7.3,   1599
2026-07-24 14:58:09,8003,0.1,0.1,7.3,   1601
2026-07-24 14:58:11,8003,0.1,0.1,7.3,   1603
2026-07-24 14:58:13,8003,0.1,0.1,7.3,   1605
2026-07-24 14:58:15,8003,0.1,0.1,7.3,   1607
2026-07-24 14:58:17,8003,0.2,0.1,7.3,   1609
2026-07-24 14:58:19,8003,0.2,0.1,7.3,   1611
2026-07-24 14:58:21,8003,0.2,0.1,7.3,   1614
2026-07-24 14:58:23,8003,0.1,0.1,7.3,   1616
2026-07-24 14:58:25,8003,0.1,0.1,7.3,   1618
2026-07-24 14:58:27,8003,0.1,0.1,7.3,   1620
2026-07-24 14:58:29,8003,0.1,0.1,7.3,   1622
2026-07-24 14:58:31,8003,0.1,0.1,7.3,   1624
2026-07-24 14:58:33,8003,0.1,0.1,7.3,   1626
2026-07-24 14:58:35,8003,0.1,0.1,7.3,   1628
2026-07-24 14:58:38,8003,0.1,0.1,7.3,   1630
2026-07-24 14:58:40,8003,0.1,0.1,7.3,   1632
2026-07-24 14:58:42,8003,0.1,0.1,7.3,   1634
2026-07-24 14:58:44,8003,0.1,0.1,7.3,   1636
2026-07-24 14:58:46,8003,0.1,0.1,7.3,   1638
2026-07-24 14:58:48,8003,0.2,0.1,7.3,   1640
2026-07-24 14:58:50,8003,0.2,0.1,7.3,   1642
2026-07-24 14:58:52,8003,0.2,0.1,7.3,   1645
2026-07-24 14:58:54,8003,0.1,0.1,7.3,   1647
2026-07-24 14:58:56,8003,0.1,0.1,7.3,   1649
2026-07-24 14:58:58,8003,0.1,0.1,7.3,   1651
2026-07-24 14:59:00,8003,0.1,0.1,7.3,   1653
2026-07-24 14:59:02,8003,0.1,0.1,7.3,   1655
2026-07-24 14:59:04,8003,0.1,0.1,7.3,   1657
2026-07-24 14:59:06,8003,0.1,0.1,7.3,   1659
2026-07-24 14:59:08,8003,0.1,0.1,7.3,   1661
2026-07-24 14:59:11,8003,0.1,0.1,7.3,   1663
2026-07-24 14:59:13,8003,0.1,0.1,7.3,   1665
2026-07-24 14:59:15,8003,0.1,0.1,7.3,   1667
2026-07-24 14:59:17,8003,0.1,0.1,7.3,   1669
2026-07-24 14:59:19,8003,0.1,0.1,7.3,   1671
2026-07-24 14:59:21,8003,0.2,0.1,7.3,   1673
2026-07-24 14:59:23,8003,0.2,0.1,7.3,   1675
2026-07-24 14:59:25,8003,0.1,0.1,7.3,   1677
2026-07-24 14:59:27,8003,0.1,0.1,7.3,   1680
2026-07-24 14:59:29,8003,0.1,0.1,7.3,   1682
2026-07-24 14:59:31,8003,0.1,0.1,7.3,   1684
2026-07-24 14:59:33,8003,0.1,0.1,7.3,   1686
2026-07-24 14:59:35,8003,0.1,0.1,7.3,   1688
2026-07-24 14:59:37,8003,0.1,0.1,7.3,   1690
2026-07-24 14:59:39,8003,0.1,0.1,7.3,   1692
2026-07-24 14:59:41,8003,0.1,0.1,7.3,   1694
2026-07-24 14:59:44,8003,0.1,0.1,7.3,   1696
2026-07-24 14:59:46,8003,0.1,0.1,7.3,   1698
2026-07-24 14:59:48,8003,0.1,0.1,7.3,   1700
2026-07-24 14:59:50,8003,0.2,0.1,7.3,   1702
2026-07-24 14:59:52,8003,0.2,0.1,7.3,   1704
2026-07-24 14:59:54,8003,0.1,0.1,7.3,   1706
2026-07-24 14:59:56,8003,0.1,0.1,7.3,   1708
2026-07-24 14:59:58,8003,0.1,0.1,7.3,   1710
2026-07-24 15:00:00,8003,0.1,0.1,7.3,   1713
2026-07-24 15:00:02,8003,0.1,0.1,7.3,   1715
2026-07-24 15:00:04,8003,0.1,0.1,7.3,   1717
2026-07-24 15:00:06,8003,0.1,0.1,7.3,   1719
2026-07-24 15:00:08,8003,0.1,0.1,7.3,   1721
2026-07-24 15:00:10,8003,0.1,0.1,7.3,   1723
2026-07-24 15:00:12,8003,0.1,0.1,7.3,   1725
2026-07-24 15:00:14,8003,0.1,0.1,7.3,   1727
2026-07-24 15:00:17,8003,0.1,0.1,7.3,   1729
2026-07-24 15:00:19,8003,0.1,0.1,7.3,   1731
2026-07-24 15:00:21,8003,0.2,0.1,7.3,   1733
2026-07-24 15:00:23,8003,0.2,0.1,7.3,   1735
2026-07-24 15:00:25,8003,0.1,0.1,7.3,   1737
2026-07-24 15:00:27,8003,0.1,0.1,7.3,   1739
2026-07-24 15:00:29,8003,0.1,0.1,7.3,   1741
2026-07-24 15:00:31,8003,0.1,0.1,7.3,   1743
2026-07-24 15:00:33,8003,0.1,0.1,7.3,   1746
2026-07-24 15:00:35,8003,0.1,0.1,7.3,   1748
2026-07-24 15:00:37,8003,0.1,0.1,7.3,   1750
2026-07-24 15:00:39,8003,0.1,0.1,7.3,   1752
2026-07-24 15:00:41,8003,0.1,0.1,7.3,   1754
2026-07-24 15:00:43,8003,0.1,0.1,7.3,   1756
2026-07-24 15:00:45,8003,0.1,0.1,7.3,   1758
2026-07-24 15:00:47,8003,0.1,0.1,7.3,   1760
2026-07-24 15:00:49,8003,0.1,0.1,7.3,   1762
2026-07-24 15:00:52,8003,0.2,0.1,7.3,   1764
2026-07-24 15:00:54,8003,0.1,0.1,7.3,   1766
2026-07-24 15:00:56,8003,0.1,0.1,7.3,   1768
2026-07-24 15:00:58,8003,0.1,0.1,7.3,   1770
2026-07-24 15:01:00,8003,0.1,0.1,7.3,   1772
2026-07-24 15:01:02,8003,0.1,0.1,7.3,   1774
2026-07-24 15:01:04,8003,0.1,0.1,7.3,   1776
2026-07-24 15:01:06,8003,0.1,0.1,7.3,   1778
2026-07-24 15:01:08,8003,0.1,0.1,7.3,   1781
2026-07-24 15:01:10,8003,0.1,0.1,7.3,   1783
2026-07-24 15:01:12,8003,0.1,0.1,7.3,   1785
2026-07-24 15:01:14,8003,0.1,0.1,7.3,   1787
2026-07-24 15:01:16,8003,0.1,0.1,7.3,   1789
2026-07-24 15:01:18,8003,0.1,0.1,7.3,   1791
2026-07-24 15:01:20,8003,0.1,0.1,7.3,   1793
2026-07-24 15:01:22,8003,0.2,0.1,7.3,   1795
2026-07-24 15:01:25,8003,0.1,0.1,7.3,   1797
2026-07-24 15:01:27,8003,0.1,0.1,7.3,   1799
2026-07-24 15:01:29,8003,0.1,0.1,7.3,   1801
2026-07-24 15:01:31,8003,0.1,0.1,7.3,   1803
2026-07-24 15:01:33,8003,0.1,0.1,7.3,   1805
2026-07-24 15:01:35,8003,0.1,0.1,7.3,   1807
2026-07-24 15:01:37,8003,0.1,0.1,7.3,   1809
2026-07-24 15:01:39,8003,0.1,0.1,7.3,   1811
2026-07-24 15:01:41,8003,0.1,0.1,7.3,   1814
2026-07-24 15:01:43,8003,0.1,0.1,7.3,   1816
2026-07-24 15:01:45,8003,0.1,0.1,7.3,   1818
2026-07-24 15:01:47,8003,0.1,0.1,7.3,   1820
2026-07-24 15:01:49,8003,0.1,0.1,7.3,   1822
2026-07-24 15:01:51,8003,0.1,0.1,7.3,   1824
2026-07-24 15:01:53,8003,0.1,0.1,7.3,   1826
2026-07-24 15:01:55,8003,0.1,0.1,7.3,   1828
2026-07-24 15:01:58,8003,0.1,0.1,7.3,   1830
2026-07-24 15:02:00,8003,0.1,0.1,7.3,   1832
2026-07-24 15:02:02,8003,0.1,0.1,7.3,   1834
2026-07-24 15:02:04,8003,0.1,0.1,7.3,   1836
2026-07-24 15:02:06,8003,0.1,0.1,7.3,   1838
2026-07-24 15:02:08,8003,0.1,0.1,7.3,   1840
2026-07-24 15:02:10,8003,0.1,0.1,7.3,   1842
2026-07-24 15:02:12,8003,0.1,0.1,7.3,   1844
2026-07-24 15:02:14,8003,0.1,0.1,7.3,   1847
2026-07-24 15:02:16,8003,0.1,0.1,7.3,   1849
2026-07-24 15:02:18,8003,0.1,0.1,7.3,   1851
2026-07-24 15:02:20,8003,0.1,0.1,7.3,   1853
2026-07-24 15:02:22,8003,0.1,0.1,7.3,   1855
2026-07-24 15:02:24,8003,0.1,0.1,7.3,   1857
2026-07-24 15:02:26,8003,0.1,0.1,7.3,   1859
2026-07-24 15:02:28,8003,0.1,0.1,7.3,   1861
2026-07-24 15:02:31,8003,0.1,0.1,7.3,   1863
2026-07-24 15:02:33,8003,0.1,0.1,7.3,   1865
2026-07-24 15:02:35,8003,0.1,0.1,7.3,   1867
2026-07-24 15:02:37,8003,0.1,0.1,7.3,   1869
2026-07-24 15:02:39,8003,0.1,0.1,7.3,   1871
2026-07-24 15:02:41,8003,0.1,0.1,7.3,   1873
2026-07-24 15:02:43,8003,0.1,0.1,7.3,   1875
2026-07-24 15:02:45,8003,0.1,0.1,7.3,   1877
2026-07-24 15:02:47,8003,0.1,0.1,7.3,   1880
2026-07-24 15:02:49,8003,0.1,0.1,7.3,   1882
2026-07-24 15:02:51,8003,0.1,0.1,7.3,   1884
2026-07-24 15:02:53,8003,0.1,0.1,7.3,   1886
2026-07-24 15:02:55,8003,0.1,0.1,7.3,   1888
2026-07-24 15:02:57,8003,0.1,0.1,7.3,   1890
2026-07-24 15:02:59,8003,0.1,0.1,7.3,   1892
2026-07-24 15:03:01,8003,0.1,0.1,7.3,   1894
2026-07-24 15:03:04,8003,0.1,0.1,7.3,   1896
2026-07-24 15:03:06,8003,0.1,0.1,7.3,   1898
2026-07-24 15:03:08,8003,0.1,0.1,7.3,   1900
2026-07-24 15:03:10,8003,0.1,0.1,7.3,   1902
2026-07-24 15:03:12,8003,0.1,0.1,7.3,   1904
2026-07-24 15:03:14,8003,0.1,0.1,7.3,   1906
2026-07-24 15:03:16,8003,0.1,0.1,7.3,   1908
2026-07-24 15:03:18,8003,0.1,0.1,7.3,   1911
2026-07-24 15:03:20,8003,0.1,0.1,7.3,   1913
2026-07-24 15:03:22,8003,0.1,0.1,7.3,   1915
2026-07-24 15:03:24,8003,0.1,0.1,7.3,   1917
2026-07-24 15:03:26,8003,0.1,0.1,7.3,   1919
2026-07-24 15:03:28,8003,0.1,0.1,7.3,   1921
2026-07-24 15:03:30,8003,0.1,0.1,7.3,   1923
2026-07-24 15:03:32,8003,0.1,0.1,7.3,   1925
2026-07-24 15:03:35,8003,0.1,0.1,7.3,   1927
2026-07-24 15:03:37,8003,0.1,0.1,7.3,   1929
2026-07-24 15:03:39,8003,0.1,0.1,7.3,   1931
2026-07-24 15:03:41,8003,0.1,0.1,7.3,   1933
2026-07-24 15:03:43,8003,0.1,0.1,7.3,   1935
2026-07-24 15:03:45,8003,0.1,0.1,7.3,   1937
2026-07-24 15:03:47,8003,0.1,0.1,7.3,   1939
2026-07-24 15:03:49,8003,0.1,0.1,7.3,   1941
2026-07-24 15:03:51,8003,0.1,0.1,7.3,   1944
2026-07-24 15:03:53,8003,0.1,0.1,7.3,   1946
2026-07-24 15:03:55,8003,0.1,0.1,7.3,   1948
2026-07-24 15:03:57,8003,0.1,0.1,7.3,   1950
2026-07-24 15:03:59,8003,0.1,0.1,7.3,   1952
2026-07-24 15:04:01,8003,0.1,0.1,7.3,   1954
2026-07-24 15:04:03,8003,0.1,0.1,7.3,   1956
2026-07-24 15:04:05,8003,0.1,0.1,7.3,   1958
2026-07-24 15:04:08,8003,0.1,0.1,7.3,   1960
2026-07-24 15:04:10,8003,0.1,0.1,7.3,   1962
2026-07-24 15:04:12,8003,0.1,0.1,7.3,   1964
2026-07-24 15:04:14,8003,0.1,0.1,7.3,   1966
2026-07-24 15:04:16,8003,0.1,0.1,7.3,   1968
2026-07-24 15:04:18,8003,0.1,0.1,7.3,   1970
2026-07-24 15:04:20,8003,0.1,0.1,7.3,   1972
2026-07-24 15:04:22,8003,0.1,0.1,7.3,   1974
2026-07-24 15:04:24,8003,0.1,0.1,7.3,   1977
2026-07-24 15:04:26,8003,0.1,0.1,7.3,   1979
2026-07-24 15:04:28,8003,0.1,0.1,7.3,   1981
2026-07-24 15:04:30,8003,0.1,0.1,7.3,   1983
2026-07-24 15:04:32,8003,0.1,0.1,7.3,   1985
2026-07-24 15:04:34,8003,0.1,0.1,7.3,   1987
2026-07-24 15:04:36,8003,0.1,0.1,7.3,   1989
2026-07-24 15:04:38,8003,0.1,0.1,7.3,   1991
2026-07-24 15:04:41,8003,0.1,0.1,7.3,   1993
2026-07-24 15:04:43,8003,0.1,0.1,7.3,   1995
2026-07-24 15:04:45,8003,0.1,0.1,7.3,   1997
2026-07-24 15:04:47,8003,0.1,0.1,7.3,   1999
2026-07-24 15:04:49,8003,0.1,0.1,7.3,   2001
2026-07-24 15:04:51,8003,0.1,0.1,7.3,   2003
2026-07-24 15:04:53,8003,0.1,0.1,7.3,   2005
2026-07-24 15:04:55,8003,0.1,0.1,7.3,   2007
2026-07-24 15:04:57,8003,0.1,0.1,7.3,   2009
2026-07-24 15:04:59,8003,0.1,0.1,7.3,   2012
2026-07-24 15:05:01,8003,0.1,0.1,7.3,   2014
2026-07-24 15:05:03,8003,0.1,0.1,7.3,   2016
2026-07-24 15:05:05,8003,0.1,0.1,7.3,   2018
2026-07-24 15:05:07,8003,0.1,0.1,7.3,   2020
2026-07-24 15:05:09,8003,0.1,0.1,7.3,   2022
2026-07-24 15:05:11,8003,0.1,0.1,7.3,   2024
2026-07-24 15:05:14,8003,0.1,0.1,7.3,   2026
2026-07-24 15:05:16,8003,0.1,0.1,7.3,   2028
2026-07-24 15:05:18,8003,0.1,0.1,7.3,   2030
2026-07-24 15:05:20,8003,0.1,0.1,7.3,   2032
2026-07-24 15:05:22,8003,0.1,0.1,7.3,   2034
2026-07-24 15:05:24,8003,0.1,0.1,7.3,   2036
2026-07-24 15:05:26,8003,0.1,0.1,7.3,   2038
2026-07-24 15:05:28,8003,0.1,0.1,7.3,   2040
2026-07-24 15:05:30,8003,0.1,0.1,7.3,   2043
2026-07-24 15:05:32,8003,0.1,0.1,7.3,   2045
2026-07-24 15:05:34,8003,0.1,0.1,7.3,   2047
2026-07-24 15:05:36,8003,0.1,0.1,7.3,   2049
2026-07-24 15:05:38,8003,0.1,0.1,7.3,   2051
2026-07-24 15:05:40,8003,0.1,0.1,7.3,   2053
2026-07-24 15:05:42,8003,0.1,0.1,7.3,   2055
2026-07-24 15:05:44,8003,0.1,0.1,7.3,   2057
2026-07-24 15:05:47,8003,0.1,0.1,7.3,   2059
2026-07-24 15:05:49,8003,0.1,0.1,7.3,   2061
2026-07-24 15:05:51,8003,0.1,0.1,7.3,   2063
2026-07-24 15:05:53,8003,0.1,0.1,7.3,   2065
2026-07-24 15:05:55,8003,0.1,0.1,7.3,   2067
2026-07-24 15:05:57,8003,0.1,0.1,7.3,   2069
2026-07-24 15:05:59,8003,0.1,0.1,7.3,   2071
2026-07-24 15:06:01,8003,0.1,0.1,7.3,   2074
2026-07-24 15:06:03,8003,0.1,0.1,7.3,   2076
2026-07-24 15:06:05,8003,0.1,0.1,7.3,   2078
2026-07-24 15:06:07,8003,0.1,0.1,7.3,   2080
2026-07-24 15:06:09,8003,0.1,0.1,7.3,   2082
2026-07-24 15:06:11,8003,0.1,0.1,7.3,   2084
2026-07-24 15:06:13,8003,0.1,0.1,7.3,   2086
2026-07-24 15:06:15,8003,0.1,0.1,7.3,   2088
2026-07-24 15:06:17,8003,0.1,0.1,7.3,   2090
2026-07-24 15:06:20,8003,0.1,0.1,7.3,   2092
2026-07-24 15:06:22,8003,0.1,0.1,7.3,   2094
2026-07-24 15:06:24,8003,0.1,0.1,7.3,   2096
2026-07-24 15:06:26,8003,0.1,0.1,7.3,   2098
2026-07-24 15:06:28,8003,0.1,0.1,7.3,   2100
2026-07-24 15:06:30,8003,0.1,0.1,7.3,   2102
2026-07-24 15:06:32,8003,0.1,0.1,7.3,   2104
2026-07-24 15:06:34,8003,0.1,0.1,7.3,   2107
2026-07-24 15:06:36,8003,0.1,0.1,7.3,   2109
2026-07-24 15:06:38,8003,0.1,0.1,7.3,   2111
2026-07-24 15:06:40,8003,0.1,0.1,7.3,   2113
2026-07-24 15:06:42,8003,0.1,0.1,7.3,   2115
2026-07-24 15:06:44,8003,0.1,0.1,7.3,   2117
2026-07-24 15:06:46,8003,0.1,0.1,7.3,   2119
2026-07-24 15:06:48,8003,0.1,0.1,7.3,   2121
2026-07-24 15:06:50,8003,0.1,0.1,7.3,   2123
2026-07-24 15:06:53,8003,0.1,0.1,7.3,   2125
2026-07-24 15:06:55,8003,0.1,0.1,7.3,   2127
2026-07-24 15:06:57,8003,0.1,0.1,7.3,   2129
2026-07-24 15:06:59,8003,0.1,0.1,7.3,   2131
2026-07-24 15:07:01,8003,0.1,0.1,7.3,   2133
2026-07-24 15:07:03,8003,0.1,0.1,7.3,   2135
2026-07-24 15:07:05,8003,0.1,0.1,7.3,   2137
2026-07-24 15:07:07,8003,0.1,0.1,7.3,   2140
2026-07-24 15:07:09,8003,0.1,0.1,7.3,   2142
2026-07-24 15:07:11,8003,0.1,0.1,7.3,   2144
2026-07-24 15:07:13,8003,0.1,0.1,7.3,   2146
2026-07-24 15:07:15,8003,0.1,0.1,7.3,   2148
2026-07-24 15:07:17,8003,0.1,0.1,7.3,   2150
2026-07-24 15:07:19,8003,0.1,0.1,7.3,   2152
2026-07-24 15:07:21,8003,0.1,0.1,7.3,   2154
2026-07-24 15:07:23,8003,0.1,0.1,7.3,   2156
2026-07-24 15:07:26,8003,0.1,0.1,7.3,   2158
2026-07-24 15:07:28,8003,0.1,0.1,7.3,   2160
2026-07-24 15:07:30,8003,0.1,0.1,7.3,   2162
2026-07-24 15:07:32,8003,0.1,0.1,7.3,   2164
2026-07-24 15:07:34,8003,0.1,0.1,7.3,   2166
2026-07-24 15:07:36,8003,0.1,0.1,7.3,   2168
2026-07-24 15:07:38,8003,0.1,0.1,7.3,   2170
2026-07-24 15:07:40,8003,0.1,0.1,7.3,   2173
2026-07-24 15:07:42,8003,0.1,0.1,7.3,   2175
2026-07-24 15:07:44,8003,0.1,0.1,7.3,   2177
2026-07-24 15:07:46,8003,0.1,0.1,7.3,   2179
2026-07-24 15:07:48,8003,0.1,0.1,7.3,   2181
2026-07-24 15:07:50,8003,0.1,0.1,7.3,   2183
2026-07-24 15:07:52,8003,0.1,0.1,7.3,   2185
2026-07-24 15:07:54,8003,0.1,0.1,7.3,   2187
2026-07-24 15:07:56,8003,0.1,0.1,7.3,   2189
2026-07-24 15:07:59,8003,0.1,0.1,7.3,   2191
2026-07-24 15:08:01,8003,0.1,0.1,7.3,   2193
2026-07-24 15:08:03,8003,0.1,0.1,7.3,   2195
2026-07-24 15:08:05,8003,0.1,0.1,7.3,   2197
2026-07-24 15:08:07,8003,0.1,0.1,7.3,   2199
2026-07-24 15:08:09,8003,0.1,0.1,7.3,   2201
2026-07-24 15:08:11,8003,0.1,0.1,7.3,   2203
2026-07-24 15:08:13,8003,0.1,0.1,7.3,   2205
2026-07-24 15:08:15,8003,0.1,0.1,7.3,   2208
2026-07-24 15:08:17,8003,0.1,0.1,7.3,   2210
2026-07-24 15:08:19,8003,0.1,0.1,7.3,   2212
2026-07-24 15:08:21,8003,0.1,0.1,7.3,   2214
2026-07-24 15:08:23,8003,0.1,0.1,7.3,   2216
2026-07-24 15:08:25,8003,0.1,0.1,7.3,   2218
2026-07-24 15:08:27,8003,0.1,0.1,7.3,   2220
2026-07-24 15:08:29,8003,0.1,0.1,7.3,   2222
2026-07-24 15:08:32,8003,0.1,0.1,7.3,   2224
2026-07-24 15:08:34,8003,0.1,0.1,7.3,   2226
2026-07-24 15:08:36,8003,0.1,0.1,7.3,   2228
2026-07-24 15:08:38,8003,0.1,0.1,7.3,   2230
2026-07-24 15:08:40,8003,0.1,0.1,7.3,   2232
2026-07-24 15:08:42,8003,0.1,0.1,7.3,   2234
2026-07-24 15:08:44,8003,0.1,0.1,7.3,   2236
2026-07-24 15:08:46,8003,0.1,0.1,7.3,   2239
2026-07-24 15:08:48,8003,0.1,0.1,7.3,   2241
2026-07-24 15:08:50,8003,0.1,0.1,7.3,   2243
2026-07-24 15:08:52,8003,0.1,0.1,7.3,   2245
2026-07-24 15:08:54,8003,0.1,0.1,7.3,   2247
2026-07-24 15:08:56,8003,0.1,0.1,7.3,   2249
2026-07-24 15:08:58,8003,0.1,0.1,7.3,   2251
2026-07-24 15:09:00,8003,0.1,0.1,7.3,   2253
2026-07-24 15:09:02,8003,0.1,0.1,7.3,   2255
2026-07-24 15:09:05,8003,0.1,0.1,7.3,   2257
2026-07-24 15:09:07,8003,0.1,0.1,7.3,   2259
2026-07-24 15:09:09,8003,0.1,0.1,7.3,   2261
2026-07-24 15:09:11,8003,0.1,0.1,7.3,   2263
2026-07-24 15:09:13,8003,0.1,0.1,7.3,   2265
2026-07-24 15:09:15,8003,0.1,0.1,7.3,   2267
2026-07-24 15:09:17,8003,0.1,0.1,7.3,   2269
2026-07-24 15:09:19,8003,0.1,0.1,7.3,   2271
2026-07-24 15:09:21,8003,0.1,0.1,7.3,   2274
2026-07-24 15:09:23,8003,0.1,0.1,7.3,   2276
2026-07-24 15:09:25,8003,0.1,0.1,7.3,   2278
2026-07-24 15:09:27,8003,0.1,0.1,7.3,   2280
2026-07-24 15:09:29,8003,0.1,0.1,7.3,   2282
2026-07-24 15:09:31,8003,0.1,0.1,7.3,   2284
2026-07-24 15:09:33,8003,0.1,0.1,7.3,   2286
2026-07-24 15:09:35,8003,0.1,0.1,7.3,   2288
2026-07-24 15:09:38,8003,0.1,0.1,7.3,   2290
2026-07-24 15:09:40,8003,0.1,0.1,7.3,   2292
2026-07-24 15:09:42,8003,0.1,0.1,7.3,   2294
2026-07-24 15:09:44,8003,0.1,0.1,7.3,   2296
2026-07-24 15:09:46,8003,0.1,0.1,7.3,   2298
2026-07-24 15:09:48,8003,0.1,0.1,7.3,   2300
2026-07-24 15:09:50,8003,0.1,0.1,7.3,   2302
2026-07-24 15:09:52,8003,0.1,0.1,7.3,   2304
2026-07-24 15:09:54,8003,0.1,0.1,7.3,   2307
2026-07-24 15:09:56,8003,0.1,0.1,7.3,   2309
2026-07-24 15:09:58,8003,0.1,0.1,7.3,   2311
2026-07-24 15:10:00,8003,0.1,0.1,7.3,   2313
2026-07-24 15:10:02,8003,0.1,0.1,7.3,   2315
2026-07-24 15:10:04,8003,0.1,0.1,7.3,   2317
2026-07-24 15:10:06,8003,0.1,0.1,7.3,   2319
2026-07-24 15:10:08,8003,0.1,0.1,7.3,   2321
2026-07-24 15:10:11,8003,0.1,0.1,7.3,   2323
2026-07-24 15:10:13,8003,0.1,0.1,7.3,   2325
2026-07-24 15:10:15,8003,0.1,0.1,7.3,   2327
2026-07-24 15:10:17,8003,0.1,0.1,7.3,   2329
2026-07-24 15:10:19,8003,0.1,0.1,7.3,   2331
2026-07-24 15:10:21,8003,0.1,0.1,7.3,   2333
2026-07-24 15:10:23,8003,0.1,0.1,7.3,   2335
2026-07-24 15:10:25,8003,0.1,0.1,7.3,   2337
2026-07-24 15:10:27,8003,0.1,0.1,7.3,   2340
2026-07-24 15:10:29,8003,0.1,0.1,7.3,   2342
2026-07-24 15:10:31,8003,0.1,0.1,7.3,   2344
2026-07-24 15:10:33,8003,0.1,0.1,7.3,   2346
2026-07-24 15:10:35,8003,0.1,0.1,7.3,   2348
2026-07-24 15:10:37,8003,0.1,0.1,7.3,   2350
2026-07-24 15:10:39,8003,0.1,0.1,7.3,   2352
2026-07-24 15:10:41,8003,0.1,0.1,7.3,   2354
2026-07-24 15:10:43,8003,0.1,0.1,7.3,   2356
2026-07-24 15:10:46,8003,0.1,0.1,7.3,   2358
2026-07-24 15:10:48,8003,0.1,0.1,7.3,   2360
2026-07-24 15:10:50,8003,0.1,0.1,7.3,   2362
2026-07-24 15:10:52,8003,0.1,0.1,7.3,   2364
2026-07-24 15:10:54,8003,0.1,0.1,7.3,   2366
2026-07-24 15:10:56,8003,0.1,0.1,7.3,   2368
2026-07-24 15:10:58,8003,0.1,0.1,7.3,   2370
2026-07-24 15:11:00,8003,0.1,0.1,7.3,   2373
2026-07-24 15:11:02,8003,0.1,0.1,7.3,   2375
2026-07-24 15:11:04,8003,0.1,0.1,7.3,   2377
2026-07-24 15:11:06,8003,0.1,0.1,7.3,   2379
2026-07-24 15:11:08,8003,0.1,0.1,7.3,   2381
2026-07-24 15:11:10,8003,0.1,0.1,7.3,   2383
2026-07-24 15:11:12,8003,0.1,0.1,7.3,   2385
2026-07-24 15:11:14,8003,0.1,0.1,7.3,   2387
2026-07-24 15:11:17,8003,0.1,0.1,7.3,   2389
2026-07-24 15:11:19,8003,0.1,0.1,7.3,   2391
2026-07-24 15:11:21,8003,0.1,0.1,7.3,   2393
2026-07-24 15:11:23,8003,0.1,0.1,7.3,   2395
2026-07-24 15:11:25,8003,0.1,0.1,7.3,   2397
2026-07-24 15:11:27,8003,0.1,0.1,7.3,   2399
2026-07-24 15:11:29,8003,0.1,0.1,7.3,   2401
2026-07-24 15:11:31,8003,0.1,0.1,7.3,   2403
2026-07-24 15:11:33,8003,0.1,0.1,7.3,   2405
2026-07-24 15:11:35,8003,0.1,0.1,7.3,   2408
2026-07-24 15:11:37,8003,0.1,0.1,7.3,   2410
2026-07-24 15:11:39,8003,0.1,0.1,7.3,   2412
2026-07-24 15:11:41,8003,0.1,0.1,7.3,   2414
2026-07-24 15:11:43,8003,0.1,0.1,7.3,   2416
2026-07-24 15:11:45,8003,0.1,0.1,7.3,   2418
2026-07-24 15:11:47,8003,0.1,0.1,7.3,   2420
2026-07-24 15:11:49,8003,0.1,0.1,7.3,   2422
2026-07-24 15:11:52,8003,0.1,0.1,7.3,   2424
2026-07-24 15:11:54,8003,0.1,0.1,7.3,   2426
2026-07-24 15:11:56,8003,0.1,0.1,7.3,   2428
2026-07-24 15:11:58,8003,0.1,0.1,7.3,   2430
2026-07-24 15:12:00,8003,0.1,0.1,7.3,   2432
2026-07-24 15:12:02,8003,0.1,0.1,7.3,   2434
2026-07-24 15:12:04,8003,0.1,0.1,7.3,   2436
2026-07-24 15:12:06,8003,0.1,0.1,7.3,   2438
2026-07-24 15:12:08,8003,0.1,0.1,7.3,   2441
2026-07-24 15:12:10,8003,0.1,0.1,7.3,   2443
2026-07-24 15:12:12,8003,0.1,0.1,7.3,   2445
2026-07-24 15:12:14,8003,0.1,0.1,7.3,   2447
2026-07-24 15:12:16,8003,0.1,0.1,7.3,   2449
2026-07-24 15:12:18,8003,0.1,0.1,7.3,   2451
2026-07-24 15:12:20,8003,0.1,0.1,7.3,   2453
2026-07-24 15:12:22,8003,0.1,0.1,7.3,   2455
2026-07-24 15:12:25,8003,0.1,0.1,7.3,   2457
2026-07-24 15:12:27,8003,0.1,0.1,7.3,   2459
2026-07-24 15:12:29,8003,0.1,0.1,7.3,   2461
2026-07-24 15:12:31,8003,0.1,0.1,7.3,   2463
2026-07-24 15:12:33,8003,0.1,0.1,7.3,   2465
2026-07-24 15:12:35,8003,0.1,0.1,7.3,   2467
2026-07-24 15:12:37,8003,0.1,0.1,7.3,   2469
2026-07-24 15:12:39,8003,0.1,0.1,7.3,   2471
2026-07-24 15:12:41,8003,0.1,0.1,7.3,   2474
2026-07-24 15:12:43,8003,0.1,0.1,7.3,   2476
2026-07-24 15:12:45,8003,0.1,0.1,7.3,   2478
2026-07-24 15:12:47,8003,0.1,0.1,7.3,   2480
2026-07-24 15:12:49,8003,0.1,0.1,7.3,   2482
2026-07-24 15:12:51,8003,0.1,0.1,7.3,   2484
2026-07-24 15:12:53,8003,0.1,0.1,7.3,   2486
2026-07-24 15:12:55,8003,0.1,0.1,7.3,   2488
2026-07-24 15:12:57,8003,0.1,0.1,7.3,   2490
2026-07-24 15:13:00,8003,0.1,0.1,7.3,   2492
2026-07-24 15:13:02,8003,0.1,0.1,7.3,   2494
2026-07-24 15:13:04,8003,0.1,0.1,7.3,   2496
2026-07-24 15:13:06,8003,0.1,0.1,7.3,   2498
2026-07-24 15:13:08,8003,0.1,0.1,7.3,   2500
2026-07-24 15:13:10,8003,0.1,0.1,7.3,   2502
2026-07-24 15:13:12,8003,0.1,0.1,7.3,   2504
2026-07-24 15:13:14,8003,0.1,0.1,7.3,   2507
2026-07-24 15:13:16,8003,0.1,0.1,7.3,   2509
2026-07-24 15:13:18,8003,0.1,0.1,7.3,   2511
2026-07-24 15:13:20,8003,0.1,0.1,7.3,   2513
2026-07-24 15:13:22,8003,0.1,0.1,7.3,   2515
2026-07-24 15:13:24,8003,0.1,0.1,7.3,   2517
2026-07-24 15:13:26,8003,0.1,0.1,7.3,   2519
2026-07-24 15:13:28,8003,0.1,0.1,7.3,   2521
2026-07-24 15:13:30,8003,0.1,0.1,7.3,   2523
2026-07-24 15:13:33,8003,0.1,0.1,7.3,   2525
2026-07-24 15:13:35,8003,0.1,0.1,7.3,   2527
2026-07-24 15:13:37,8003,0.1,0.1,7.3,   2529
2026-07-24 15:13:39,8003,0.1,0.1,7.3,   2531
2026-07-24 15:13:41,8003,0.1,0.1,7.3,   2533
2026-07-24 15:13:43,8003,0.1,0.1,7.3,   2535
2026-07-24 15:13:45,8003,0.1,0.1,7.3,   2537
2026-07-24 15:13:47,8003,0.1,0.1,7.3,   2539
2026-07-24 15:13:49,8003,0.1,0.1,7.3,   2542
2026-07-24 15:13:51,8003,0.1,0.1,7.3,   2544
2026-07-24 15:13:53,8003,0.1,0.1,7.3,   2546
2026-07-24 15:13:55,8003,0.1,0.1,7.3,   2548
2026-07-24 15:13:57,8003,0.1,0.1,7.3,   2550
2026-07-24 15:13:59,8003,0.1,0.1,7.3,   2552
2026-07-24 15:14:01,8003,0.1,0.1,7.3,   2554
2026-07-24 15:14:03,8003,0.1,0.1,7.3,   2556
2026-07-24 15:14:06,8003,0.1,0.1,7.3,   2558
2026-07-24 15:14:08,8003,0.1,0.1,7.3,   2560
2026-07-24 15:14:10,8003,0.1,0.1,7.3,   2562
2026-07-24 15:14:12,8003,0.1,0.1,7.3,   2564
2026-07-24 15:14:14,8003,0.1,0.1,7.3,   2566
2026-07-24 15:14:16,8003,0.1,0.1,7.3,   2568
2026-07-24 15:14:18,8003,0.1,0.1,7.3,   2570
2026-07-24 15:14:20,8003,0.1,0.1,7.3,   2572
2026-07-24 15:14:22,8003,0.1,0.1,7.3,   2575
2026-07-24 15:14:24,8003,0.1,0.1,7.3,   2577
2026-07-24 15:14:26,8003,0.1,0.1,7.3,   2579
2026-07-24 15:14:28,8003,0.1,0.1,7.3,   2581
2026-07-24 15:14:30,8003,0.1,0.1,7.3,   2583
2026-07-24 15:14:32,8003,0.1,0.1,7.3,   2585
2026-07-24 15:14:34,8003,0.1,0.1,7.3,   2587
2026-07-24 15:14:36,8003,0.1,0.1,7.3,   2589
2026-07-24 15:14:38,8003,0.1,0.1,7.3,   2591
2026-07-24 15:14:41,8003,0.1,0.1,7.3,   2593
2026-07-24 15:14:43,8003,0.1,0.1,7.3,   2595
2026-07-24 15:14:45,8003,0.1,0.1,7.3,   2597
2026-07-24 15:14:47,8003,0.1,0.1,7.3,   2599
2026-07-24 15:14:49,8003,0.1,0.1,7.3,   2601
2026-07-24 15:14:51,8003,0.1,0.1,7.3,   2603
2026-07-24 15:14:53,8003,0.1,0.1,7.3,   2605
2026-07-24 15:14:55,8003,0.1,0.1,7.3,   2608
2026-07-24 15:14:57,8003,0.1,0.1,7.3,   2610
2026-07-24 15:14:59,8003,0.1,0.1,7.3,   2612
2026-07-24 15:15:01,8003,0.1,0.1,7.3,   2614
2026-07-24 15:15:03,8003,0.1,0.1,7.3,   2616
2026-07-24 15:15:05,8003,0.1,0.1,7.3,   2618
2026-07-24 15:15:07,8003,0.1,0.1,7.3,   2620
2026-07-24 15:15:09,8003,0.1,0.1,7.3,   2622
2026-07-24 15:15:12,8003,0.1,0.1,7.3,   2624
2026-07-24 15:15:14,8003,0.1,0.1,7.3,   2626
2026-07-24 15:15:16,8003,0.1,0.1,7.3,   2628
2026-07-24 15:15:18,8003,0.1,0.1,7.3,   2630
2026-07-24 15:15:20,8003,0.1,0.1,7.3,   2632
2026-07-24 15:15:22,8003,0.1,0.1,7.3,   2634
2026-07-24 15:15:24,8003,0.1,0.1,7.3,   2636
2026-07-24 15:15:26,8003,0.1,0.1,7.3,   2639
2026-07-24 15:15:28,8003,0.1,0.1,7.3,   2641
2026-07-24 15:15:30,8003,0.1,0.1,7.3,   2643
2026-07-24 15:15:32,8003,0.1,0.1,7.3,   2645
2026-07-24 15:15:34,8003,0.1,0.1,7.3,   2647
2026-07-24 15:15:36,8003,0.1,0.1,7.3,   2649
2026-07-24 15:15:38,8003,0.1,0.1,7.3,   2651
2026-07-24 15:15:40,8003,0.1,0.1,7.3,   2653
2026-07-24 15:15:42,8003,0.1,0.1,7.3,   2655
2026-07-24 15:15:45,8003,0.1,0.1,7.3,   2657
2026-07-24 15:15:47,8003,0.1,0.1,7.3,   2659
2026-07-24 15:15:49,8003,0.1,0.1,7.3,   2661
2026-07-24 15:15:51,8003,0.1,0.1,7.3,   2663
2026-07-24 15:15:53,8003,0.1,0.1,7.3,   2665
2026-07-24 15:15:55,8003,0.1,0.1,7.3,   2667
2026-07-24 15:15:57,8003,0.1,0.1,7.3,   2669
2026-07-24 15:15:59,8003,0.1,0.1,7.3,   2672
2026-07-24 15:16:01,8003,0.1,0.1,7.3,   2674
2026-07-24 15:16:03,8003,0.1,0.1,7.3,   2676
2026-07-24 15:16:05,8003,0.1,0.1,7.3,   2678
2026-07-24 15:16:07,8003,0.1,0.1,7.3,   2680
2026-07-24 15:16:09,8003,0.1,0.1,7.3,   2682
2026-07-24 15:16:11,8003,0.1,0.1,7.3,   2684
2026-07-24 15:16:13,8003,0.1,0.1,7.3,   2686
2026-07-24 15:16:15,8003,0.1,0.1,7.3,   2688
2026-07-24 15:16:18,8003,0.1,0.1,7.3,   2690
2026-07-24 15:16:20,8003,0.1,0.1,7.3,   2692
2026-07-24 15:16:22,8003,0.1,0.1,7.3,   2694
2026-07-24 15:16:24,8003,0.1,0.1,7.3,   2696
2026-07-24 15:16:26,8003,0.1,0.1,7.3,   2698
2026-07-24 15:16:28,8003,0.1,0.1,7.3,   2700
2026-07-24 15:16:30,8003,0.1,0.1,7.3,   2702
2026-07-24 15:16:32,8003,0.1,0.1,7.3,   2705
2026-07-24 15:16:34,8003,0.1,0.1,7.3,   2707
2026-07-24 15:16:36,8003,0.1,0.1,7.3,   2709
2026-07-24 15:16:38,8003,0.1,0.1,7.3,   2711
2026-07-24 15:16:40,8003,0.1,0.1,7.3,   2713
2026-07-24 15:16:42,8003,0.1,0.1,7.3,   2715
2026-07-24 15:16:44,8003,0.1,0.1,7.3,   2717
2026-07-24 15:16:46,8003,0.1,0.1,7.3,   2719
2026-07-24 15:16:49,8003,0.1,0.1,7.3,   2721
2026-07-24 15:16:51,8003,0.1,0.1,7.3,   2723
2026-07-24 15:16:53,8003,0.1,0.1,7.3,   2725
2026-07-24 15:16:55,8003,0.1,0.1,7.3,   2727
2026-07-24 15:16:57,8003,0.1,0.1,7.3,   2729
2026-07-24 15:16:59,8003,0.1,0.1,7.3,   2731
2026-07-24 15:17:01,8003,0.1,0.1,7.3,   2733
2026-07-24 15:17:03,8003,0.1,0.1,7.3,   2736
2026-07-24 15:17:05,8003,0.1,0.1,7.3,   2738
2026-07-24 15:17:07,8003,0.1,0.1,7.3,   2740
2026-07-24 15:17:09,8003,0.1,0.1,7.3,   2742
2026-07-24 15:17:11,8003,0.1,0.1,7.3,   2744
2026-07-24 15:17:13,8003,0.1,0.1,7.3,   2746
2026-07-24 15:17:15,8003,0.1,0.1,7.3,   2748
2026-07-24 15:17:17,8003,0.1,0.1,7.3,   2750
2026-07-24 15:17:19,8003,0.1,0.1,7.3,   2752
2026-07-24 15:17:22,8003,0.1,0.1,7.3,   2754
2026-07-24 15:17:24,8003,0.1,0.1,7.3,   2756
2026-07-24 15:17:26,8003,0.1,0.1,7.3,   2758
2026-07-24 15:17:28,8003,0.1,0.1,7.3,   2760
2026-07-24 15:17:30,8003,0.1,0.1,7.3,   2762
2026-07-24 15:17:32,8003,0.1,0.1,7.3,   2764
2026-07-24 15:17:34,8003,0.1,0.1,7.3,   2766
2026-07-24 15:17:36,8003,0.1,0.1,7.3,   2769
2026-07-24 15:17:38,8003,0.1,0.1,7.3,   2771
2026-07-24 15:17:40,8003,0.1,0.1,7.3,   2773
2026-07-24 15:17:42,8003,0.1,0.1,7.3,   2775
2026-07-24 15:17:44,8003,0.1,0.1,7.3,   2777
2026-07-24 15:17:46,8003,0.1,0.1,7.3,   2779
2026-07-24 15:17:48,8003,0.1,0.1,7.3,   2781
2026-07-24 15:17:50,8003,0.1,0.1,7.3,   2783
2026-07-24 15:17:53,8003,0.1,0.1,7.3,   2785
2026-07-24 15:17:55,8003,0.1,0.1,7.3,   2787
2026-07-24 15:17:57,8003,0.1,0.1,7.3,   2789
2026-07-24 15:17:59,8003,0.1,0.1,7.3,   2791
2026-07-24 15:18:01,8003,0.1,0.1,7.3,   2793
2026-07-24 15:18:03,8003,0.1,0.1,7.3,   2795
2026-07-24 15:18:05,8003,0.1,0.1,7.3,   2797
2026-07-24 15:18:07,8003,0.1,0.1,7.3,   2800
2026-07-24 15:18:09,8003,0.1,0.1,7.3,   2802
2026-07-24 15:18:11,8003,0.1,0.1,7.3,   2804
2026-07-24 15:18:13,8003,0.1,0.1,7.3,   2806
2026-07-24 15:18:15,8003,0.1,0.1,7.3,   2808
2026-07-24 15:18:17,8003,0.1,0.1,7.3,   2810
2026-07-24 15:18:19,8003,0.1,0.1,7.3,   2812
2026-07-24 15:18:21,8003,0.1,0.1,7.3,   2814
2026-07-24 15:18:24,8003,0.1,0.1,7.3,   2816
2026-07-24 15:18:26,8003,0.1,0.1,7.3,   2818
2026-07-24 15:18:28,8003,0.1,0.1,7.3,   2820
2026-07-24 15:18:30,8003,0.1,0.1,7.3,   2822
2026-07-24 15:18:32,8003,0.1,0.1,7.3,   2824
2026-07-24 15:18:34,8003,0.1,0.1,7.3,   2826
2026-07-24 15:18:36,8003,0.1,0.1,7.3,   2828
2026-07-24 15:18:38,8003,0.1,0.1,7.3,   2830
2026-07-24 15:18:40,8003,0.1,0.1,7.3,   2833
2026-07-24 15:18:42,8003,0.1,0.1,7.3,   2835
2026-07-24 15:18:44,8003,0.1,0.1,7.3,   2837
2026-07-24 15:18:46,8003,0.1,0.1,7.3,   2839
2026-07-24 15:18:48,8003,0.1,0.1,7.3,   2841
2026-07-24 15:18:50,8003,0.1,0.1,7.3,   2843
2026-07-24 15:18:52,8003,0.1,0.1,7.3,   2845
2026-07-24 15:18:54,8003,0.1,0.1,7.3,   2847
2026-07-24 15:18:57,8003,0.1,0.1,7.3,   2849
2026-07-24 15:18:59,8003,0.1,0.1,7.3,   2851
2026-07-24 15:19:01,8003,0.1,0.1,7.3,   2853
2026-07-24 15:19:03,8003,0.1,0.1,7.3,   2855
2026-07-24 15:19:05,8003,0.1,0.1,7.3,   2857
2026-07-24 15:19:07,8003,0.1,0.1,7.3,   2859
2026-07-24 15:19:09,8003,0.1,0.1,7.3,   2861
2026-07-24 15:19:11,8003,0.1,0.1,7.3,   2863
2026-07-24 15:19:13,8003,0.1,0.1,7.3,   2866
2026-07-24 15:19:15,8003,0.1,0.1,7.3,   2868
2026-07-24 15:19:17,8003,0.1,0.1,7.3,   2870
2026-07-24 15:19:19,8003,0.1,0.1,7.3,   2872
2026-07-24 15:19:21,8003,0.1,0.1,7.3,   2874
2026-07-24 15:19:23,8003,0.1,0.1,7.3,   2876
2026-07-24 15:19:25,8003,0.1,0.1,7.3,   2878
2026-07-24 15:19:28,8003,0.1,0.1,7.3,   2880
2026-07-24 15:19:30,8003,0.1,0.1,7.3,   2882
2026-07-24 15:19:32,8003,0.1,0.1,7.3,   2884
2026-07-24 15:19:34,8003,0.1,0.1,7.3,   2886
2026-07-24 15:19:36,8003,0.1,0.1,7.3,   2888
2026-07-24 15:19:38,8003,0.1,0.1,7.3,   2890
2026-07-24 15:19:40,8003,0.1,0.1,7.3,   2892
2026-07-24 15:19:42,8003,0.1,0.1,7.3,   2894
2026-07-24 15:19:44,8003,0.1,0.1,7.3,   2896
2026-07-24 15:19:46,8003,0.1,0.1,7.3,   2899
2026-07-24 15:19:48,8003,0.1,0.1,7.3,   2901
2026-07-24 15:19:50,8003,0.1,0.1,7.3,   2903
2026-07-24 15:19:52,8003,0.1,0.1,7.3,   2905
2026-07-24 15:19:54,8003,0.1,0.1,7.3,   2907
2026-07-24 15:19:54,74897,,,,
2026-07-24 15:19:56,8003,0.1,0.1,7.3,   2909
2026-07-24 15:19:59,8003,0.1,0.1,7.3,   2911
2026-07-24 15:20:01,8003,0.1,0.1,7.3,   2913
2026-07-24 15:20:03,8003,0.1,0.1,7.3,   2915
2026-07-24 15:20:05,8003,0.1,0.1,7.3,   2917
2026-07-24 15:20:07,8003,0.1,0.1,7.3,   2919
2026-07-24 15:20:09,8003,0.1,0.1,7.3,   2921
2026-07-24 15:20:11,8003,0.1,0.1,7.3,   2923
2026-07-24 15:20:13,8003,0.1,0.1,7.3,   2925
2026-07-24 15:20:15,8003,0.1,0.1,7.3,   2928
2026-07-24 15:20:17,8003,0.1,0.1,7.3,   2930
2026-07-24 15:20:19,8003,0.1,0.1,7.3,   2932
2026-07-24 15:20:21,8003,0.1,0.1,7.3,   2934
2026-07-24 15:20:23,8003,0.1,0.1,7.3,   2936
2026-07-24 15:20:25,8003,0.1,0.1,7.3,   2938
2026-07-24 15:20:27,8003,0.1,0.1,7.3,   2940
2026-07-24 15:20:30,8003,0.1,0.1,7.3,   2942
2026-07-24 15:20:32,8003,0.1,0.1,7.3,   2944
2026-07-24 15:20:34,8003,0.1,0.1,7.3,   2946
2026-07-24 15:20:36,8003,0.1,0.1,7.3,   2948
2026-07-24 15:20:38,8003,0.1,0.1,7.3,   2950
2026-07-24 15:20:40,8003,0.1,0.1,7.3,   2952
2026-07-24 15:20:42,8003,0.1,0.1,7.3,   2954
2026-07-24 15:20:44,8003,0.1,0.1,7.3,   2956
2026-07-24 15:20:46,8003,0.1,0.1,7.3,   2958
2026-07-24 15:20:48,8003,0.1,0.1,7.3,   2961
2026-07-24 15:20:50,8003,0.1,0.1,7.3,   2963
2026-07-24 15:20:52,8003,0.1,0.1,7.3,   2965
2026-07-24 15:20:54,8003,0.1,0.1,7.3,   2967
2026-07-24 15:20:56,8003,0.1,0.1,7.3,   2969
2026-07-24 15:20:58,8003,0.1,0.1,7.3,   2971
2026-07-24 15:21:00,8003,0.1,0.1,7.3,   2973
2026-07-24 15:21:02,8003,0.1,0.1,7.3,   2975
2026-07-24 15:21:05,8003,0.1,0.1,7.3,   2977
2026-07-24 15:21:07,8003,0.1,0.1,7.3,   2979
2026-07-24 15:21:09,8003,0.1,0.1,7.3,   2981
2026-07-24 15:21:11,8003,0.1,0.1,7.3,   2983
2026-07-24 15:21:13,8003,0.1,0.1,7.3,   2985
2026-07-24 15:21:15,8003,0.1,0.1,7.3,   2987
2026-07-24 15:21:17,8003,0.1,0.1,7.3,   2989
2026-07-24 15:21:19,8003,0.1,0.1,7.3,   2991
2026-07-24 15:21:21,8003,0.1,0.1,7.3,   2994
2026-07-24 15:21:23,8003,0.1,0.1,7.3,   2996
2026-07-24 15:21:25,8003,0.1,0.1,7.3,   2998
2026-07-24 15:21:27,8003,0.1,0.1,7.3,   3000
2026-07-24 15:21:29,8003,0.1,0.1,7.3,   3002
2026-07-24 15:21:31,8003,0.1,0.1,7.3,   3004
2026-07-24 15:21:33,8003,0.1,0.1,7.3,   3006
2026-07-24 15:21:35,8003,0.1,0.1,7.3,   3008
2026-07-24 15:21:38,8003,0.1,0.1,7.3,   3010
2026-07-24 15:21:40,8003,0.1,0.1,7.3,   3012
2026-07-24 15:21:42,8003,0.1,0.1,7.3,   3014
2026-07-24 15:21:44,8003,0.1,0.1,7.3,   3016
2026-07-24 15:21:46,8003,0.1,0.1,7.3,   3018
2026-07-24 15:21:48,8003,0.1,0.1,7.3,   3020
2026-07-24 15:21:50,8003,0.1,0.1,7.3,   3022
2026-07-24 15:21:52,8003,0.1,0.1,7.3,   3024
2026-07-24 15:21:54,8003,0.1,0.1,7.3,   3027
2026-07-24 15:21:56,8003,0.1,0.1,7.3,   3029
2026-07-24 15:21:58,8003,0.1,0.2,7.3,   3031
2026-07-24 15:22:00,8003,0.1,0.1,7.3,   3033
2026-07-24 15:22:02,8003,0.1,0.1,7.3,   3035
2026-07-24 15:22:04,8003,0.1,0.1,7.3,   3037
2026-07-24 15:22:06,8003,0.1,0.1,7.3,   3039
2026-07-24 15:22:08,8003,0.1,0.1,7.3,   3041
2026-07-24 15:22:11,8003,0.1,0.1,7.3,   3043
2026-07-24 15:22:13,8003,0.1,0.1,7.3,   3045
2026-07-24 15:22:15,8003,0.1,0.1,7.3,   3047
2026-07-24 15:22:17,8003,0.1,0.1,7.3,   3049
2026-07-24 15:22:19,8003,0.1,0.1,7.3,   3051
2026-07-24 15:22:21,8003,0.1,0.1,7.3,   3053
2026-07-24 15:22:23,8003,0.1,0.1,7.3,   3055
2026-07-24 15:22:25,8003,0.1,0.1,7.3,   3057
2026-07-24 15:22:27,8003,0.1,0.1,7.3,   3059
2026-07-24 15:22:29,8003,0.1,0.1,7.3,   3062
2026-07-24 15:22:31,8003,0.1,0.1,7.3,   3064
2026-07-24 15:22:33,8003,0.1,0.1,7.3,   3066
2026-07-24 15:22:35,8003,0.1,0.1,7.3,   3068
2026-07-24 15:22:37,8003,0.1,0.1,7.3,   3070
2026-07-24 15:22:39,8003,0.1,0.1,7.3,   3072
2026-07-24 15:22:41,8003,0.1,0.1,7.3,   3074
2026-07-24 15:22:43,8003,0.1,0.1,7.3,   3076
2026-07-24 15:22:46,8003,0.1,0.1,7.3,   3078
2026-07-24 15:22:48,8003,0.1,0.1,7.3,   3080
2026-07-24 15:22:50,8003,0.1,0.1,7.3,   3082
2026-07-24 15:22:52,8003,0.1,0.1,7.3,   3084
2026-07-24 15:22:54,8003,0.1,0.1,7.3,   3086
2026-07-24 15:22:56,8003,0.1,0.1,7.3,   3088
2026-07-24 15:22:58,8003,0.1,0.1,7.3,   3090
2026-07-24 15:23:00,8003,0.1,0.1,7.3,   3093
2026-07-24 15:23:02,8003,0.1,0.1,7.3,   3095
2026-07-24 15:23:04,8003,0.1,0.1,7.3,   3097
2026-07-24 15:23:06,8003,0.1,0.1,7.3,   3099
2026-07-24 15:23:08,8003,0.1,0.1,7.3,   3101
2026-07-24 15:23:10,8003,0.1,0.1,7.3,   3103
2026-07-24 15:23:12,8003,0.1,0.1,7.3,   3105
2026-07-24 15:23:14,8003,0.1,0.1,7.3,   3107
2026-07-24 15:23:17,8003,0.1,0.1,7.3,   3109
2026-07-24 15:23:19,8003,0.1,0.1,7.3,   3111
2026-07-24 15:23:21,8003,0.1,0.1,7.3,   3113
2026-07-24 15:23:23,8003,0.1,0.1,7.3,   3115
2026-07-24 15:23:25,8003,0.1,0.1,7.3,   3117
2026-07-24 15:23:27,8003,0.1,0.1,7.3,   3119
2026-07-24 15:23:29,8003,0.1,0.1,7.3,   3121
2026-07-24 15:23:31,8003,0.1,0.1,7.3,   3123
2026-07-24 15:23:33,8003,0.1,0.1,7.3,   3126
2026-07-24 15:23:35,8003,0.1,0.1,7.3,   3128
2026-07-24 15:23:37,8003,0.1,0.1,7.3,   3130
2026-07-24 15:23:39,8003,0.1,0.1,7.3,   3132
2026-07-24 15:23:41,8003,0.1,0.1,7.3,   3134
2026-07-24 15:23:43,8003,0.1,0.1,7.3,   3136
2026-07-24 15:23:45,8003,0.1,0.1,7.3,   3138
2026-07-24 15:23:47,8003,0.1,0.1,7.3,   3140
2026-07-24 15:23:50,8003,0.1,0.1,7.3,   3142
2026-07-24 15:23:52,8003,0.1,0.1,7.3,   3144
2026-07-24 15:23:54,8003,0.1,0.1,7.3,   3146
2026-07-24 15:23:56,8003,0.1,0.1,7.3,   3148
2026-07-24 15:23:58,8003,0.1,0.1,7.3,   3150
2026-07-24 15:24:00,8003,0.1,0.1,7.3,   3152
2026-07-24 15:24:02,8003,0.1,0.1,7.3,   3154
2026-07-24 15:24:04,8003,0.1,0.1,7.3,   3156
2026-07-24 15:24:06,8003,0.1,0.1,7.3,   3159
2026-07-24 15:24:08,8003,0.1,0.1,7.3,   3161
2026-07-24 15:24:10,8003,0.1,0.1,7.3,   3163
2026-07-24 15:24:12,8003,0.1,0.1,7.3,   3165
2026-07-24 15:24:14,8003,0.1,0.1,7.3,   3167
2026-07-24 15:24:16,8003,0.1,0.1,7.3,   3169
2026-07-24 15:24:18,8003,0.1,0.1,7.3,   3171
2026-07-24 15:24:20,8003,0.1,0.1,7.3,   3173
2026-07-24 15:24:23,8003,0.1,0.1,7.3,   3175
2026-07-24 15:24:25,8003,0.1,0.1,7.3,   3177
2026-07-24 15:24:27,8003,0.1,0.1,7.3,   3179
2026-07-24 15:24:29,8003,0.1,0.1,7.3,   3181
2026-07-24 15:24:31,8003,0.1,0.1,7.3,   3183
2026-07-24 15:24:33,8003,0.1,0.1,7.3,   3185
2026-07-24 15:24:35,8003,0.1,0.1,7.3,   3187
2026-07-24 15:24:37,8003,0.1,0.1,7.3,   3189
2026-07-24 15:24:39,8003,0.1,0.1,7.3,   3192
2026-07-24 15:24:41,8003,0.1,0.1,7.3,   3194
2026-07-24 15:24:43,8003,0.1,0.1,7.3,   3196
2026-07-24 15:24:45,8003,0.1,0.1,7.3,   3198
2026-07-24 15:24:47,8003,0.1,0.1,7.3,   3200
2026-07-24 15:24:49,8003,0.1,0.1,7.3,   3202
2026-07-24 15:24:51,8003,0.1,0.1,7.3,   3204
2026-07-24 15:24:53,8003,0.1,0.1,7.3,   3206
2026-07-24 15:24:56,8003,0.1,0.1,7.3,   3208
2026-07-24 15:24:58,8003,0.1,0.1,7.3,   3210
2026-07-24 15:25:00,8003,0.1,0.1,7.3,   3212
2026-07-24 15:25:02,8003,0.1,0.1,7.3,   3214
2026-07-24 15:25:04,8003,0.1,0.1,7.3,   3216
2026-07-24 15:25:06,8003,0.1,0.1,7.3,   3218
2026-07-24 15:25:08,8003,0.1,0.1,7.3,   3220
2026-07-24 15:25:10,8003,0.1,0.1,7.3,   3222
2026-07-24 15:25:12,8003,0.1,0.1,7.3,   3225
2026-07-24 15:25:14,8003,0.1,0.1,7.3,   3227
2026-07-24 15:25:16,8003,0.1,0.1,7.3,   3229
2026-07-24 15:25:18,8003,0.1,0.1,7.3,   3231
2026-07-24 15:25:20,8003,0.1,0.1,7.3,   3233
2026-07-24 15:25:22,8003,0.1,0.1,7.3,   3235
2026-07-24 15:25:24,8003,0.1,0.1,7.3,   3237
2026-07-24 15:25:26,8003,0.1,0.1,7.3,   3239
2026-07-24 15:25:29,8003,0.1,0.1,7.3,   3241
2026-07-24 15:25:31,8003,0.1,0.1,7.3,   3243
2026-07-24 15:25:33,8003,0.1,0.1,7.3,   3245
2026-07-24 15:25:35,8003,0.1,0.1,7.3,   3247
2026-07-24 15:25:37,8003,0.1,0.1,7.3,   3249
2026-07-24 15:25:39,8003,0.1,0.1,7.3,   3251
2026-07-24 15:25:41,8003,0.1,0.1,7.3,   3253
2026-07-24 15:25:43,8003,0.1,0.1,7.3,   3255
2026-07-24 15:25:45,8003,0.1,0.1,7.3,   3258
2026-07-24 15:25:47,8003,0.1,0.1,7.3,   3260
2026-07-24 15:25:49,8003,0.1,0.1,7.3,   3262
2026-07-24 15:25:51,8003,0.1,0.1,7.3,   3264
2026-07-24 15:25:53,8003,0.1,0.1,7.3,   3266
2026-07-24 15:25:55,8003,0.1,0.1,7.3,   3268
2026-07-24 15:25:57,8003,0.1,0.1,7.3,   3270
2026-07-24 15:25:59,8003,0.1,0.1,7.3,   3272
2026-07-24 15:26:02,8003,0.1,0.1,7.3,   3274
2026-07-24 15:26:04,8003,0.1,0.1,7.3,   3276
2026-07-24 15:26:06,8003,0.1,0.1,7.3,   3278
2026-07-24 15:26:08,8003,0.1,0.1,7.3,   3280
2026-07-24 15:26:10,8003,0.1,0.1,7.3,   3282
2026-07-24 15:26:12,8003,0.1,0.1,7.3,   3284
2026-07-24 15:26:14,8003,0.1,0.1,7.3,   3286
2026-07-24 15:26:16,8003,0.1,0.1,7.3,   3288
2026-07-24 15:26:18,8003,0.1,0.1,7.3,   3291
2026-07-24 15:26:20,8003,0.1,0.1,7.3,   3293
2026-07-24 15:26:22,8003,0.1,0.1,7.3,   3295
2026-07-24 15:26:24,8003,0.1,0.1,7.3,   3297
2026-07-24 15:26:26,8003,0.1,0.1,7.3,   3299
2026-07-24 15:26:28,8003,0.1,0.1,7.3,   3301
2026-07-24 15:26:30,8003,0.1,0.1,7.3,   3303
2026-07-24 15:26:32,8003,0.1,0.1,7.3,   3305
2026-07-24 15:26:35,8003,0.1,0.1,7.3,   3307
2026-07-24 15:26:37,8003,0.1,0.1,7.3,   3309
2026-07-24 15:26:39,8003,0.1,0.1,7.3,   3311
2026-07-24 15:26:41,8003,0.1,0.1,7.3,   3313
2026-07-24 15:26:43,8003,0.1,0.1,7.3,   3315
2026-07-24 15:26:45,8003,0.1,0.1,7.3,   3317
2026-07-24 15:26:47,8003,0.1,0.1,7.3,   3319
2026-07-24 15:26:49,8003,0.1,0.1,7.3,   3321
2026-07-24 15:26:51,8003,0.1,0.1,7.3,   3324
2026-07-24 15:26:53,8003,0.1,0.1,7.3,   3326
2026-07-24 15:26:55,8003,0.1,0.1,7.3,   3328
2026-07-24 15:26:57,8003,0.1,0.1,7.3,   3330
2026-07-24 15:26:59,8003,0.1,0.1,7.3,   3332
2026-07-24 15:27:01,8003,0.1,0.1,7.3,   3334
2026-07-24 15:27:03,8003,0.1,0.1,7.3,   3336
2026-07-24 15:27:05,8003,0.1,0.1,7.3,   3338
2026-07-24 15:27:08,8003,0.1,0.1,7.3,   3340
2026-07-24 15:27:10,8003,0.1,0.1,7.3,   3342
2026-07-24 15:27:12,8003,0.1,0.1,7.3,   3344
2026-07-24 15:27:14,8003,0.1,0.1,7.3,   3346
2026-07-24 15:27:16,8003,0.1,0.1,7.3,   3348
2026-07-24 15:27:18,8003,0.1,0.1,7.3,   3350
2026-07-24 15:27:20,8003,0.1,0.1,7.3,   3352
2026-07-24 15:27:22,8003,0.1,0.1,7.3,   3355
2026-07-24 15:27:24,8003,0.1,0.1,7.3,   3357
2026-07-24 15:27:26,8003,0.1,0.1,7.3,   3359
2026-07-24 15:27:28,8003,0.1,0.1,7.3,   3361
2026-07-24 15:27:30,8003,0.1,0.1,7.3,   3363
2026-07-24 15:27:32,8003,0.1,0.1,7.3,   3365
2026-07-24 15:27:34,8003,0.1,0.1,7.3,   3367
2026-07-24 15:27:36,8003,0.1,0.1,7.3,   3369
2026-07-24 15:27:38,8003,0.1,0.1,7.3,   3371
2026-07-24 15:27:41,8003,0.1,0.1,7.3,   3373
2026-07-24 15:27:43,8003,0.1,0.1,7.3,   3375
2026-07-24 15:27:45,8003,0.1,0.1,7.3,   3377
2026-07-24 15:27:47,8003,0.1,0.1,7.3,   3379
2026-07-24 15:27:49,8003,0.1,0.1,7.3,   3381
2026-07-24 15:27:51,8003,0.1,0.1,7.3,   3383
2026-07-24 15:27:53,8003,0.1,0.1,7.3,   3385
2026-07-24 15:27:55,8003,0.1,0.1,7.3,   3387
2026-07-24 15:27:57,8003,0.1,0.1,7.3,   3390
2026-07-24 15:27:59,8003,0.1,0.1,7.3,   3392
2026-07-24 15:28:01,8003,0.1,0.1,7.3,   3394
2026-07-24 15:28:03,8003,0.1,0.1,7.3,   3396
2026-07-24 15:28:05,8003,0.1,0.1,7.3,   3398
2026-07-24 15:28:07,8003,0.1,0.1,7.3,   3400
2026-07-24 15:28:09,8003,0.1,0.1,7.3,   3402
2026-07-24 15:28:11,8003,0.1,0.1,7.3,   3404
2026-07-24 15:28:14,8003,0.1,0.1,7.3,   3406
2026-07-24 15:28:16,8003,0.1,0.1,7.3,   3408
2026-07-24 15:28:18,8003,0.1,0.1,7.3,   3410
2026-07-24 15:28:20,8003,0.1,0.1,7.3,   3412
2026-07-24 15:28:22,8003,0.1,0.1,7.3,   3414
2026-07-24 15:28:24,8003,0.1,0.1,7.3,   3416
2026-07-24 15:28:26,8003,0.1,0.1,7.3,   3418
2026-07-24 15:28:28,8003,0.1,0.1,7.3,   3420
2026-07-24 15:28:30,8003,0.1,0.1,7.3,   3423
2026-07-24 15:28:32,8003,0.1,0.1,7.3,   3425
2026-07-24 15:28:34,8003,0.1,0.1,7.3,   3427
2026-07-24 15:28:36,8003,0.1,0.1,7.3,   3429
2026-07-24 15:28:38,8003,0.1,0.1,7.3,   3431
2026-07-24 15:28:40,8003,0.1,0.1,7.3,   3433
2026-07-24 15:28:42,8003,0.1,0.1,7.3,   3435
2026-07-24 15:28:44,8003,0.1,0.1,7.3,   3437
2026-07-24 15:28:47,8003,0.1,0.1,7.3,   3439
2026-07-24 15:28:49,8003,0.1,0.1,7.3,   3441
2026-07-24 15:28:51,8003,0.1,0.1,7.3,   3443
2026-07-24 15:28:53,8003,0.1,0.1,7.3,   3445
2026-07-24 15:28:55,8003,0.1,0.1,7.3,   3447
2026-07-24 15:28:57,8003,0.1,0.1,7.3,   3449
2026-07-24 15:28:59,8003,0.1,0.1,7.3,   3451
2026-07-24 15:29:01,8003,0.1,0.1,7.3,   3453
2026-07-24 15:29:03,8003,0.1,0.1,7.3,   3456
2026-07-24 15:29:05,8003,0.1,0.1,7.3,   3458
2026-07-24 15:29:07,8003,0.1,0.1,7.3,   3460
2026-07-24 15:29:09,8003,0.1,0.1,7.3,   3462
2026-07-24 15:29:11,8003,0.1,0.1,7.3,   3464
2026-07-24 15:29:13,8003,0.1,0.1,7.3,   3466
2026-07-24 15:29:15,8003,0.1,0.1,7.3,   3468
2026-07-24 15:29:17,8003,0.1,0.1,7.3,   3470
2026-07-24 15:29:20,8003,0.1,0.1,7.3,   3472
2026-07-24 15:29:22,8003,0.1,0.1,7.3,   3474
2026-07-24 15:29:24,8003,0.1,0.1,7.3,   3476
2026-07-24 15:29:26,8003,0.1,0.1,7.3,   3478
2026-07-24 15:29:28,8003,0.1,0.1,7.3,   3480
2026-07-24 15:29:30,8003,0.1,0.1,7.3,   3482
2026-07-24 15:29:32,8003,0.1,0.1,7.3,   3484
2026-07-24 15:29:34,8003,0.1,0.1,7.3,   3486
2026-07-24 15:29:36,8003,0.1,0.1,7.3,   3489
2026-07-24 15:29:38,8003,0.1,0.1,7.3,   3491
2026-07-24 15:29:40,8003,0.1,0.1,7.3,   3493
2026-07-24 15:29:42,8003,0.1,0.1,7.3,   3495
2026-07-24 15:29:44,8003,0.1,0.1,7.3,   3497
2026-07-24 15:29:46,8003,0.1,0.1,7.3,   3499
2026-07-24 15:29:48,8003,0.1,0.1,7.3,   3501
2026-07-24 15:29:50,8003,0.1,0.1,7.3,   3503
2026-07-24 15:29:53,8003,0.1,0.1,7.3,   3505
2026-07-24 15:29:55,8003,0.1,0.1,7.3,   3507
2026-07-24 15:29:57,8003,0.1,0.1,7.3,   3509
2026-07-24 15:29:59,8003,0.1,0.1,7.3,   3511
2026-07-24 15:30:01,8003,0.1,0.1,7.3,   3513
2026-07-24 15:30:03,8003,0.1,0.1,7.3,   3515
2026-07-24 15:30:05,8003,0.1,0.1,7.3,   3517
2026-07-24 15:30:07,8003,0.1,0.1,7.3,   3519
2026-07-24 15:30:09,8003,0.1,0.1,7.3,   3522
2026-07-24 15:30:11,8003,0.1,0.1,7.3,   3524
2026-07-24 15:30:13,8003,0.1,0.1,7.3,   3526
2026-07-24 15:30:15,8003,0.1,0.1,7.3,   3528
2026-07-24 15:30:17,8003,0.1,0.1,7.3,   3530
2026-07-24 15:30:19,8003,0.1,0.1,7.3,   3532
2026-07-24 15:30:21,8003,0.1,0.1,7.3,   3534
2026-07-24 15:30:23,8003,0.1,0.1,7.3,   3536
2026-07-24 15:30:26,8003,0.1,0.1,7.3,   3538
2026-07-24 15:30:28,8003,0.1,0.1,7.3,   3540
2026-07-24 15:30:30,8003,0.1,0.1,7.3,   3542
2026-07-24 15:30:32,8003,0.1,0.1,7.3,   3544
2026-07-24 15:30:34,8003,0.1,0.1,7.3,   3546
2026-07-24 15:30:36,8003,0.1,0.1,7.3,   3548
2026-07-24 15:30:38,8003,0.1,0.1,7.3,   3550
2026-07-24 15:30:40,8003,0.1,0.1,7.3,   3552
2026-07-24 15:30:42,8003,0.1,0.1,7.3,   3555
2026-07-24 15:30:44,8003,0.1,0.1,7.3,   3557
2026-07-24 15:30:46,8003,0.1,0.1,7.3,   3559
2026-07-24 15:30:48,8003,0.1,0.1,7.3,   3561
2026-07-24 15:30:50,8003,0.1,0.1,7.3,   3563
2026-07-24 15:30:52,8003,0.1,0.1,7.3,   3565
2026-07-24 15:30:54,8003,0.1,0.1,7.3,   3567
2026-07-24 15:30:56,8003,0.1,0.1,7.3,   3569
2026-07-24 15:30:58,8003,0.1,0.1,7.3,   3571
2026-07-24 15:31:01,8003,0.1,0.1,7.3,   3573
2026-07-24 15:31:03,8003,0.1,0.1,7.3,   3575
2026-07-24 15:31:05,8003,0.1,0.1,7.3,   3577
2026-07-24 15:31:07,8003,0.1,0.1,7.3,   3579
2026-07-24 15:31:09,8003,0.1,0.1,7.3,   3581
2026-07-24 15:31:11,8003,0.1,0.1,7.3,   3583
2026-07-24 15:31:13,8003,0.1,0.1,7.3,   3585
2026-07-24 15:31:15,8003,0.1,0.1,7.3,   3587
2026-07-24 15:31:17,8003,0.1,0.1,7.3,   3590
2026-07-24 15:31:19,8003,0.1,0.1,7.3,   3592
2026-07-24 15:31:21,8003,0.1,0.1,7.3,   3594
2026-07-24 15:31:23,8003,0.1,0.1,7.3,   3596
2026-07-24 15:31:25,8003,0.1,0.1,7.3,   3598
2026-07-24 15:31:27,8003,0.1,0.1,7.3,   3600
2026-07-24 15:31:29,8003,0.1,0.1,7.3,   3602
2026-07-24 15:31:31,8003,0.1,0.1,7.3,   3604
2026-07-24 15:31:34,8003,0.1,0.1,7.3,   3606
2026-07-24 15:31:36,8003,0.1,0.1,7.3,   3608
2026-07-24 15:31:38,8003,0.1,0.1,7.3,   3610
2026-07-24 15:31:40,8003,0.1,0.1,7.3,   3612
2026-07-24 15:31:42,8003,0.1,0.1,7.3,   3614
2026-07-24 15:31:44,8003,0.1,0.1,7.3,   3616
2026-07-24 15:31:46,8003,0.1,0.1,7.3,   3618
2026-07-24 15:31:48,8003,0.1,0.1,7.3,   3620
2026-07-24 15:31:50,8003,0.1,0.1,7.3,   3623
2026-07-24 15:31:52,8003,0.1,0.1,7.3,   3625
2026-07-24 15:31:54,8003,0.1,0.1,7.3,   3627
2026-07-24 15:31:56,8003,0.1,0.1,7.3,   3629
2026-07-24 15:31:58,8003,0.1,0.1,7.3,   3631
2026-07-24 15:32:00,8003,0.1,0.1,7.3,   3633
2026-07-24 15:32:02,8003,0.1,0.1,7.3,   3635
2026-07-24 15:32:04,8003,0.1,0.1,7.3,   3637
2026-07-24 15:32:06,8003,0.1,0.1,7.3,   3639
2026-07-24 15:32:09,8003,0.1,0.1,7.3,   3641
2026-07-24 15:32:11,8003,0.1,0.1,7.3,   3643
2026-07-24 15:32:13,8003,0.1,0.1,7.3,   3645
2026-07-24 15:32:15,8003,0.1,0.1,7.3,   3647
2026-07-24 15:32:17,8003,0.1,0.1,7.3,   3649
2026-07-24 15:32:19,8003,0.1,0.1,7.3,   3651
2026-07-24 15:32:21,8003,0.1,0.1,7.3,   3653
2026-07-24 15:32:23,8003,0.1,0.1,7.3,   3656
2026-07-24 15:32:25,8003,0.1,0.1,7.3,   3658
2026-07-24 15:32:27,8003,0.1,0.1,7.3,   3660
2026-07-24 15:32:29,8003,0.1,0.1,7.3,   3662
2026-07-24 15:32:31,8003,0.1,0.1,7.3,   3664
2026-07-24 15:32:33,8003,0.1,0.1,7.3,   3666
2026-07-24 15:32:35,8003,0.1,0.1,7.3,   3668
2026-07-24 15:32:37,8003,0.1,0.1,7.3,   3670
2026-07-24 15:32:39,8003,0.1,0.1,7.3,   3672
2026-07-24 15:32:42,8003,0.1,0.1,7.3,   3674
2026-07-24 15:32:44,8003,0.1,0.1,7.3,   3676
2026-07-24 15:32:46,8003,0.1,0.1,7.3,   3678
2026-07-24 15:32:48,8003,0.1,0.1,7.3,   3680
2026-07-24 15:32:50,8003,0.1,0.1,7.3,   3682
2026-07-24 15:32:52,8003,0.1,0.1,7.3,   3684
2026-07-24 15:32:54,8003,0.1,0.1,7.3,   3686
2026-07-24 15:32:56,8003,0.1,0.1,7.3,   3689
2026-07-24 15:32:58,8003,0.1,0.1,7.3,   3691
2026-07-24 15:33:00,8003,0.1,0.1,7.3,   3693
2026-07-24 15:33:02,8003,0.1,0.1,7.3,   3695
2026-07-24 15:33:04,8003,0.1,0.1,7.3,   3697
2026-07-24 15:33:06,8003,0.1,0.1,7.3,   3699
2026-07-24 15:33:08,8003,0.1,0.1,7.3,   3701
2026-07-24 15:33:10,8003,0.1,0.1,7.3,   3703
2026-07-24 15:33:12,8003,0.1,0.1,7.3,   3705
2026-07-24 15:33:15,8003,0.1,0.1,7.3,   3707
2026-07-24 15:33:17,8003,0.1,0.1,7.3,   3709
2026-07-24 15:33:19,8003,0.1,0.1,7.3,   3711
2026-07-24 15:33:21,8003,0.1,0.1,7.3,   3713
2026-07-24 15:33:23,8003,0.1,0.1,7.3,   3715
2026-07-24 15:33:25,8003,0.1,0.1,7.3,   3717
2026-07-24 15:33:27,8003,0.1,0.1,7.3,   3719
2026-07-24 15:33:29,8003,0.1,0.1,7.3,   3722
2026-07-24 15:33:31,8003,0.1,0.1,7.3,   3724
2026-07-24 15:33:33,8003,0.1,0.1,7.3,   3726
2026-07-24 15:33:35,8003,0.1,0.1,7.3,   3728
2026-07-24 15:33:37,8003,0.1,0.1,7.3,   3730
2026-07-24 15:33:39,8003,0.1,0.1,7.3,   3732
2026-07-24 15:33:41,8003,0.1,0.1,7.3,   3734
2026-07-24 15:33:43,8003,0.1,0.1,7.3,   3736
2026-07-24 15:33:45,8003,0.1,0.1,7.3,   3738
2026-07-24 15:33:48,8003,0.1,0.1,7.3,   3740
2026-07-24 15:33:50,8003,0.1,0.1,7.3,   3742
2026-07-24 15:33:52,8003,0.1,0.1,7.3,   3744
2026-07-24 15:33:54,8003,0.1,0.1,7.3,   3746
2026-07-24 15:33:56,8003,0.1,0.1,7.3,   3748
2026-07-24 15:33:58,8003,0.1,0.1,7.3,   3750
2026-07-24 15:34:00,8003,0.1,0.1,7.3,   3753
2026-07-24 15:34:02,8003,0.1,0.1,7.3,   3755
2026-07-24 15:34:04,8003,0.1,0.1,7.3,   3757
2026-07-24 15:34:06,8003,0.1,0.1,7.3,   3759
2026-07-24 15:34:08,8003,0.1,0.1,7.3,   3761
2026-07-24 15:34:10,8003,0.1,0.1,7.3,   3763
2026-07-24 15:34:12,8003,0.1,0.1,7.3,   3765
2026-07-24 15:34:14,8003,0.1,0.1,7.3,   3767
2026-07-24 15:34:17,8003,0.1,0.1,7.3,   3769
2026-07-24 15:34:19,8003,0.1,0.1,7.3,   3771
2026-07-24 15:34:21,8003,0.1,0.1,7.3,   3773
2026-07-24 15:34:23,8003,0.1,0.1,7.3,   3775
2026-07-24 15:34:25,8003,0.1,0.1,7.3,   3777
2026-07-24 15:34:27,8003,0.1,0.1,7.3,   3779
2026-07-24 15:34:29,8003,0.1,0.1,7.3,   3781
2026-07-24 15:34:31,8003,0.1,0.1,7.3,   3783
2026-07-24 15:34:33,8003,0.1,0.1,7.3,   3786
2026-07-24 15:34:35,8003,0.1,0.1,7.3,   3788
2026-07-24 15:34:37,8003,0.1,0.1,7.3,   3790
2026-07-24 15:34:39,8003,0.1,0.1,7.3,   3792
2026-07-24 15:34:41,8003,0.1,0.1,7.3,   3794
2026-07-24 15:34:43,8003,0.1,0.1,7.3,   3796
2026-07-24 15:34:45,8003,0.1,0.1,7.3,   3798
2026-07-24 15:34:47,8003,0.1,0.1,7.3,   3800
2026-07-24 15:34:50,8003,0.1,0.1,7.3,   3802
2026-07-24 15:34:52,8003,0.1,0.1,7.3,   3804
2026-07-24 15:34:54,8003,0.1,0.1,7.3,   3806
2026-07-24 15:34:56,8003,0.1,0.1,7.3,   3808
2026-07-24 15:34:58,8003,0.1,0.1,7.3,   3810
2026-07-24 15:35:00,8003,0.1,0.1,7.3,   3812
2026-07-24 15:35:02,8003,0.1,0.1,7.3,   3815
2026-07-24 15:35:04,8003,0.1,0.1,7.3,   3817
2026-07-24 15:35:06,8003,0.1,0.1,7.3,   3819
2026-07-24 15:35:08,8003,0.1,0.1,7.3,   3821
2026-07-24 15:35:10,8003,0.1,0.1,7.3,   3823
2026-07-24 15:35:12,8003,0.1,0.1,7.3,   3825
2026-07-24 15:35:14,8003,0.1,0.1,7.3,   3827
2026-07-24 15:35:16,8003,0.1,0.1,7.3,   3829
2026-07-24 15:35:18,8003,0.1,0.1,7.3,   3831
2026-07-24 15:35:21,8003,0.1,0.1,7.3,   3833
2026-07-24 15:35:23,8003,0.1,0.1,7.3,   3835
2026-07-24 15:35:25,8003,0.1,0.1,7.3,   3837
2026-07-24 15:35:27,8003,0.1,0.1,7.3,   3839
2026-07-24 15:35:29,8003,0.1,0.1,7.3,   3841
2026-07-24 15:35:31,8003,0.1,0.1,7.3,   3843
2026-07-24 15:35:33,8003,0.1,0.1,7.3,   3845
2026-07-24 15:35:35,8003,0.1,0.1,7.3,   3848
2026-07-24 15:35:37,8003,0.1,0.1,7.3,   3850
2026-07-24 15:35:39,8003,0.1,0.1,7.3,   3852
2026-07-24 15:35:41,8003,0.1,0.1,7.3,   3854
2026-07-24 15:35:43,8003,0.1,0.1,7.3,   3856
2026-07-24 15:35:45,8003,0.1,0.1,7.3,   3858
2026-07-24 15:35:47,8003,0.1,0.1,7.3,   3860
2026-07-24 15:35:49,8003,0.1,0.1,7.3,   3862
2026-07-24 15:35:52,8003,0.1,0.1,7.3,   3864
2026-07-24 15:35:54,8003,0.1,0.1,7.3,   3866
2026-07-24 15:35:56,8003,0.1,0.1,7.3,   3868
2026-07-24 15:35:58,8003,0.1,0.1,7.3,   3870
2026-07-24 15:36:00,8003,0.1,0.1,7.3,   3872
2026-07-24 15:36:02,8003,0.1,0.1,7.3,   3874
2026-07-24 15:36:04,8003,0.1,0.1,7.3,   3876
2026-07-24 15:36:06,8003,0.1,0.1,7.3,   3879
2026-07-24 15:36:08,8003,0.1,0.1,7.3,   3881
2026-07-24 15:36:10,8003,0.1,0.1,7.3,   3883
2026-07-24 15:36:12,8003,0.1,0.1,7.3,   3885
2026-07-24 15:36:14,8003,0.1,0.1,7.3,   3887
2026-07-24 15:36:16,8003,0.1,0.1,7.3,   3889
2026-07-24 15:36:18,8003,0.1,0.1,7.3,   3891
2026-07-24 15:36:20,8003,0.1,0.1,7.3,   3893
2026-07-24 15:36:22,8003,0.1,0.1,7.3,   3895
2026-07-24 15:36:25,8003,0.1,0.1,7.3,   3897
2026-07-24 15:36:27,8003,0.1,0.1,7.3,   3899
2026-07-24 15:36:29,8003,0.1,0.1,7.3,   3901
2026-07-24 15:36:31,8003,0.1,0.1,7.3,   3903
2026-07-24 15:36:33,8003,0.1,0.1,7.3,   3905
2026-07-24 15:36:35,8003,0.1,0.1,7.3,   3907
2026-07-24 15:36:37,8003,0.1,0.1,7.3,   3909
2026-07-24 15:36:39,8003,0.1,0.1,7.3,   3912
2026-07-24 15:36:41,8003,0.1,0.1,7.3,   3914
2026-07-24 15:36:43,8003,0.1,0.1,7.3,   3916
2026-07-24 15:36:45,8003,0.1,0.1,7.3,   3918
2026-07-24 15:36:47,8003,0.1,0.1,7.3,   3920
2026-07-24 15:36:49,8003,0.1,0.1,7.3,   3922
2026-07-24 15:36:51,8003,0.1,0.1,7.3,   3924
2026-07-24 15:36:53,8003,0.1,0.2,7.3,   3926
2026-07-24 15:36:56,8003,0.1,0.1,7.3,   3928
2026-07-24 15:36:58,8003,0.1,0.1,7.3,   3930
2026-07-24 15:37:00,8003,0.1,0.1,7.3,   3932
2026-07-24 15:37:02,8003,0.1,0.1,7.3,   3934
2026-07-24 15:37:04,8003,0.1,0.1,7.3,   3936
2026-07-24 15:37:06,8003,0.1,0.1,7.3,   3938
2026-07-24 15:37:08,8003,0.1,0.1,7.3,   3940
2026-07-24 15:37:10,8003,0.1,0.1,7.3,   3942
2026-07-24 15:37:12,8003,0.1,0.1,7.3,   3945
2026-07-24 15:37:14,8003,0.1,0.1,7.3,   3947
2026-07-24 15:37:16,8003,0.1,0.1,7.3,   3949
2026-07-24 15:37:18,8003,0.1,0.1,7.3,   3951
2026-07-24 15:37:20,8003,0.1,0.1,7.3,   3953
2026-07-24 15:37:22,8003,0.1,0.1,7.3,   3955
2026-07-24 15:37:24,8003,0.1,0.2,7.3,   3957
2026-07-24 15:37:26,8003,0.1,0.1,7.3,   3959
2026-07-24 15:37:29,8003,0.1,0.1,7.3,   3961
2026-07-24 15:37:31,8003,0.1,0.1,7.3,   3963
2026-07-24 15:37:33,8003,0.1,0.1,7.3,   3965
2026-07-24 15:37:35,8003,0.1,0.1,7.3,   3967
2026-07-24 15:37:37,8003,0.1,0.1,7.3,   3969
2026-07-24 15:37:39,8003,0.1,0.1,7.3,   3971
2026-07-24 15:37:41,8003,0.1,0.1,7.3,   3973
2026-07-24 15:37:43,8003,0.1,0.1,7.3,   3975
2026-07-24 15:37:45,8003,0.1,0.1,7.3,   3978
2026-07-24 15:37:47,8003,0.1,0.1,7.3,   3980
2026-07-24 15:37:49,8003,0.1,0.1,7.3,   3982
2026-07-24 15:37:51,8003,0.1,0.1,7.3,   3984
2026-07-24 15:37:53,8003,0.1,0.1,7.3,   3986
2026-07-24 15:37:55,8003,0.1,0.2,7.3,   3988
2026-07-24 15:37:57,8003,0.1,0.1,7.3,   3990
2026-07-24 15:38:00,8003,0.1,0.1,7.3,   3992
2026-07-24 15:38:02,8003,0.1,0.1,7.3,   3994
2026-07-24 15:38:04,8003,0.1,0.1,7.3,   3996
2026-07-24 15:38:06,8003,0.1,0.1,7.3,   3998
2026-07-24 15:38:08,8003,0.1,0.1,7.3,   4000
2026-07-24 15:38:10,8003,0.1,0.1,7.3,   4002
2026-07-24 15:38:12,8003,0.1,0.1,7.3,   4004
2026-07-24 15:38:14,8003,0.1,0.1,7.3,   4006
2026-07-24 15:38:16,8003,0.1,0.1,7.3,   4009
2026-07-24 15:38:18,8003,0.1,0.1,7.3,   4011
2026-07-24 15:38:20,8003,0.1,0.1,7.3,   4013
2026-07-24 15:38:22,8003,0.1,0.1,7.3,   4015
2026-07-24 15:38:24,8003,0.1,0.1,7.3,   4017
2026-07-24 15:38:26,8003,0.1,0.2,7.3,   4019
2026-07-24 15:38:28,8003,0.1,0.1,7.3,   4021
2026-07-24 15:38:30,8003,0.1,0.1,7.3,   4023
2026-07-24 15:38:33,8003,0.1,0.1,7.3,   4025
2026-07-24 15:38:35,8003,0.1,0.1,7.3,   4027
2026-07-24 15:38:37,8003,0.1,0.1,7.3,   4029
2026-07-24 15:38:39,8003,0.1,0.1,7.3,   4031
2026-07-24 15:38:41,8003,0.1,0.1,7.3,   4033
2026-07-24 15:38:43,8003,0.1,0.1,7.3,   4035
2026-07-24 15:38:45,8003,0.1,0.1,7.3,   4037
2026-07-24 15:38:47,8003,0.1,0.1,7.3,   4039
2026-07-24 15:38:49,8003,0.1,0.1,7.3,   4042
2026-07-24 15:38:51,8003,0.1,0.1,7.3,   4044
2026-07-24 15:38:53,8003,0.1,0.1,7.3,   4046
2026-07-24 15:38:55,8003,0.1,0.1,7.3,   4048
2026-07-24 15:38:57,8003,0.1,0.2,7.3,   4050
2026-07-24 15:38:59,8003,0.1,0.1,7.3,   4052
2026-07-24 15:39:01,8003,0.1,0.1,7.3,   4054
2026-07-24 15:39:03,8003,0.1,0.1,7.3,   4056
2026-07-24 15:39:06,8003,0.1,0.1,7.3,   4058
2026-07-24 15:39:08,8003,0.1,0.1,7.3,   4060
2026-07-24 15:39:10,8003,0.1,0.1,7.3,   4062
2026-07-24 15:39:12,8003,0.1,0.1,7.3,   4064
2026-07-24 15:39:14,8003,0.1,0.1,7.3,   4066
2026-07-24 15:39:16,8003,0.1,0.1,7.3,   4068
2026-07-24 15:39:18,8003,0.1,0.1,7.3,   4070
2026-07-24 15:39:20,8003,0.1,0.1,7.3,   4072
2026-07-24 15:39:22,8003,0.1,0.1,7.3,   4075
2026-07-24 15:39:24,8003,0.1,0.1,7.3,   4077
2026-07-24 15:39:26,8003,0.1,0.1,7.3,   4079
2026-07-24 15:39:28,8003,0.1,0.2,7.3,   4081
2026-07-24 15:39:30,8003,0.1,0.1,7.3,   4083
2026-07-24 15:39:32,8003,0.1,0.1,7.3,   4085
2026-07-24 15:39:34,8003,0.1,0.1,7.3,   4087
2026-07-24 15:39:36,8003,0.1,0.1,7.3,   4089
2026-07-24 15:39:39,8003,0.1,0.1,7.3,   4091
2026-07-24 15:39:41,8003,0.1,0.1,7.3,   4093
2026-07-24 15:39:43,8003,0.1,0.1,7.3,   4095
2026-07-24 15:39:45,8003,0.1,0.1,7.3,   4097
2026-07-24 15:39:47,8003,0.1,0.1,7.3,   4099
2026-07-24 15:39:49,8003,0.1,0.1,7.3,   4101
2026-07-24 15:39:51,8003,0.1,0.1,7.3,   4103
2026-07-24 15:39:53,8003,0.1,0.1,7.3,   4105
2026-07-24 15:39:55,8003,0.1,0.1,7.3,   4108
2026-07-24 15:39:57,8003,0.1,0.1,7.3,   4110
2026-07-24 15:39:59,8003,0.1,0.1,7.3,   4112
2026-07-24 15:40:01,8003,0.1,0.1,7.3,   4114
2026-07-24 15:40:03,8003,0.1,0.1,7.3,   4116
2026-07-24 15:40:05,8003,0.1,0.1,7.3,   4118
2026-07-24 15:40:07,8003,0.1,0.1,7.3,   4120
2026-07-24 15:40:09,8003,0.1,0.1,7.3,   4122
2026-07-24 15:40:12,8003,0.1,0.1,7.3,   4124
2026-07-24 15:40:14,8003,0.1,0.1,7.3,   4126
2026-07-24 15:40:16,8003,0.1,0.1,7.3,   4128
2026-07-24 15:40:18,8003,0.1,0.1,7.3,   4130
2026-07-24 15:40:20,8003,0.1,0.1,7.3,   4132
2026-07-24 15:40:22,8003,0.1,0.1,7.3,   4134
2026-07-24 15:40:24,8003,0.1,0.1,7.3,   4136
2026-07-24 15:40:26,8003,0.1,0.1,7.3,   4138
2026-07-24 15:40:28,8003,0.1,0.1,7.3,   4140
2026-07-24 15:40:30,8003,0.1,0.1,7.3,   4143
2026-07-24 15:40:32,8003,0.1,0.1,7.3,   4145
2026-07-24 15:40:34,8003,0.1,0.1,7.3,   4147
2026-07-24 15:40:36,8003,0.1,0.1,7.3,   4149
2026-07-24 15:40:38,8003,0.1,0.1,7.3,   4151
2026-07-24 15:40:40,8003,0.1,0.1,7.3,   4153
2026-07-24 15:40:42,8003,0.1,0.1,7.3,   4155
2026-07-24 15:40:44,8003,0.1,0.1,7.3,   4157
2026-07-24 15:40:47,8003,0.1,0.1,7.3,   4159
2026-07-24 15:40:49,8003,0.1,0.1,7.3,   4161
2026-07-24 15:40:51,8003,0.1,0.1,7.3,   4163
2026-07-24 15:40:53,8003,0.1,0.1,7.3,   4165
2026-07-24 15:40:55,8003,0.1,0.1,7.3,   4167
2026-07-24 15:40:57,8003,0.1,0.1,7.3,   4169
2026-07-24 15:40:59,8003,0.1,0.1,7.3,   4171
2026-07-24 15:41:01,8003,0.1,0.1,7.3,   4173
2026-07-24 15:41:03,8003,0.1,0.1,7.3,   4176
2026-07-24 15:41:05,8003,0.1,0.1,7.3,   4178
2026-07-24 15:41:07,8003,0.1,0.1,7.3,   4180
2026-07-24 15:41:09,8003,0.1,0.1,7.3,   4182
2026-07-24 15:41:11,8003,0.1,0.1,7.3,   4184
2026-07-24 15:41:13,8003,0.1,0.1,7.3,   4186
2026-07-24 15:41:15,8003,0.1,0.1,7.3,   4188
2026-07-24 15:41:17,8003,0.1,0.1,7.3,   4190
2026-07-24 15:41:19,8003,0.1,0.1,7.3,   4192
2026-07-24 15:41:22,8003,0.1,0.1,7.3,   4194
2026-07-24 15:41:24,8003,0.1,0.1,7.3,   4196
2026-07-24 15:41:26,8003,0.1,0.1,7.3,   4198
2026-07-24 15:41:28,8003,0.1,0.1,7.3,   4200
2026-07-24 15:41:30,8003,0.1,0.1,7.3,   4202
2026-07-24 15:41:32,8003,0.1,0.1,7.3,   4204
2026-07-24 15:41:34,8003,0.1,0.1,7.3,   4206
2026-07-24 15:41:36,8003,0.1,0.1,7.3,   4208
2026-07-24 15:41:38,8003,0.1,0.1,7.3,   4211
2026-07-24 15:41:40,8003,0.1,0.1,7.3,   4213
2026-07-24 15:41:42,8003,0.1,0.1,7.3,   4215
2026-07-24 15:41:44,8003,0.1,0.1,7.3,   4217
2026-07-24 15:41:46,8003,0.1,0.1,7.3,   4219
2026-07-24 15:41:48,8003,0.1,0.1,7.3,   4221
2026-07-24 15:41:50,8003,0.1,0.1,7.3,   4223
2026-07-24 15:41:52,8003,0.1,0.1,7.3,   4225
2026-07-24 15:41:55,8003,0.1,0.1,7.3,   4227
2026-07-24 15:41:57,8003,0.1,0.1,7.3,   4229
2026-07-24 15:41:59,8003,0.1,0.1,7.3,   4231
2026-07-24 15:42:01,8003,0.1,0.1,7.3,   4233
2026-07-24 15:42:03,8003,0.1,0.1,7.3,   4235
2026-07-24 15:42:05,8003,0.1,0.1,7.3,   4237
2026-07-24 15:42:07,8003,0.1,0.1,7.3,   4239
2026-07-24 15:42:09,8003,0.1,0.1,7.3,   4242
2026-07-24 15:42:11,8003,0.1,0.1,7.3,   4244
2026-07-24 15:42:13,8003,0.1,0.1,7.3,   4246
2026-07-24 15:42:15,8003,0.1,0.1,7.3,   4248
2026-07-24 15:42:17,8003,0.1,0.1,7.3,   4250
2026-07-24 15:42:19,8003,0.1,0.1,7.3,   4252
2026-07-24 15:42:21,8003,0.1,0.1,7.3,   4254
2026-07-24 15:42:23,8003,0.1,0.1,7.3,   4256
2026-07-24 15:42:25,8003,0.1,0.1,7.3,   4258
2026-07-24 15:42:28,8003,0.1,0.1,7.3,   4260
2026-07-24 15:42:30,8003,0.1,0.1,7.3,   4262
2026-07-24 15:42:32,8003,0.1,0.1,7.3,   4264
2026-07-24 15:42:34,8003,0.1,0.1,7.3,   4266
2026-07-24 15:42:36,8003,0.1,0.1,7.3,   4268
2026-07-24 15:42:38,8003,0.1,0.1,7.3,   4270
2026-07-24 15:42:40,8003,0.1,0.1,7.3,   4272
2026-07-24 15:42:42,8003,0.1,0.1,7.3,   4275
2026-07-24 15:42:44,8003,0.1,0.1,7.3,   4277
2026-07-24 15:42:46,8003,0.1,0.1,7.3,   4279
2026-07-24 15:42:48,8003,0.1,0.1,7.3,   4281
2026-07-24 15:42:50,8003,0.1,0.1,7.3,   4283
2026-07-24 15:42:52,8003,0.1,0.1,7.3,   4285
2026-07-24 15:42:54,8003,0.1,0.1,7.3,   4287
2026-07-24 15:42:56,8003,0.1,0.1,7.3,   4289
2026-07-24 15:42:58,8003,0.1,0.1,7.3,   4291
2026-07-24 15:43:01,8003,0.1,0.1,7.3,   4293
2026-07-24 15:43:03,8003,0.1,0.1,7.3,   4295
2026-07-24 15:43:05,8003,0.1,0.1,7.3,   4297
2026-07-24 15:43:07,8003,0.1,0.1,7.3,   4299
2026-07-24 15:43:09,8003,0.1,0.1,7.3,   4301
2026-07-24 15:43:11,8003,0.1,0.1,7.3,   4303
2026-07-24 15:43:13,8003,0.1,0.1,7.3,   4305
2026-07-24 15:43:15,8003,0.1,0.1,7.3,   4307
2026-07-24 15:43:17,8003,0.1,0.1,7.3,   4310
2026-07-24 15:43:19,8003,0.1,0.1,7.3,   4312
2026-07-24 15:43:21,8003,0.1,0.1,7.3,   4314
2026-07-24 15:43:23,8003,0.1,0.1,7.3,   4316
2026-07-24 15:43:25,8003,0.1,0.1,7.3,   4318
2026-07-24 15:43:27,8003,0.1,0.1,7.3,   4320
2026-07-24 15:43:29,8003,0.1,0.1,7.3,   4322
2026-07-24 15:43:31,8003,0.1,0.1,7.3,   4324
2026-07-24 15:43:33,8003,0.1,0.1,7.3,   4326
2026-07-24 15:43:36,8003,0.1,0.1,7.3,   4328
2026-07-24 15:43:38,8003,0.1,0.1,7.3,   4330
2026-07-24 15:43:40,8003,0.1,0.1,7.3,   4332
2026-07-24 15:43:42,8003,0.1,0.1,7.3,   4334
2026-07-24 15:43:44,8003,0.1,0.1,7.3,   4336
2026-07-24 15:43:46,8003,0.1,0.1,7.3,   4338
2026-07-24 15:43:48,8003,0.1,0.1,7.3,   4340
2026-07-24 15:43:50,8003,0.1,0.1,7.3,   4343
2026-07-24 15:43:52,8003,0.1,0.1,7.3,   4345
2026-07-24 15:43:54,8003,0.1,0.1,7.3,   4347
2026-07-24 15:43:56,8003,0.1,0.1,7.3,   4349
2026-07-24 15:43:58,8003,0.1,0.1,7.3,   4351
2026-07-24 15:44:00,8003,0.1,0.1,7.3,   4353
2026-07-24 15:44:02,8003,0.1,0.1,7.3,   4355
2026-07-24 15:44:04,8003,0.1,0.1,7.3,   4357
2026-07-24 15:44:07,8003,0.1,0.1,7.3,   4359
2026-07-24 15:44:09,8003,0.1,0.1,7.3,   4361
2026-07-24 15:44:11,8003,0.1,0.1,7.3,   4363
2026-07-24 15:44:13,8003,0.1,0.1,7.3,   4365
2026-07-24 15:44:15,8003,0.1,0.1,7.3,   4367
2026-07-24 15:44:17,8003,0.1,0.1,7.3,   4369
2026-07-24 15:44:19,8003,0.1,0.1,7.3,   4371
2026-07-24 15:44:21,8003,0.1,0.1,7.3,   4373
2026-07-24 15:44:23,8003,0.1,0.1,7.3,   4376
2026-07-24 15:44:25,8003,0.1,0.1,7.3,   4378
2026-07-24 15:44:27,8003,0.1,0.1,7.3,   4380
2026-07-24 15:44:29,8003,0.1,0.1,7.3,   4382
2026-07-24 15:44:31,8003,0.1,0.1,7.3,   4384
2026-07-24 15:44:33,8003,0.1,0.1,7.3,   4386
2026-07-24 15:44:35,8003,0.1,0.1,7.3,   4388
2026-07-24 15:44:37,8003,0.1,0.1,7.3,   4390
2026-07-24 15:44:40,8003,0.1,0.1,7.3,   4392
2026-07-24 15:44:42,8003,0.1,0.1,7.3,   4394
2026-07-24 15:44:44,8003,0.1,0.1,7.3,   4396
2026-07-24 15:44:46,8003,0.1,0.1,7.3,   4398
2026-07-24 15:44:48,8003,0.1,0.1,7.3,   4400
2026-07-24 15:44:50,8003,0.1,0.1,7.3,   4402
2026-07-24 15:44:52,8003,0.1,0.1,7.3,   4404
2026-07-24 15:44:54,8003,0.1,0.1,7.3,   4406
2026-07-24 15:44:56,8003,0.1,0.1,7.3,   4409
2026-07-24 15:44:58,8003,0.1,0.1,7.3,   4411
2026-07-24 15:45:00,8003,0.1,0.1,7.3,   4413
2026-07-24 15:45:02,8003,0.1,0.1,7.3,   4415
2026-07-24 15:45:04,8003,0.1,0.1,7.3,   4417
2026-07-24 15:45:06,8003,0.1,0.1,7.3,   4419
2026-07-24 15:45:08,8003,0.1,0.1,7.3,   4421
2026-07-24 15:45:11,8003,0.1,0.1,7.3,   4423
2026-07-24 15:45:13,8003,0.1,0.1,7.3,   4425
2026-07-24 15:45:15,8003,0.1,0.1,7.3,   4427
2026-07-24 15:45:17,8003,0.1,0.1,7.3,   4429
2026-07-24 15:45:19,8003,0.1,0.1,7.3,   4431
2026-07-24 15:45:21,8003,0.1,0.1,7.3,   4433
2026-07-24 15:45:23,8003,0.1,0.1,7.3,   4435
2026-07-24 15:45:25,8003,0.1,0.1,7.3,   4437
2026-07-24 15:45:27,8003,0.1,0.1,7.3,   4440
2026-07-24 15:45:29,8003,0.1,0.1,7.3,   4442
2026-07-24 15:45:31,8003,0.1,0.1,7.3,   4444
2026-07-24 15:45:33,8003,0.1,0.1,7.3,   4446
2026-07-24 15:45:35,8003,0.1,0.1,7.3,   4448
2026-07-24 15:45:37,8003,0.1,0.1,7.3,   4450
2026-07-24 15:45:39,8003,0.1,0.1,7.3,   4452
2026-07-24 15:45:41,8003,0.1,0.1,7.3,   4454
2026-07-24 15:45:44,8003,0.1,0.1,7.3,   4456
2026-07-24 15:45:46,8003,0.1,0.1,7.3,   4458
2026-07-24 15:45:48,8003,0.1,0.1,7.3,   4460
2026-07-24 15:45:50,8003,0.1,0.1,7.3,   4462
2026-07-24 15:45:52,8003,0.1,0.1,7.3,   4464
2026-07-24 15:45:54,8003,0.1,0.1,7.3,   4466
2026-07-24 15:45:56,8003,0.1,0.1,7.3,   4468
2026-07-24 15:45:58,8003,0.1,0.1,7.3,   4470
2026-07-24 15:46:00,8003,0.1,0.1,7.3,   4473
2026-07-24 15:46:02,8003,0.1,0.1,7.3,   4475
2026-07-24 15:46:04,8003,0.1,0.1,7.3,   4477
2026-07-24 15:46:06,8003,0.1,0.1,7.3,   4479
2026-07-24 15:46:08,8003,0.1,0.1,7.3,   4481
2026-07-24 15:46:10,8003,0.1,0.1,7.3,   4483
2026-07-24 15:46:12,8003,0.1,0.1,7.3,   4485
2026-07-24 15:46:14,8003,0.1,0.1,7.3,   4487
2026-07-24 15:46:17,8003,0.1,0.1,7.3,   4489
2026-07-24 15:46:19,8003,0.1,0.1,7.3,   4491
2026-07-24 15:46:21,8003,0.1,0.1,7.3,   4493
2026-07-24 15:46:23,8003,0.1,0.1,7.3,   4495
2026-07-24 15:46:25,8003,0.1,0.1,7.3,   4497
2026-07-24 15:46:27,8003,0.1,0.1,7.3,   4499
2026-07-24 15:46:29,8003,0.1,0.1,7.3,   4501
2026-07-24 15:46:31,8003,0.1,0.1,7.3,   4503
2026-07-24 15:46:33,8003,0.1,0.1,7.3,   4506
2026-07-24 15:46:35,8003,0.1,0.1,7.3,   4508
2026-07-24 15:46:37,8003,0.1,0.1,7.3,   4510
2026-07-24 15:46:39,8003,0.1,0.1,7.3,   4512
2026-07-24 15:46:41,8003,0.1,0.1,7.3,   4514
2026-07-24 15:46:43,8003,0.1,0.1,7.3,   4516
2026-07-24 15:46:45,8003,0.1,0.1,7.3,   4518
2026-07-24 15:46:47,8003,0.1,0.1,7.3,   4520
2026-07-24 15:46:50,8003,0.1,0.1,7.3,   4522
2026-07-24 15:46:52,8003,0.1,0.1,7.3,   4524
2026-07-24 15:46:54,8003,0.1,0.1,7.3,   4526
2026-07-24 15:46:56,8003,0.1,0.1,7.3,   4528
2026-07-24 15:46:58,8003,0.1,0.1,7.3,   4530
2026-07-24 15:47:00,8003,0.1,0.1,7.3,   4532
2026-07-24 15:47:02,8003,0.1,0.1,7.3,   4534
2026-07-24 15:47:04,8003,0.1,0.1,7.3,   4536
2026-07-24 15:47:06,8003,0.1,0.1,7.3,   4538
2026-07-24 15:47:08,8003,0.1,0.1,7.3,   4541
2026-07-24 15:47:10,8003,0.1,0.1,7.3,   4543
2026-07-24 15:47:12,8003,0.1,0.1,7.3,   4545
2026-07-24 15:47:14,8003,0.1,0.1,7.3,   4547
2026-07-24 15:47:16,8003,0.1,0.1,7.3,   4549
2026-07-24 15:47:18,8003,0.1,0.1,7.3,   4551
2026-07-24 15:47:20,8003,0.1,0.1,7.3,   4553
2026-07-24 15:47:22,8003,0.1,0.1,7.3,   4555
2026-07-24 15:47:25,8003,0.1,0.1,7.3,   4557
2026-07-24 15:47:27,8003,0.1,0.1,7.3,   4559
2026-07-24 15:47:29,8003,0.1,0.1,7.3,   4561
2026-07-24 15:47:31,8003,0.1,0.1,7.3,   4563
2026-07-24 15:47:33,8003,0.1,0.1,7.3,   4565
2026-07-24 15:47:35,8003,0.1,0.1,7.3,   4567
2026-07-24 15:47:37,8003,0.1,0.1,7.3,   4569
2026-07-24 15:47:39,8003,0.1,0.1,7.3,   4571
2026-07-24 15:47:41,8003,0.1,0.1,7.3,   4574
2026-07-24 15:47:43,8003,0.1,0.1,7.3,   4576
2026-07-24 15:47:45,8003,0.1,0.1,7.3,   4578
2026-07-24 15:47:47,8003,0.1,0.1,7.3,   4580
2026-07-24 15:47:49,8003,0.1,0.1,7.3,   4582
2026-07-24 15:47:51,8003,0.1,0.1,7.3,   4584
2026-07-24 15:47:53,8003,0.1,0.1,7.3,   4586
2026-07-24 15:47:55,8003,0.1,0.1,7.3,   4588
2026-07-24 15:47:58,8003,0.1,0.1,7.3,   4590
2026-07-24 15:48:00,8003,0.1,0.1,7.3,   4592
2026-07-24 15:48:02,8003,0.1,0.1,7.3,   4594
2026-07-24 15:48:04,8003,0.1,0.1,7.3,   4596
2026-07-24 15:48:06,8003,0.1,0.1,7.3,   4598
2026-07-24 15:48:08,8003,0.1,0.1,7.3,   4600
2026-07-24 15:48:10,8003,0.1,0.1,7.3,   4602
2026-07-24 15:48:12,8003,0.1,0.1,7.3,   4604
2026-07-24 15:48:14,8003,0.1,0.1,7.3,   4607
2026-07-24 15:48:16,8003,0.1,0.1,7.3,   4609
2026-07-24 15:48:18,8003,0.1,0.1,7.3,   4611
2026-07-24 15:48:20,8003,0.1,0.1,7.3,   4613
2026-07-24 15:48:22,8003,0.1,0.1,7.3,   4615
2026-07-24 15:48:24,8003,0.1,0.1,7.3,   4617
2026-07-24 15:48:26,8003,0.1,0.1,7.3,   4619
2026-07-24 15:48:28,8003,0.1,0.1,7.3,   4621
2026-07-24 15:48:31,8003,0.1,0.1,7.3,   4623
2026-07-24 15:48:33,8003,0.1,0.1,7.3,   4625
2026-07-24 15:48:35,8003,0.1,0.1,7.3,   4627
2026-07-24 15:48:37,8003,0.1,0.1,7.3,   4629
2026-07-24 15:48:39,8003,0.1,0.1,7.3,   4631
2026-07-24 15:48:41,8003,0.1,0.1,7.3,   4633
2026-07-24 15:48:43,8003,0.1,0.1,7.3,   4635
2026-07-24 15:48:45,8003,0.1,0.1,7.3,   4637
2026-07-24 15:48:47,8003,0.1,0.1,7.3,   4640
2026-07-24 15:48:49,8003,0.1,0.1,7.3,   4642
2026-07-24 15:48:51,8003,0.1,0.1,7.3,   4644
2026-07-24 15:48:53,8003,0.1,0.1,7.3,   4646
2026-07-24 15:48:55,8003,0.1,0.1,7.3,   4648
2026-07-24 15:48:57,8003,0.1,0.1,7.3,   4650
2026-07-24 15:48:59,8003,0.1,0.1,7.3,   4652
2026-07-24 15:49:01,8003,0.1,0.1,7.3,   4654
2026-07-24 15:49:03,8003,0.1,0.1,7.3,   4656
2026-07-24 15:49:06,8003,0.1,0.1,7.3,   4658
2026-07-24 15:49:08,8003,0.1,0.1,7.3,   4660
2026-07-24 15:49:10,8003,0.1,0.1,7.3,   4662
2026-07-24 15:49:12,8003,0.1,0.1,7.3,   4664
2026-07-24 15:49:14,8003,0.1,0.1,7.3,   4666
2026-07-24 15:49:16,8003,0.1,0.1,7.3,   4668
2026-07-24 15:49:18,8003,0.1,0.1,7.3,   4670
2026-07-24 15:49:20,8003,0.1,0.1,7.3,   4672
2026-07-24 15:49:22,8003,0.1,0.1,7.3,   4675
2026-07-24 15:49:24,8003,0.1,0.1,7.3,   4677
2026-07-24 15:49:26,8003,0.1,0.1,7.3,   4679
2026-07-24 15:49:28,8003,0.1,0.1,7.3,   4681
2026-07-24 15:49:30,8003,0.1,0.1,7.3,   4683
2026-07-24 15:49:32,8003,0.1,0.1,7.3,   4685
2026-07-24 15:49:34,8003,0.1,0.1,7.3,   4687
2026-07-24 15:49:36,8003,0.1,0.1,7.3,   4689
2026-07-24 15:49:38,8003,0.1,0.1,7.3,   4691
2026-07-24 15:49:41,8003,0.1,0.1,7.3,   4693
2026-07-24 15:49:43,8003,0.1,0.1,7.3,   4695
2026-07-24 15:49:45,8003,0.1,0.1,7.3,   4697
2026-07-24 15:49:47,8003,0.1,0.1,7.3,   4699
2026-07-24 15:49:49,8003,0.1,0.1,7.3,   4701
2026-07-24 15:49:51,8003,0.1,0.1,7.3,   4703
2026-07-24 15:49:53,8003,0.1,0.1,7.3,   4705
2026-07-24 15:49:55,8003,0.1,0.1,7.3,   4707
2026-07-24 15:49:57,8003,0.1,0.1,7.3,   4710
2026-07-24 15:49:59,8003,0.1,0.1,7.3,   4712
2026-07-24 15:50:01,8003,0.1,0.1,7.3,   4714
2026-07-24 15:50:03,8003,0.1,0.1,7.3,   4716
2026-07-24 15:50:05,8003,0.1,0.1,7.3,   4718
2026-07-24 15:50:07,8003,0.1,0.1,7.3,   4720
2026-07-24 15:50:09,8003,0.1,0.1,7.3,   4722
2026-07-24 15:50:11,8003,0.1,0.1,7.3,   4724
2026-07-24 15:50:13,8003,0.1,0.1,7.3,   4726
2026-07-24 15:50:16,8003,0.1,0.1,7.3,   4728
2026-07-24 15:50:18,8003,0.1,0.1,7.3,   4730
2026-07-24 15:50:20,8003,0.1,0.1,7.3,   4732
2026-07-24 15:50:22,8003,0.1,0.1,7.3,   4734
2026-07-24 15:50:24,8003,0.1,0.1,7.3,   4736
2026-07-24 15:50:26,8003,0.1,0.1,7.3,   4738
2026-07-24 15:50:28,8003,0.1,0.1,7.3,   4740
2026-07-24 15:50:30,8003,0.1,0.1,7.3,   4743
2026-07-24 15:50:32,8003,0.1,0.1,7.3,   4745
2026-07-24 15:50:34,8003,0.1,0.1,7.3,   4747
2026-07-24 15:50:36,8003,0.1,0.1,7.3,   4749
2026-07-24 15:50:38,8003,0.1,0.1,7.3,   4751
2026-07-24 15:50:40,8003,0.1,0.1,7.3,   4753
2026-07-24 15:50:42,8003,0.1,0.1,7.3,   4755
2026-07-24 15:50:44,8003,0.1,0.1,7.3,   4757
2026-07-24 15:50:46,8003,0.1,0.1,7.3,   4759
2026-07-24 15:50:49,8003,0.1,0.1,7.3,   4761
2026-07-24 15:50:51,8003,0.1,0.1,7.3,   4763
2026-07-24 15:50:53,8003,0.1,0.1,7.3,   4765
2026-07-24 15:50:55,8003,0.1,0.1,7.3,   4767
2026-07-24 15:50:57,8003,0.1,0.1,7.3,   4769
2026-07-24 15:50:59,8003,0.1,0.1,7.3,   4771
2026-07-24 15:51:01,8003,0.1,0.1,7.3,   4773
2026-07-24 15:51:03,8003,0.1,0.1,7.3,   4776
2026-07-24 15:51:05,8003,0.1,0.1,7.3,   4778
2026-07-24 15:51:07,8003,0.1,0.1,7.3,   4780
2026-07-24 15:51:09,8003,0.1,0.1,7.3,   4782
2026-07-24 15:51:11,8003,0.1,0.1,7.3,   4784
2026-07-24 15:51:13,8003,0.1,0.1,7.3,   4786
2026-07-24 15:51:15,8003,0.1,0.1,7.3,   4788
2026-07-24 15:51:17,8003,0.1,0.1,7.3,   4790
2026-07-24 15:51:19,8003,0.1,0.1,7.3,   4792
2026-07-24 15:51:22,8003,0.1,0.1,7.3,   4794
2026-07-24 15:51:24,8003,0.1,0.1,7.3,   4796
2026-07-24 15:51:26,8003,0.1,0.1,7.3,   4798
2026-07-24 15:51:28,8003,0.1,0.1,7.3,   4800
2026-07-24 15:51:30,8003,0.1,0.1,7.3,   4802
2026-07-24 15:51:32,8003,0.1,0.1,7.3,   4804
2026-07-24 15:51:34,8003,0.1,0.1,7.3,   4806
2026-07-24 15:51:36,8003,0.1,0.1,7.3,   4808
2026-07-24 15:51:38,8003,0.1,0.1,7.3,   4811
2026-07-24 15:51:40,8003,0.1,0.1,7.3,   4813
2026-07-24 15:51:42,8003,0.1,0.1,7.3,   4815
2026-07-24 15:51:44,8003,0.1,0.1,7.3,   4817
2026-07-24 15:51:46,8003,0.1,0.1,7.3,   4819
2026-07-24 15:51:48,8003,0.1,0.1,7.3,   4821
2026-07-24 15:51:50,8003,0.1,0.1,7.3,   4823
2026-07-24 15:51:52,8003,0.1,0.1,7.3,   4825
2026-07-24 15:51:55,8003,0.1,0.1,7.3,   4827
2026-07-24 15:51:57,8003,0.1,0.1,7.3,   4829
2026-07-24 15:51:59,8003,0.1,0.1,7.3,   4831
2026-07-24 15:52:01,8003,0.1,0.1,7.3,   4833
2026-07-24 15:52:03,8003,0.1,0.1,7.3,   4835
2026-07-24 15:52:05,8003,0.1,0.1,7.3,   4837
2026-07-24 15:52:07,8003,0.1,0.1,7.3,   4839
2026-07-24 15:52:09,8003,0.1,0.1,7.3,   4841
2026-07-24 15:52:11,8003,0.1,0.1,7.3,   4844
2026-07-24 15:52:13,8003,0.1,0.1,7.3,   4846
2026-07-24 15:52:15,8003,0.1,0.1,7.3,   4848
2026-07-24 15:52:17,8003,0.1,0.1,7.3,   4850
2026-07-24 15:52:19,8003,0.1,0.1,7.3,   4852
2026-07-24 15:52:21,8003,0.1,0.1,7.3,   4854
2026-07-24 15:52:23,8003,0.1,0.1,7.3,   4856
2026-07-24 15:52:25,8003,0.1,0.1,7.3,   4858
2026-07-24 15:52:28,8003,0.1,0.1,7.3,   4860
2026-07-24 15:52:30,8003,0.1,0.1,7.3,   4862
2026-07-24 15:52:32,8003,0.1,0.1,7.3,   4864
2026-07-24 15:52:34,8003,0.1,0.1,7.3,   4866
2026-07-24 15:52:36,8003,0.1,0.1,7.3,   4868
2026-07-24 15:52:38,8003,0.1,0.1,7.3,   4870
2026-07-24 15:52:40,8003,0.1,0.1,7.3,   4872
2026-07-24 15:52:42,8003,0.1,0.1,7.3,   4874
2026-07-24 15:52:44,8003,0.1,0.1,7.3,   4877
2026-07-24 15:52:46,8003,0.1,0.1,7.3,   4879
2026-07-24 15:52:48,8003,0.1,0.1,7.3,   4881
2026-07-24 15:52:50,8003,0.1,0.1,7.3,   4883
2026-07-24 15:52:52,8003,0.1,0.1,7.3,   4885
2026-07-24 15:52:54,8003,0.1,0.1,7.3,   4887
2026-07-24 15:52:56,8003,0.1,0.1,7.3,   4889
2026-07-24 15:52:58,8003,0.1,0.1,7.3,   4891
2026-07-24 15:53:01,8003,0.1,0.1,7.3,   4893
2026-07-24 15:53:03,8003,0.1,0.1,7.3,   4895
2026-07-24 15:53:05,8003,0.1,0.1,7.3,   4897
2026-07-24 15:53:07,8003,0.1,0.1,7.3,   4899
2026-07-24 15:53:09,8003,0.1,0.1,7.3,   4901
2026-07-24 15:53:11,8003,0.1,0.1,7.3,   4903
2026-07-24 15:53:13,8003,0.1,0.1,7.3,   4905
2026-07-24 15:53:15,8003,0.1,0.1,7.3,   4907
2026-07-24 15:53:17,8003,0.1,0.1,7.3,   4910
2026-07-24 15:53:19,8003,0.1,0.1,7.3,   4912
2026-07-24 15:53:21,8003,0.1,0.1,7.3,   4914
2026-07-24 15:53:23,8003,0.1,0.1,7.3,   4916
2026-07-24 15:53:25,8003,0.1,0.1,7.3,   4918
2026-07-24 15:53:27,8003,0.1,0.1,7.3,   4920
2026-07-24 15:53:29,8003,0.1,0.1,7.3,   4922
2026-07-24 15:53:31,8003,0.1,0.1,7.3,   4924
2026-07-24 15:53:34,8003,0.1,0.1,7.3,   4926
2026-07-24 15:53:36,8003,0.1,0.1,7.3,   4928
2026-07-24 15:53:38,8003,0.1,0.1,7.3,   4930
2026-07-24 15:53:40,8003,0.1,0.1,7.3,   4932
2026-07-24 15:53:42,8003,0.1,0.1,7.3,   4934
2026-07-24 15:53:44,8003,0.1,0.1,7.3,   4936
2026-07-24 15:53:46,8003,0.1,0.1,7.3,   4938
2026-07-24 15:53:48,8003,0.1,0.1,7.3,   4940
2026-07-24 15:53:50,8003,0.1,0.1,7.3,   4943
2026-07-24 15:53:52,8003,0.1,0.1,7.3,   4945
2026-07-24 15:53:54,8003,0.1,0.1,7.3,   4947
2026-07-24 15:53:56,8003,0.1,0.1,7.3,   4949
2026-07-24 15:53:58,8003,0.1,0.1,7.3,   4951
2026-07-24 15:54:00,8003,0.1,0.1,7.3,   4953
2026-07-24 15:54:02,8003,0.1,0.1,7.3,   4955
2026-07-24 15:54:04,8003,0.1,0.1,7.3,   4957
2026-07-24 15:54:07,8003,0.1,0.1,7.3,   4959
2026-07-24 15:54:09,8003,0.1,0.1,7.3,   4961
2026-07-24 15:54:11,8003,0.1,0.1,7.3,   4963
2026-07-24 15:54:13,8003,0.1,0.1,7.3,   4965
2026-07-24 15:54:15,8003,0.1,0.1,7.3,   4967
2026-07-24 15:54:17,8003,0.1,0.1,7.3,   4969
2026-07-24 15:54:19,8003,0.1,0.1,7.3,   4971
2026-07-24 15:54:21,8003,0.1,0.1,7.3,   4973
2026-07-24 15:54:23,8003,0.1,0.1,7.3,   4976
2026-07-24 15:54:25,8003,0.1,0.1,7.3,   4978
2026-07-24 15:54:27,8003,0.1,0.1,7.3,   4980
2026-07-24 15:54:29,8003,0.1,0.1,7.3,   4982
2026-07-24 15:54:31,8003,0.1,0.1,7.3,   4984
2026-07-24 15:54:33,8003,0.1,0.1,7.3,   4986
2026-07-24 15:54:35,8003,0.1,0.1,7.3,   4988
2026-07-24 15:54:37,8003,0.1,0.1,7.3,   4990
2026-07-24 15:54:40,8003,0.1,0.1,7.3,   4992
2026-07-24 15:54:42,8003,0.1,0.1,7.3,   4994
2026-07-24 15:54:44,8003,0.1,0.1,7.3,   4996
2026-07-24 15:54:46,8003,0.1,0.1,7.3,   4998
2026-07-24 15:54:48,8003,0.1,0.1,7.3,   5000
2026-07-24 15:54:50,8003,0.1,0.1,7.3,   5002
2026-07-24 15:54:52,8003,0.1,0.1,7.3,   5004
2026-07-24 15:54:54,8003,0.1,0.1,7.3,   5006
2026-07-24 15:54:56,8003,0.1,0.1,7.3,   5009
2026-07-24 15:54:58,8003,0.1,0.1,7.3,   5011
2026-07-24 15:55:00,8003,0.1,0.1,7.3,   5013
2026-07-24 15:55:02,8003,0.1,0.1,7.3,   5015
2026-07-24 15:55:04,8003,0.1,0.1,7.3,   5017
2026-07-24 15:55:06,8003,0.1,0.1,7.3,   5019
2026-07-24 15:55:08,8003,0.1,0.1,7.3,   5021
2026-07-24 15:55:11,8003,0.1,0.1,7.3,   5023
2026-07-24 15:55:13,8003,0.1,0.1,7.3,   5025
2026-07-24 15:55:15,8003,0.1,0.1,7.3,   5027
2026-07-24 15:55:17,8003,0.1,0.1,7.3,   5029
2026-07-24 15:55:19,8003,0.1,0.1,7.3,   5031
2026-07-24 15:55:21,8003,0.1,0.1,7.3,   5033
2026-07-24 15:55:23,8003,0.1,0.1,7.3,   5035
2026-07-24 15:55:25,8003,0.1,0.1,7.3,   5037
2026-07-24 15:55:27,8003,0.1,0.1,7.3,   5040
2026-07-24 15:55:29,8003,0.1,0.1,7.3,   5042
2026-07-24 15:55:31,8003,0.1,0.1,7.3,   5044
2026-07-24 15:55:33,8003,0.1,0.1,7.3,   5046
2026-07-24 15:55:35,8003,0.1,0.1,7.3,   5048
2026-07-24 15:55:37,8003,0.1,0.1,7.3,   5050
2026-07-24 15:55:39,8003,0.1,0.1,7.3,   5052
2026-07-24 15:55:41,8003,0.1,0.1,7.3,   5054
2026-07-24 15:55:44,8003,0.1,0.1,7.3,   5056
2026-07-24 15:55:46,8003,0.1,0.1,7.3,   5058
2026-07-24 15:55:48,8003,0.1,0.1,7.3,   5060
2026-07-24 15:55:50,8003,0.1,0.1,7.3,   5062
2026-07-24 15:55:52,8003,0.1,0.1,7.3,   5064
2026-07-24 15:55:54,8003,0.1,0.1,7.3,   5066
2026-07-24 15:55:56,8003,0.1,0.2,7.3,   5068
2026-07-24 15:55:58,8003,0.1,0.1,7.3,   5071
2026-07-24 15:56:00,8003,0.1,0.1,7.3,   5073
2026-07-24 15:56:02,8003,0.1,0.1,7.3,   5075
2026-07-24 15:56:04,8003,0.1,0.1,7.3,   5077
2026-07-24 15:56:06,8003,0.1,0.1,7.3,   5079
2026-07-24 15:56:08,8003,0.1,0.1,7.3,   5081
2026-07-24 15:56:10,8003,0.1,0.1,7.3,   5083
2026-07-24 15:56:12,8003,0.1,0.1,7.3,   5085
2026-07-24 15:56:15,8003,0.1,0.1,7.3,   5087
2026-07-24 15:56:17,8003,0.1,0.1,7.3,   5089
2026-07-24 15:56:19,8003,0.1,0.1,7.3,   5091
2026-07-24 15:56:21,8003,0.1,0.1,7.3,   5093
2026-07-24 15:56:23,8003,0.1,0.1,7.3,   5095
2026-07-24 15:56:25,8003,0.1,0.1,7.3,   5097
2026-07-24 15:56:27,8003,0.1,0.2,7.3,   5099
2026-07-24 15:56:29,8003,0.1,0.1,7.3,   5101
2026-07-24 15:56:31,8003,0.1,0.1,7.3,   5104
2026-07-24 15:56:33,8003,0.1,0.1,7.3,   5106
2026-07-24 15:56:35,8003,0.1,0.1,7.3,   5108
2026-07-24 15:56:37,8003,0.1,0.1,7.3,   5110
2026-07-24 15:56:39,8003,0.1,0.1,7.3,   5112
2026-07-24 15:56:41,8003,0.1,0.1,7.3,   5114
2026-07-24 15:56:43,8003,0.1,0.1,7.3,   5116
2026-07-24 15:56:45,8003,0.1,0.1,7.3,   5118
2026-07-24 15:56:48,8003,0.1,0.1,7.3,   5120
2026-07-24 15:56:50,8003,0.1,0.1,7.3,   5122
2026-07-24 15:56:52,8003,0.1,0.1,7.3,   5124
2026-07-24 15:56:54,8003,0.1,0.1,7.3,   5126
2026-07-24 15:56:56,8003,0.1,0.1,7.3,   5128
2026-07-24 15:56:58,8003,0.1,0.2,7.3,   5130
2026-07-24 15:57:00,8003,0.1,0.1,7.3,   5132
2026-07-24 15:57:02,8003,0.1,0.1,7.3,   5135
2026-07-24 15:57:04,8003,0.1,0.1,7.3,   5137
2026-07-24 15:57:06,8003,0.1,0.1,7.3,   5139
2026-07-24 15:57:08,8003,0.1,0.1,7.3,   5141
2026-07-24 15:57:10,8003,0.1,0.1,7.3,   5143
2026-07-24 15:57:12,8003,0.1,0.1,7.3,   5145
2026-07-24 15:57:14,8003,0.1,0.1,7.3,   5147
2026-07-24 15:57:16,8003,0.1,0.1,7.3,   5149
2026-07-24 15:57:18,8003,0.1,0.1,7.3,   5151
2026-07-24 15:57:21,8003,0.1,0.1,7.3,   5153
2026-07-24 15:57:23,8003,0.1,0.1,7.3,   5155
2026-07-24 15:57:25,8003,0.1,0.1,7.3,   5157
2026-07-24 15:57:27,8003,0.1,0.1,7.3,   5159
2026-07-24 15:57:29,8003,0.1,0.2,7.3,   5161
2026-07-24 15:57:31,8003,0.1,0.1,7.3,   5163
2026-07-24 15:57:33,8003,0.1,0.1,7.3,   5165
2026-07-24 15:57:35,8003,0.1,0.1,7.3,   5168
2026-07-24 15:57:37,8003,0.1,0.1,7.3,   5170
2026-07-24 15:57:39,8003,0.1,0.1,7.3,   5172
2026-07-24 15:57:41,8003,0.1,0.1,7.3,   5174
2026-07-24 15:57:43,8003,0.1,0.1,7.3,   5176
2026-07-24 15:57:45,8003,0.1,0.1,7.3,   5178
2026-07-24 15:57:47,8003,0.1,0.1,7.3,   5180
2026-07-24 15:57:49,8003,0.1,0.1,7.3,   5182
2026-07-24 15:57:51,8003,0.1,0.1,7.3,   5184
2026-07-24 15:57:54,8003,0.1,0.1,7.3,   5186
2026-07-24 15:57:56,8003,0.1,0.1,7.3,   5188
2026-07-24 15:57:58,8003,0.1,0.1,7.3,   5190
2026-07-24 15:58:00,8003,0.1,0.2,7.3,   5192
2026-07-24 15:58:02,8003,0.1,0.1,7.3,   5194
2026-07-24 15:58:04,8003,0.1,0.1,7.3,   5196
2026-07-24 15:58:06,8003,0.1,0.1,7.3,   5198
2026-07-24 15:58:08,8003,0.1,0.1,7.3,   5201
2026-07-24 15:58:10,8003,0.1,0.1,7.3,   5203
2026-07-24 15:58:12,8003,0.1,0.1,7.3,   5205
2026-07-24 15:58:14,8003,0.1,0.1,7.3,   5207
2026-07-24 15:58:16,8003,0.1,0.1,7.3,   5209
2026-07-24 15:58:18,8003,0.1,0.1,7.3,   5211
2026-07-24 15:58:20,8003,0.1,0.1,7.3,   5213
2026-07-24 15:58:22,8003,0.1,0.1,7.3,   5215
2026-07-24 15:58:25,8003,0.1,0.1,7.3,   5217
2026-07-24 15:58:27,8003,0.1,0.1,7.3,   5219
2026-07-24 15:58:29,8003,0.1,0.1,7.3,   5221
2026-07-24 15:58:31,8003,0.1,0.2,7.3,   5223
2026-07-24 15:58:33,8003,0.1,0.1,7.3,   5225
2026-07-24 15:58:35,8003,0.1,0.1,7.3,   5227
2026-07-24 15:58:37,8003,0.1,0.1,7.3,   5229
2026-07-24 15:58:39,8003,0.1,0.1,7.3,   5232
2026-07-24 15:58:41,8003,0.1,0.1,7.3,   5234
2026-07-24 15:58:43,8003,0.1,0.1,7.3,   5236
2026-07-24 15:58:45,8003,0.1,0.1,7.3,   5238
2026-07-24 15:58:47,8003,0.1,0.1,7.3,   5240
2026-07-24 15:58:49,8003,0.1,0.1,7.3,   5242
2026-07-24 15:58:51,8003,0.1,0.1,7.3,   5244
2026-07-24 15:58:53,8003,0.1,0.1,7.3,   5246
2026-07-24 15:58:55,8003,0.1,0.1,7.3,   5248
2026-07-24 15:58:58,8003,0.1,0.1,7.3,   5250
2026-07-24 15:59:00,8003,0.1,0.1,7.3,   5252
2026-07-24 15:59:02,8003,0.1,0.2,7.3,   5254
2026-07-24 15:59:04,8003,0.1,0.1,7.3,   5256
2026-07-24 15:59:06,8003,0.1,0.1,7.3,   5258
2026-07-24 15:59:08,8003,0.1,0.1,7.3,   5260
2026-07-24 15:59:10,8003,0.1,0.1,7.3,   5262
2026-07-24 15:59:12,8003,0.1,0.1,7.3,   5265
2026-07-24 15:59:14,8003,0.1,0.1,7.3,   5267
2026-07-24 15:59:16,8003,0.1,0.1,7.3,   5269
2026-07-24 15:59:18,8003,0.1,0.1,7.3,   5271
2026-07-24 15:59:20,8003,0.1,0.1,7.3,   5273
2026-07-24 15:59:22,8003,0.1,0.1,7.3,   5275
2026-07-24 15:59:24,8003,0.1,0.1,7.3,   5277
2026-07-24 15:59:26,8003,0.1,0.1,7.3,   5279
2026-07-24 15:59:29,8003,0.1,0.1,7.3,   5281
2026-07-24 15:59:31,8003,0.1,0.1,7.3,   5283
2026-07-24 15:59:33,8003,0.1,0.2,7.3,   5285
2026-07-24 15:59:35,8003,0.1,0.1,7.3,   5287
2026-07-24 15:59:37,8003,0.1,0.1,7.3,   5289
2026-07-24 15:59:39,8003,0.1,0.1,7.3,   5291
2026-07-24 15:59:41,8003,0.1,0.1,7.3,   5293
2026-07-24 15:59:43,8003,0.1,0.1,7.3,   5295
2026-07-24 15:59:45,8003,0.1,0.1,7.3,   5298
2026-07-24 15:59:47,8003,0.1,0.1,7.3,   5300
2026-07-24 15:59:49,8003,0.1,0.1,7.3,   5302
2026-07-24 15:59:51,8003,0.1,0.1,7.3,   5304
2026-07-24 15:59:53,8003,0.1,0.1,7.3,   5306
2026-07-24 15:59:55,8003,0.1,0.1,7.3,   5308
2026-07-24 15:59:57,8003,0.1,0.1,7.3,   5310
2026-07-24 15:59:59,8003,0.1,0.1,7.3,   5312
2026-07-24 16:00:02,8003,0.1,0.1,7.3,   5314
2026-07-24 16:00:04,8003,0.1,0.2,7.3,   5316
2026-07-24 16:00:06,8003,0.1,0.1,7.3,   5318
2026-07-24 16:00:08,8003,0.1,0.1,7.3,   5320
2026-07-24 16:00:10,8003,0.1,0.1,7.3,   5322
2026-07-24 16:00:12,8003,0.1,0.1,7.3,   5324
2026-07-24 16:00:14,8003,0.1,0.1,7.3,   5326
2026-07-24 16:00:16,8003,0.1,0.1,7.3,   5329
2026-07-24 16:00:18,8003,0.1,0.1,7.3,   5331
2026-07-24 16:00:20,8003,0.1,0.1,7.3,   5333
2026-07-24 16:00:22,8003,0.1,0.1,7.3,   5335
2026-07-24 16:00:24,8003,0.1,0.1,7.3,   5337
2026-07-24 16:00:26,8003,0.1,0.1,7.3,   5339
2026-07-24 16:00:28,8003,0.1,0.1,7.3,   5341
2026-07-24 16:00:30,8003,0.1,0.1,7.3,   5343
2026-07-24 16:00:33,8003,0.1,0.1,7.3,   5345
2026-07-24 16:00:35,8003,0.1,0.2,7.3,   5347
2026-07-24 16:00:37,8003,0.1,0.1,7.3,   5349
2026-07-24 16:00:39,8003,0.1,0.1,7.3,   5351
2026-07-24 16:00:41,8003,0.1,0.1,7.3,   5353
2026-07-24 16:00:43,8003,0.1,0.1,7.3,   5355
2026-07-24 16:00:45,8003,0.1,0.1,7.3,   5357
2026-07-24 16:00:47,8003,0.1,0.1,7.3,   5360
2026-07-24 16:00:49,8003,0.1,0.1,7.3,   5362
2026-07-24 16:00:51,8003,0.1,0.1,7.3,   5364
2026-07-24 16:00:53,8003,0.1,0.1,7.3,   5366
2026-07-24 16:00:55,8003,0.1,0.1,7.3,   5368
2026-07-24 16:00:57,8003,0.1,0.1,7.3,   5370
2026-07-24 16:00:59,8003,0.1,0.1,7.3,   5372
2026-07-24 16:01:01,8003,0.1,0.1,7.3,   5374
2026-07-24 16:01:03,8003,0.1,0.1,7.3,   5376
2026-07-24 16:01:06,8003,0.1,0.1,7.3,   5378
2026-07-24 16:01:08,8003,0.1,0.1,7.3,   5380
2026-07-24 16:01:10,8003,0.1,0.1,7.3,   5382
2026-07-24 16:01:12,8003,0.1,0.1,7.3,   5384
2026-07-24 16:01:14,8003,0.1,0.1,7.3,   5386
2026-07-24 16:01:16,8003,0.1,0.1,7.3,   5388
2026-07-24 16:01:18,8003,0.1,0.1,7.3,   5390
2026-07-24 16:01:20,8003,0.1,0.1,7.3,   5392
2026-07-24 16:01:22,8003,0.1,0.1,7.3,   5395
2026-07-24 16:01:24,8003,0.1,0.1,7.3,   5397
2026-07-24 16:01:26,8003,0.1,0.1,7.3,   5399
2026-07-24 16:01:28,8003,0.1,0.1,7.3,   5401
2026-07-24 16:01:30,8003,0.1,0.1,7.3,   5403
2026-07-24 16:01:32,8003,0.1,0.1,7.3,   5405
2026-07-24 16:01:34,8003,0.1,0.1,7.3,   5407
2026-07-24 16:01:36,8003,0.1,0.1,7.3,   5409
2026-07-24 16:01:38,8003,0.1,0.1,7.3,   5411
2026-07-24 16:01:41,8003,0.1,0.1,7.3,   5413
2026-07-24 16:01:43,8003,0.1,0.1,7.3,   5415
2026-07-24 16:01:45,8003,0.1,0.1,7.3,   5417
2026-07-24 16:01:47,8003,0.1,0.1,7.3,   5419
2026-07-24 16:01:49,8003,0.1,0.1,7.3,   5421
2026-07-24 16:01:51,8003,0.1,0.1,7.3,   5423
2026-07-24 16:01:53,8003,0.1,0.1,7.3,   5425
2026-07-24 16:01:55,8003,0.1,0.1,7.3,   5427
2026-07-24 16:01:57,8003,0.1,0.1,7.3,   5430
2026-07-24 16:01:59,8003,0.1,0.1,7.3,   5432
2026-07-24 16:02:01,8003,0.1,0.1,7.3,   5434
2026-07-24 16:02:03,8003,0.1,0.1,7.3,   5436
2026-07-24 16:02:05,8003,0.1,0.1,7.3,   5438
2026-07-24 16:02:07,8003,0.1,0.1,7.3,   5440
2026-07-24 16:02:09,8003,0.1,0.1,7.3,   5442
2026-07-24 16:02:11,8003,0.1,0.1,7.3,   5444
2026-07-24 16:02:14,8003,0.1,0.1,7.3,   5446
2026-07-24 16:02:16,8003,0.1,0.1,7.3,   5448
2026-07-24 16:02:18,8003,0.1,0.1,7.3,   5450
2026-07-24 16:02:20,8003,0.1,0.1,7.3,   5452
2026-07-24 16:02:22,8003,0.1,0.1,7.3,   5454
2026-07-24 16:02:24,8003,0.1,0.1,7.3,   5456
2026-07-24 16:02:26,8003,0.1,0.1,7.3,   5458
2026-07-24 16:02:28,8003,0.1,0.1,7.3,   5460
2026-07-24 16:02:30,8003,0.1,0.1,7.3,   5463
2026-07-24 16:02:32,8003,0.1,0.1,7.3,   5465
2026-07-24 16:02:34,8003,0.1,0.1,7.3,   5467
2026-07-24 16:02:36,8003,0.1,0.1,7.3,   5469
2026-07-24 16:02:38,8003,0.1,0.1,7.3,   5471
2026-07-24 16:02:40,8003,0.1,0.1,7.3,   5473
2026-07-24 16:02:42,8003,0.1,0.1,7.3,   5475
2026-07-24 16:02:44,8003,0.1,0.1,7.3,   5477
2026-07-24 16:02:46,8003,0.1,0.1,7.3,   5479
2026-07-24 16:02:49,8003,0.1,0.1,7.3,   5481
2026-07-24 16:02:51,8003,0.1,0.1,7.3,   5483
2026-07-24 16:02:53,8003,0.1,0.1,7.3,   5485
2026-07-24 16:02:55,8003,0.1,0.1,7.3,   5487
2026-07-24 16:02:57,8003,0.1,0.1,7.3,   5489
2026-07-24 16:02:59,8003,0.1,0.1,7.3,   5491
2026-07-24 16:03:01,8003,0.1,0.1,7.3,   5493
2026-07-24 16:03:03,8003,0.1,0.1,7.3,   5495
2026-07-24 16:03:05,8003,0.1,0.1,7.3,   5498
2026-07-24 16:03:07,8003,0.1,0.1,7.3,   5500
2026-07-24 16:03:09,8003,0.1,0.2,7.3,   5502
2026-07-24 16:03:11,8003,0.1,0.1,7.3,   5504
2026-07-24 16:03:13,8003,0.1,0.1,7.3,   5506
2026-07-24 16:03:15,8003,0.1,0.1,7.3,   5508
2026-07-24 16:03:17,8003,0.1,0.1,7.3,   5510
2026-07-24 16:03:19,8003,0.1,0.1,7.3,   5512
2026-07-24 16:03:22,8003,0.1,0.1,7.3,   5514
2026-07-24 16:03:24,8003,0.1,0.1,7.3,   5516
2026-07-24 16:03:26,8003,0.1,0.1,7.3,   5518
2026-07-24 16:03:28,8003,0.1,0.1,7.3,   5520
2026-07-24 16:03:30,8003,0.1,0.1,7.3,   5522
2026-07-24 16:03:32,8003,0.1,0.1,7.3,   5524
2026-07-24 16:03:34,8003,0.1,0.1,7.3,   5526
2026-07-24 16:03:36,8003,0.1,0.1,7.3,   5528
2026-07-24 16:03:38,8003,0.1,0.1,7.3,   5531
2026-07-24 16:03:40,8003,0.1,0.2,7.3,   5533
2026-07-24 16:03:42,8003,0.1,0.1,7.3,   5535
2026-07-24 16:03:44,8003,0.1,0.1,7.3,   5537
2026-07-24 16:03:46,8003,0.1,0.1,7.3,   5539
2026-07-24 16:03:48,8003,0.1,0.1,7.3,   5541
2026-07-24 16:03:50,8003,0.1,0.1,7.3,   5543
2026-07-24 16:03:52,8003,0.1,0.1,7.3,   5545
2026-07-24 16:03:55,8003,0.1,0.1,7.3,   5547
2026-07-24 16:03:57,8003,0.1,0.1,7.3,   5549
2026-07-24 16:03:59,8003,0.1,0.1,7.3,   5551
2026-07-24 16:04:01,8003,0.1,0.1,7.3,   5553
2026-07-24 16:04:03,8003,0.1,0.1,7.3,   5555
2026-07-24 16:04:05,8003,0.1,0.1,7.3,   5557
2026-07-24 16:04:07,8003,0.1,0.1,7.3,   5559
2026-07-24 16:04:09,8003,0.1,0.1,7.3,   5562
2026-07-24 16:04:11,8003,0.1,0.1,7.3,   5564
2026-07-24 16:04:13,8003,0.1,0.1,7.3,   5566
2026-07-24 16:04:15,8003,0.1,0.1,7.3,   5568
2026-07-24 16:04:17,8003,0.1,0.1,7.3,   5570
2026-07-24 16:04:19,8003,0.1,0.1,7.3,   5572
2026-07-24 16:04:21,8003,0.1,0.1,7.3,   5574
2026-07-24 16:04:23,8003,0.1,0.1,7.3,   5576
2026-07-24 16:04:25,8003,0.1,0.1,7.3,   5578
2026-07-24 16:04:28,8003,0.1,0.1,7.3,   5580
2026-07-24 16:04:30,8003,0.1,0.1,7.3,   5582
2026-07-24 16:04:32,8003,0.1,0.1,7.3,   5584
2026-07-24 16:04:34,8003,0.1,0.1,7.3,   5586
2026-07-24 16:04:36,8003,0.1,0.1,7.3,   5588
2026-07-24 16:04:38,8003,0.1,0.1,7.3,   5590
2026-07-24 16:04:40,8003,0.1,0.1,7.3,   5592
2026-07-24 16:04:42,8003,0.1,0.1,7.3,   5594
2026-07-24 16:04:44,8003,0.1,0.1,7.3,   5597
2026-07-24 16:04:46,8003,0.1,0.1,7.3,   5599
2026-07-24 16:04:48,8003,0.1,0.1,7.3,   5601
2026-07-24 16:04:50,8003,0.1,0.1,7.3,   5603
2026-07-24 16:04:52,8003,0.1,0.1,7.3,   5605
2026-07-24 16:04:54,8003,0.1,0.1,7.3,   5607
2026-07-24 16:04:56,8003,0.1,0.1,7.3,   5609
2026-07-24 16:04:58,8003,0.1,0.1,7.3,   5611
2026-07-24 16:05:01,8003,0.1,0.1,7.3,   5613
2026-07-24 16:05:03,8003,0.1,0.1,7.3,   5615
2026-07-24 16:05:05,8003,0.1,0.1,7.3,   5617
2026-07-24 16:05:07,8003,0.1,0.1,7.3,   5619
2026-07-24 16:05:09,8003,0.1,0.1,7.3,   5621
2026-07-24 16:05:11,8003,0.1,0.1,7.3,   5623
2026-07-24 16:05:13,8003,0.1,0.1,7.3,   5625
2026-07-24 16:05:15,8003,0.1,0.1,7.3,   5627
2026-07-24 16:05:17,8003,0.1,0.1,7.3,   5630
2026-07-24 16:05:19,8003,0.1,0.1,7.3,   5632
2026-07-24 16:05:21,8003,0.1,0.1,7.3,   5634
2026-07-24 16:05:23,8003,0.1,0.1,7.3,   5636
2026-07-24 16:05:25,8003,0.1,0.1,7.3,   5638
2026-07-24 16:05:27,8003,0.1,0.1,7.3,   5640
2026-07-24 16:05:29,8003,0.1,0.1,7.3,   5642
2026-07-24 16:05:31,8003,0.1,0.1,7.3,   5644
2026-07-24 16:05:34,8003,0.1,0.1,7.3,   5646
2026-07-24 16:05:36,8003,0.1,0.1,7.3,   5648
2026-07-24 16:05:38,8003,0.1,0.1,7.3,   5650
2026-07-24 16:05:40,8003,0.1,0.1,7.3,   5652
2026-07-24 16:05:42,8003,0.1,0.1,7.3,   5654
2026-07-24 16:05:44,8003,0.1,0.1,7.3,   5656
2026-07-24 16:05:46,8003,0.1,0.1,7.3,   5658
2026-07-24 16:05:48,8003,0.1,0.1,7.3,   5661
2026-07-24 16:05:50,8003,0.1,0.1,7.3,   5663
2026-07-24 16:05:52,8003,0.1,0.1,7.3,   5665
2026-07-24 16:05:54,8003,0.1,0.1,7.3,   5667
2026-07-24 16:05:56,8003,0.1,0.1,7.3,   5669
2026-07-24 16:05:58,8003,0.1,0.1,7.3,   5671
2026-07-24 16:06:00,8003,0.1,0.1,7.3,   5673
2026-07-24 16:06:02,8003,0.1,0.1,7.3,   5675
2026-07-24 16:06:05,8003,0.1,0.1,7.3,   5677
2026-07-24 16:06:07,8003,0.1,0.1,7.3,   5679
2026-07-24 16:06:09,8003,0.1,0.1,7.3,   5681
2026-07-24 16:06:11,8003,0.1,0.1,7.3,   5683
2026-07-24 16:06:13,8003,0.1,0.1,7.3,   5685
2026-07-24 16:06:15,8003,0.1,0.1,7.3,   5687
2026-07-24 16:06:17,8003,0.1,0.1,7.3,   5689
2026-07-24 16:06:19,8003,0.1,0.1,7.3,   5692
2026-07-24 16:06:21,8003,0.1,0.1,7.3,   5694
2026-07-24 16:06:23,8003,0.1,0.1,7.3,   5696
2026-07-24 16:06:25,8003,0.1,0.1,7.3,   5698
2026-07-24 16:06:27,8003,0.1,0.1,7.3,   5700
2026-07-24 16:06:29,8003,0.1,0.1,7.3,   5702
2026-07-24 16:06:31,8003,0.1,0.1,7.3,   5704
2026-07-24 16:06:33,8003,0.1,0.1,7.3,   5706
2026-07-24 16:06:35,8003,0.1,0.1,7.3,   5708
2026-07-24 16:06:38,8003,0.1,0.1,7.3,   5710
2026-07-24 16:06:40,8003,0.1,0.1,7.3,   5712
2026-07-24 16:06:42,8003,0.1,0.1,7.3,   5714
2026-07-24 16:06:44,8003,0.1,0.1,7.3,   5716
2026-07-24 16:06:46,8003,0.1,0.1,7.3,   5718
2026-07-24 16:06:48,8003,0.1,0.1,7.3,   5720
2026-07-24 16:06:50,8003,0.1,0.1,7.3,   5722
2026-07-24 16:06:52,8003,0.1,0.1,7.3,   5724
2026-07-24 16:06:54,8003,0.1,0.1,7.3,   5727
2026-07-24 16:06:56,8003,0.1,0.1,7.3,   5729
2026-07-24 16:06:58,8003,0.1,0.1,7.3,   5731
2026-07-24 16:07:00,8003,0.1,0.1,7.3,   5733
2026-07-24 16:07:02,8003,0.1,0.1,7.3,   5735
2026-07-24 16:07:04,8003,0.1,0.1,7.3,   5737
2026-07-24 16:07:06,8003,0.1,0.1,7.3,   5739
2026-07-24 16:07:08,8003,0.1,0.1,7.3,   5741
2026-07-24 16:07:11,8003,0.1,0.1,7.3,   5743
2026-07-24 16:07:13,8003,0.1,0.1,7.3,   5745
2026-07-24 16:07:15,8003,0.1,0.1,7.3,   5747
2026-07-24 16:07:17,8003,0.1,0.1,7.3,   5749
2026-07-24 16:07:19,8003,0.1,0.1,7.3,   5751
2026-07-24 16:07:21,8003,0.1,0.1,7.3,   5753
2026-07-24 16:07:23,8003,0.1,0.1,7.3,   5755
2026-07-24 16:07:25,8003,0.1,0.1,7.3,   5758
2026-07-24 16:07:27,8003,0.1,0.1,7.3,   5760
2026-07-24 16:07:29,8003,0.1,0.1,7.3,   5762
2026-07-24 16:07:31,8003,0.1,0.1,7.3,   5764
2026-07-24 16:07:33,8003,0.1,0.1,7.3,   5766
2026-07-24 16:07:35,8003,0.1,0.1,7.3,   5768
2026-07-24 16:07:37,8003,0.1,0.1,7.3,   5770
2026-07-24 16:07:39,8003,0.1,0.1,7.3,   5772
2026-07-24 16:07:42,8003,0.1,0.1,7.3,   5774
2026-07-24 16:07:44,8003,0.1,0.1,7.3,   5776
2026-07-24 16:07:46,8003,0.1,0.1,7.3,   5778
2026-07-24 16:07:48,8003,0.1,0.1,7.3,   5780
2026-07-24 16:07:50,8003,0.1,0.1,7.3,   5782
2026-07-24 16:07:52,8003,0.1,0.1,7.3,   5784
2026-07-24 16:07:54,8003,0.1,0.1,7.3,   5786
2026-07-24 16:07:56,8003,0.1,0.1,7.3,   5789
2026-07-24 16:07:58,8003,0.1,0.1,7.3,   5791
2026-07-24 16:08:00,8003,0.1,0.1,7.3,   5793
2026-07-24 16:08:02,8003,0.1,0.1,7.3,   5795
2026-07-24 16:08:04,8003,0.1,0.1,7.3,   5797
2026-07-24 16:08:06,8003,0.1,0.1,7.3,   5799
2026-07-24 16:08:08,8003,0.1,0.1,7.3,   5801
2026-07-24 16:08:10,8003,0.1,0.1,7.3,   5803
2026-07-24 16:08:12,8003,0.1,0.1,7.3,   5805
2026-07-24 16:08:15,8003,0.1,0.1,7.3,   5807
2026-07-24 16:08:17,8003,0.1,0.1,7.3,   5809
2026-07-24 16:08:19,8003,0.1,0.1,7.3,   5811
2026-07-24 16:08:21,8003,0.1,0.1,7.3,   5813
2026-07-24 16:08:23,8003,0.1,0.1,7.3,   5815
2026-07-24 16:08:25,8003,0.1,0.1,7.3,   5817
2026-07-24 16:08:27,8003,0.1,0.1,7.3,   5819
2026-07-24 16:08:29,8003,0.1,0.1,7.3,   5822
2026-07-24 16:08:31,8003,0.1,0.1,7.3,   5824
2026-07-24 16:08:33,8003,0.1,0.1,7.3,   5826
2026-07-24 16:08:35,8003,0.1,0.1,7.3,   5828
2026-07-24 16:08:37,8003,0.1,0.1,7.3,   5830
2026-07-24 16:08:39,8003,0.1,0.1,7.3,   5832
2026-07-24 16:08:41,8003,0.1,0.1,7.3,   5834
2026-07-24 16:08:43,8003,0.1,0.1,7.3,   5836
2026-07-24 16:08:46,8003,0.1,0.1,7.3,   5838
2026-07-24 16:08:48,8003,0.1,0.1,7.3,   5840
2026-07-24 16:08:50,8003,0.1,0.1,7.3,   5842
2026-07-24 16:08:52,8003,0.1,0.1,7.3,   5844
2026-07-24 16:08:54,8003,0.1,0.1,7.3,   5846
2026-07-24 16:08:56,8003,0.1,0.1,7.3,   5848
2026-07-24 16:08:58,8003,0.1,0.1,7.3,   5851
2026-07-24 16:09:00,8003,0.1,0.1,7.3,   5853
2026-07-24 16:09:02,8003,0.1,0.1,7.3,   5855
2026-07-24 16:09:04,8003,0.1,0.1,7.3,   5857
2026-07-24 16:09:06,8003,0.1,0.1,7.3,   5859
2026-07-24 16:09:08,8003,0.1,0.1,7.3,   5861
2026-07-24 16:09:10,8003,0.1,0.1,7.3,   5863
2026-07-24 16:09:12,8003,0.1,0.1,7.3,   5865
2026-07-24 16:09:14,8003,0.1,0.1,7.3,   5867
2026-07-24 16:09:17,8003,0.1,0.1,7.3,   5869
2026-07-24 16:09:19,8003,0.1,0.1,7.3,   5871
2026-07-24 16:09:21,8003,0.1,0.1,7.3,   5873
2026-07-24 16:09:23,8003,0.1,0.1,7.3,   5875
2026-07-24 16:09:25,8003,0.1,0.1,7.3,   5877
2026-07-24 16:09:27,8003,0.1,0.1,7.3,   5879
2026-07-24 16:09:29,8003,0.1,0.1,7.3,   5881
2026-07-24 16:09:31,8003,0.1,0.1,7.3,   5884
2026-07-24 16:09:33,8003,0.1,0.1,7.3,   5886
2026-07-24 16:09:35,8003,0.1,0.1,7.3,   5888
2026-07-24 16:09:37,8003,0.1,0.1,7.3,   5890
2026-07-24 16:09:39,8003,0.1,0.1,7.3,   5892
2026-07-24 16:09:41,8003,0.1,0.1,7.3,   5894
2026-07-24 16:09:43,8003,0.1,0.1,7.3,   5896
2026-07-24 16:09:45,8003,0.1,0.1,7.3,   5898
2026-07-24 16:09:48,8003,0.1,0.1,7.3,   5900
2026-07-24 16:09:50,8003,0.1,0.1,7.3,   5902
2026-07-24 16:09:52,8003,0.1,0.1,7.3,   5904
2026-07-24 16:09:54,8003,0.1,0.1,7.3,   5906
2026-07-24 16:09:56,8003,0.1,0.1,7.3,   5908
2026-07-24 16:09:58,8003,0.1,0.1,7.3,   5910
2026-07-24 16:10:00,8003,0.1,0.1,7.3,   5912
2026-07-24 16:10:02,8003,0.1,0.1,7.3,   5915
2026-07-24 16:10:04,8003,0.1,0.1,7.3,   5917
2026-07-24 16:10:06,8003,0.1,0.1,7.3,   5919
2026-07-24 16:10:08,8003,0.1,0.1,7.3,   5921
2026-07-24 16:10:10,8003,0.1,0.1,7.3,   5923
2026-07-24 16:10:12,8003,0.1,0.1,7.3,   5925
2026-07-24 16:10:14,8003,0.1,0.1,7.3,   5927
2026-07-24 16:10:16,8003,0.1,0.1,7.3,   5929
2026-07-24 16:10:19,8003,0.1,0.1,7.3,   5931
2026-07-24 16:10:21,8003,0.1,0.1,7.3,   5933
2026-07-24 16:10:23,8003,0.1,0.1,7.3,   5935
2026-07-24 16:10:25,8003,0.1,0.1,7.3,   5937
2026-07-24 16:10:27,8003,0.1,0.1,7.3,   5939
2026-07-24 16:10:29,8003,0.1,0.1,7.3,   5941
2026-07-24 16:10:31,8003,0.1,0.1,7.3,   5943
2026-07-24 16:10:33,8003,0.1,0.1,7.3,   5945
2026-07-24 16:10:35,8003,0.1,0.1,7.3,   5948
2026-07-24 16:10:37,8003,0.1,0.1,7.3,   5950
2026-07-24 16:10:39,8003,0.1,0.1,7.3,   5952
2026-07-24 16:10:41,8003,0.1,0.1,7.3,   5954
2026-07-24 16:10:43,8003,0.1,0.1,7.3,   5956
2026-07-24 16:10:45,8003,0.1,0.1,7.3,   5958
2026-07-24 16:10:47,8003,0.1,0.1,7.3,   5960
2026-07-24 16:10:49,8003,0.1,0.1,7.3,   5962
2026-07-24 16:10:52,8003,0.1,0.1,7.3,   5964
2026-07-24 16:10:54,8003,0.1,0.1,7.3,   5966
2026-07-24 16:10:56,8003,0.1,0.1,7.3,   5968
2026-07-24 16:10:58,8003,0.1,0.1,7.3,   5970
2026-07-24 16:11:00,8003,0.1,0.1,7.3,   5972
2026-07-24 16:11:02,8003,0.1,0.1,7.3,   5974
2026-07-24 16:11:04,8003,0.1,0.1,7.3,   5976
2026-07-24 16:11:06,8003,0.1,0.1,7.3,   5978
2026-07-24 16:11:08,8003,0.1,0.1,7.3,   5981
2026-07-24 16:11:10,8003,0.1,0.1,7.3,   5983
2026-07-24 16:11:12,8003,0.1,0.1,7.3,   5985
2026-07-24 16:11:14,8003,0.1,0.1,7.3,   5987
2026-07-24 16:11:16,8003,0.1,0.1,7.3,   5989
2026-07-24 16:11:18,8003,0.1,0.1,7.3,   5991
2026-07-24 16:11:20,8003,0.1,0.1,7.3,   5993
2026-07-24 16:11:22,8003,0.1,0.1,7.3,   5995
2026-07-24 16:11:25,8003,0.1,0.1,7.3,   5997
2026-07-24 16:11:27,8003,0.1,0.1,7.3,   5999
2026-07-24 16:11:29,8003,0.1,0.1,7.3,   6001
2026-07-24 16:11:31,8003,0.1,0.1,7.3,   6003
2026-07-24 16:11:33,8003,0.1,0.1,7.3,   6005
2026-07-24 16:11:35,8003,0.1,0.1,7.3,   6007
2026-07-24 16:11:37,8003,0.1,0.1,7.3,   6009
2026-07-24 16:11:39,8003,0.1,0.1,7.3,   6011
2026-07-24 16:11:41,8003,0.1,0.1,7.3,   6014
2026-07-24 16:11:43,8003,0.1,0.1,7.3,   6016
2026-07-24 16:11:45,8003,0.1,0.1,7.3,   6018
2026-07-24 16:11:47,8003,0.1,0.1,7.3,   6020
2026-07-24 16:11:49,8003,0.1,0.1,7.3,   6022
2026-07-24 16:11:51,8003,0.1,0.1,7.3,   6024
2026-07-24 16:11:53,8003,0.1,0.1,7.3,   6026
2026-07-24 16:11:55,8003,0.1,0.1,7.3,   6028
2026-07-24 16:11:58,8003,0.1,0.1,7.3,   6030
2026-07-24 16:12:00,8003,0.1,0.1,7.3,   6032
2026-07-24 16:12:02,8003,0.1,0.1,7.3,   6034
2026-07-24 16:12:04,8003,0.1,0.1,7.3,   6036
2026-07-24 16:12:06,8003,0.1,0.1,7.3,   6038
2026-07-24 16:12:08,8003,0.1,0.1,7.3,   6040
2026-07-24 16:12:10,8003,0.1,0.1,7.3,   6042
2026-07-24 16:12:12,8003,0.1,0.1,7.3,   6044
2026-07-24 16:12:14,8003,0.1,0.1,7.3,   6047
2026-07-24 16:12:16,8003,0.1,0.1,7.3,   6049
2026-07-24 16:12:18,8003,0.1,0.1,7.3,   6051
2026-07-24 16:12:20,8003,0.1,0.1,7.3,   6053
2026-07-24 16:12:22,8003,0.1,0.1,7.3,   6055
2026-07-24 16:12:24,8003,0.1,0.1,7.3,   6057
2026-07-24 16:12:26,8003,0.1,0.1,7.3,   6059
2026-07-24 16:12:28,8003,0.1,0.1,7.3,   6061
2026-07-24 16:12:31,8003,0.1,0.1,7.3,   6063
2026-07-24 16:12:33,8003,0.1,0.1,7.3,   6065
2026-07-24 16:12:35,8003,0.1,0.1,7.3,   6067
2026-07-24 16:12:37,8003,0.1,0.1,7.3,   6069
2026-07-24 16:12:39,8003,0.1,0.1,7.3,   6071
2026-07-24 16:12:41,8003,0.1,0.1,7.3,   6073
2026-07-24 16:12:43,8003,0.1,0.1,7.3,   6075
2026-07-24 16:12:45,8003,0.1,0.1,7.3,   6077
2026-07-24 16:12:47,8003,0.1,0.1,7.3,   6080
2026-07-24 16:12:49,8003,0.1,0.1,7.3,   6082
2026-07-24 16:12:51,8003,0.1,0.1,7.3,   6084
2026-07-24 16:12:53,8003,0.1,0.1,7.3,   6086
2026-07-24 16:12:55,8003,0.1,0.1,7.3,   6088
2026-07-24 16:12:57,8003,0.1,0.1,7.3,   6090
2026-07-24 16:12:59,8003,0.1,0.1,7.3,   6092
2026-07-24 16:13:02,8003,0.1,0.1,7.3,   6094
2026-07-24 16:13:04,8003,0.1,0.1,7.3,   6096
2026-07-24 16:13:06,8003,0.1,0.1,7.3,   6098
2026-07-24 16:13:08,8003,0.1,0.1,7.3,   6100
2026-07-24 16:13:10,8003,0.1,0.1,7.3,   6102
2026-07-24 16:13:12,8003,0.1,0.1,7.3,   6104
2026-07-24 16:13:14,8003,0.1,0.1,7.3,   6106
2026-07-24 16:13:16,8003,0.1,0.1,7.3,   6108
2026-07-24 16:13:18,8003,0.1,0.1,7.3,   6110
2026-07-24 16:13:20,8003,0.1,0.1,7.3,   6113
2026-07-24 16:13:22,8003,0.1,0.1,7.3,   6115
2026-07-24 16:13:24,8003,0.1,0.1,7.3,   6117
2026-07-24 16:13:26,8003,0.1,0.1,7.3,   6119
2026-07-24 16:13:28,8003,0.1,0.1,7.3,   6121
2026-07-24 16:13:30,8003,0.1,0.1,7.3,   6123
2026-07-24 16:13:32,8003,0.1,0.1,7.3,   6125
2026-07-24 16:13:34,8003,0.1,0.1,7.3,   6127
2026-07-24 16:13:37,8003,0.1,0.1,7.3,   6129
2026-07-24 16:13:39,8003,0.1,0.1,7.3,   6131
2026-07-24 16:13:41,8003,0.1,0.1,7.3,   6133
2026-07-24 16:13:43,8003,0.1,0.1,7.3,   6135
2026-07-24 16:13:45,8003,0.1,0.1,7.3,   6137
2026-07-24 16:13:47,8003,0.1,0.1,7.3,   6139
2026-07-24 16:13:49,8003,0.1,0.1,7.3,   6141
2026-07-24 16:13:51,8003,0.1,0.1,7.3,   6143
2026-07-24 16:13:53,8003,0.1,0.1,7.3,   6146
2026-07-24 16:13:55,8003,0.1,0.1,7.3,   6148
2026-07-24 16:13:57,8003,0.1,0.1,7.3,   6150
2026-07-24 16:13:59,8003,0.1,0.1,7.3,   6152
2026-07-24 16:14:01,8003,0.1,0.1,7.3,   6154
2026-07-24 16:14:03,8003,0.1,0.1,7.3,   6156
2026-07-24 16:14:05,8003,0.1,0.1,7.3,   6158
2026-07-24 16:14:07,8003,0.1,0.1,7.3,   6160
2026-07-24 16:14:10,8003,0.1,0.1,7.3,   6162
2026-07-24 16:14:12,8003,0.1,0.1,7.3,   6164
2026-07-24 16:14:14,8003,0.1,0.1,7.3,   6166
2026-07-24 16:14:16,8003,0.1,0.1,7.3,   6168
2026-07-24 16:14:18,8003,0.1,0.1,7.3,   6170
2026-07-24 16:14:20,8003,0.1,0.1,7.3,   6172
2026-07-24 16:14:22,8003,0.1,0.1,7.3,   6174
2026-07-24 16:14:24,8003,0.1,0.1,7.3,   6176
2026-07-24 16:14:26,8003,0.1,0.1,7.3,   6179
2026-07-24 16:14:28,8003,0.1,0.1,7.3,   6181
2026-07-24 16:14:30,8003,0.1,0.1,7.3,   6183
2026-07-24 16:14:32,8003,0.1,0.1,7.3,   6185
2026-07-24 16:14:34,8003,0.1,0.1,7.3,   6187
2026-07-24 16:14:36,8003,0.1,0.1,7.3,   6189
2026-07-24 16:14:38,8003,0.1,0.1,7.3,   6191
2026-07-24 16:14:40,8003,0.1,0.1,7.3,   6193
2026-07-24 16:14:43,8003,0.1,0.1,7.3,   6195
2026-07-24 16:14:45,8003,0.1,0.1,7.3,   6197
2026-07-24 16:14:47,8003,0.1,0.1,7.3,   6199
2026-07-24 16:14:49,8003,0.1,0.1,7.3,   6201
2026-07-24 16:14:51,8003,0.1,0.1,7.3,   6203
2026-07-24 16:14:53,8003,0.1,0.1,7.3,   6205
2026-07-24 16:14:55,8003,0.1,0.1,7.3,   6207
2026-07-24 16:14:57,8003,0.1,0.1,7.3,   6209
2026-07-24 16:14:59,8003,0.1,0.1,7.3,   6212
2026-07-24 16:15:01,8003,0.1,0.1,7.3,   6214
2026-07-24 16:15:03,8003,0.1,0.1,7.3,   6216
2026-07-24 16:15:05,8003,0.1,0.1,7.3,   6218
2026-07-24 16:15:07,8003,0.1,0.1,7.3,   6220
2026-07-24 16:15:09,8003,0.1,0.1,7.3,   6222
2026-07-24 16:15:11,8003,0.1,0.1,7.3,   6224
2026-07-24 16:15:13,8003,0.1,0.1,7.3,   6226
2026-07-24 16:15:16,8003,0.1,0.1,7.3,   6228
2026-07-24 16:15:18,8003,0.1,0.1,7.3,   6230
2026-07-24 16:15:20,8003,0.1,0.1,7.3,   6232
2026-07-24 16:15:22,8003,0.1,0.1,7.3,   6234
2026-07-24 16:15:24,8003,0.1,0.1,7.3,   6236
2026-07-24 16:15:26,8003,0.1,0.1,7.3,   6238
2026-07-24 16:15:28,8003,0.1,0.1,7.3,   6240
2026-07-24 16:15:30,8003,0.1,0.1,7.3,   6242
2026-07-24 16:15:32,8003,0.1,0.1,7.3,   6245
2026-07-24 16:15:34,8003,0.1,0.1,7.3,   6247
2026-07-24 16:15:36,8003,0.1,0.1,7.3,   6249
2026-07-24 16:15:38,8003,0.1,0.1,7.3,   6251
2026-07-24 16:15:40,8003,0.1,0.1,7.3,   6253
2026-07-24 16:15:42,8003,0.1,0.1,7.3,   6255
2026-07-24 16:15:44,8003,0.1,0.1,7.3,   6257
2026-07-24 16:15:46,8003,0.1,0.1,7.3,   6259
2026-07-24 16:15:49,8003,0.1,0.1,7.3,   6261
2026-07-24 16:15:51,8003,0.1,0.1,7.3,   6263
2026-07-24 16:15:53,8003,0.1,0.1,7.3,   6265
2026-07-24 16:15:55,8003,0.1,0.1,7.3,   6267
2026-07-24 16:15:57,8003,0.1,0.1,7.3,   6269
2026-07-24 16:15:59,8003,0.1,0.1,7.3,   6271
2026-07-24 16:16:01,8003,0.1,0.2,7.3,   6273
2026-07-24 16:16:03,8003,0.1,0.1,7.3,   6276
2026-07-24 16:16:05,8003,0.1,0.1,7.3,   6278
2026-07-24 16:16:07,8003,0.1,0.1,7.3,   6280
2026-07-24 16:16:09,8003,0.1,0.1,7.3,   6282
2026-07-24 16:16:11,8003,0.1,0.1,7.3,   6284
2026-07-24 16:16:13,8003,0.1,0.1,7.3,   6286
2026-07-24 16:16:15,8003,0.1,0.1,7.3,   6288
2026-07-24 16:16:17,8003,0.1,0.1,7.3,   6290
2026-07-24 16:16:20,8003,0.1,0.1,7.3,   6292
2026-07-24 16:16:22,8003,0.1,0.1,7.3,   6294
2026-07-24 16:16:24,8003,0.1,0.1,7.3,   6296
2026-07-24 16:16:26,8003,0.1,0.1,7.3,   6298
2026-07-24 16:16:28,8003,0.1,0.1,7.3,   6300
2026-07-24 16:16:30,8003,0.1,0.1,7.3,   6302
2026-07-24 16:16:32,8003,0.1,0.2,7.3,   6304
2026-07-24 16:16:34,8003,0.1,0.1,7.3,   6307
2026-07-24 16:16:36,8003,0.1,0.1,7.3,   6309
2026-07-24 16:16:38,8003,0.1,0.1,7.3,   6311
2026-07-24 16:16:40,8003,0.1,0.1,7.3,   6313
2026-07-24 16:16:42,8003,0.1,0.1,7.3,   6315
2026-07-24 16:16:44,8003,0.1,0.1,7.3,   6317
2026-07-24 16:16:46,8003,0.1,0.1,7.3,   6319
2026-07-24 16:16:48,8003,0.1,0.1,7.3,   6321
2026-07-24 16:16:51,8003,0.1,0.1,7.3,   6323
2026-07-24 16:16:53,8003,0.1,0.1,7.3,   6325
2026-07-24 16:16:55,8003,0.1,0.1,7.3,   6327
2026-07-24 16:16:57,8003,0.1,0.1,7.3,   6329
2026-07-24 16:16:59,8003,0.1,0.1,7.3,   6331
2026-07-24 16:17:01,8003,0.1,0.1,7.3,   6333
2026-07-24 16:17:03,8003,0.1,0.2,7.3,   6335
2026-07-24 16:17:05,8003,0.1,0.1,7.3,   6338
2026-07-24 16:17:07,8003,0.1,0.1,7.3,   6340
2026-07-24 16:17:09,8003,0.1,0.1,7.3,   6342
2026-07-24 16:17:11,8003,0.1,0.1,7.3,   6344
2026-07-24 16:17:13,8003,0.1,0.1,7.3,   6346
2026-07-24 16:17:15,8003,0.1,0.1,7.3,   6348
2026-07-24 16:17:17,8003,0.1,0.1,7.3,   6350
2026-07-24 16:17:19,8003,0.1,0.1,7.3,   6352
2026-07-24 16:17:21,8003,0.1,0.1,7.3,   6354
2026-07-24 16:17:24,8003,0.1,0.1,7.3,   6356
2026-07-24 16:17:26,8003,0.1,0.1,7.3,   6358
2026-07-24 16:17:28,8003,0.1,0.1,7.3,   6360
2026-07-24 16:17:30,8003,0.1,0.1,7.3,   6362
2026-07-24 16:17:32,8003,0.1,0.1,7.3,   6364
2026-07-24 16:17:34,8003,0.1,0.2,7.3,   6366
2026-07-24 16:17:36,8003,0.1,0.1,7.3,   6369
2026-07-24 16:17:38,8003,0.1,0.1,7.3,   6371
2026-07-24 16:17:40,8003,0.1,0.1,7.3,   6373
2026-07-24 16:17:42,8003,0.1,0.1,7.3,   6375
2026-07-24 16:17:44,8003,0.1,0.1,7.3,   6377
2026-07-24 16:17:46,8003,0.1,0.1,7.3,   6379
2026-07-24 16:17:48,8003,0.1,0.1,7.3,   6381
2026-07-24 16:17:50,8003,0.1,0.1,7.3,   6383
2026-07-24 16:17:52,8003,0.1,0.1,7.3,   6385
2026-07-24 16:17:55,8003,0.1,0.1,7.3,   6387
2026-07-24 16:17:57,8003,0.1,0.1,7.3,   6389
2026-07-24 16:17:59,8003,0.1,0.1,7.3,   6391
2026-07-24 16:18:01,8003,0.1,0.1,7.3,   6393
2026-07-24 16:18:03,8003,0.1,0.1,7.3,   6395
2026-07-24 16:18:05,8003,0.1,0.2,7.3,   6397
2026-07-24 16:18:07,8003,0.1,0.1,7.3,   6399
2026-07-24 16:18:09,8003,0.1,0.1,7.3,   6402
2026-07-24 16:18:11,8003,0.1,0.1,7.3,   6404
2026-07-24 16:18:13,8003,0.1,0.1,7.3,   6406
2026-07-24 16:18:15,8003,0.1,0.1,7.3,   6408
2026-07-24 16:18:17,8003,0.1,0.1,7.3,   6410
2026-07-24 16:18:19,8003,0.1,0.1,7.3,   6412
2026-07-24 16:18:21,8003,0.1,0.1,7.3,   6414
2026-07-24 16:18:23,8003,0.1,0.1,7.3,   6416
2026-07-24 16:18:26,8003,0.1,0.1,7.3,   6418
2026-07-24 16:18:28,8003,0.1,0.1,7.3,   6420
2026-07-24 16:18:30,8003,0.1,0.1,7.3,   6422
2026-07-24 16:18:32,8003,0.1,0.1,7.3,   6424
2026-07-24 16:18:34,8003,0.1,0.1,7.3,   6426
2026-07-24 16:18:36,8003,0.1,0.2,7.3,   6428
2026-07-24 16:18:38,8003,0.1,0.1,7.3,   6430
2026-07-24 16:18:40,8003,0.1,0.1,7.3,   6433
2026-07-24 16:18:42,8003,0.1,0.1,7.3,   6435
2026-07-24 16:18:44,8003,0.1,0.1,7.3,   6437
2026-07-24 16:18:46,8003,0.1,0.1,7.3,   6439
2026-07-24 16:18:48,8003,0.1,0.1,7.3,   6441
2026-07-24 16:18:50,8003,0.1,0.1,7.3,   6443
2026-07-24 16:18:52,8003,0.1,0.1,7.3,   6445
2026-07-24 16:18:54,8003,0.1,0.1,7.3,   6447
2026-07-24 16:18:57,8003,0.1,0.1,7.3,   6449
2026-07-24 16:18:59,8003,0.1,0.1,7.3,   6451
2026-07-24 16:19:01,8003,0.1,0.1,7.3,   6453
2026-07-24 16:19:03,8003,0.1,0.1,7.3,   6455
2026-07-24 16:19:05,8003,0.1,0.1,7.3,   6457
2026-07-24 16:19:07,8003,0.1,0.2,7.3,   6459
2026-07-24 16:19:09,8003,0.1,0.1,7.3,   6461
2026-07-24 16:19:11,8003,0.1,0.1,7.3,   6464
2026-07-24 16:19:13,8003,0.1,0.1,7.3,   6466
2026-07-24 16:19:15,8003,0.1,0.1,7.3,   6468
2026-07-24 16:19:17,8003,0.1,0.1,7.3,   6470
2026-07-24 16:19:19,8003,0.1,0.1,7.3,   6472
2026-07-24 16:19:21,8003,0.1,0.1,7.3,   6474
2026-07-24 16:19:23,8003,0.1,0.1,7.3,   6476
2026-07-24 16:19:25,8003,0.1,0.1,7.3,   6478
2026-07-24 16:19:27,8003,0.1,0.1,7.3,   6480
2026-07-24 16:19:30,8003,0.1,0.1,7.3,   6482
2026-07-24 16:19:32,8003,0.1,0.1,7.3,   6484
2026-07-24 16:19:34,8003,0.1,0.1,7.3,   6486
2026-07-24 16:19:36,8003,0.1,0.1,7.3,   6488
2026-07-24 16:19:38,8003,0.1,0.2,7.3,   6490
2026-07-24 16:19:40,8003,0.1,0.1,7.3,   6492
2026-07-24 16:19:42,8003,0.1,0.1,7.3,   6494
2026-07-24 16:19:44,8003,0.1,0.1,7.3,   6497
2026-07-24 16:19:46,8003,0.1,0.1,7.3,   6499
2026-07-24 16:19:48,8003,0.1,0.1,7.3,   6501
2026-07-24 16:19:50,8003,0.1,0.1,7.3,   6503
2026-07-24 16:19:52,8003,0.1,0.1,7.3,   6505
2026-07-24 16:19:54,8003,0.1,0.1,7.3,   6507
2026-07-24 16:19:56,8003,0.1,0.1,7.3,   6509
2026-07-24 16:19:58,8003,0.1,0.1,7.3,   6511
2026-07-24 16:20:00,8003,0.1,0.1,7.3,   6513
2026-07-24 16:20:03,8003,0.1,0.1,7.3,   6515
2026-07-24 16:20:05,8003,0.1,0.1,7.3,   6517
2026-07-24 16:20:07,8003,0.1,0.1,7.3,   6519
2026-07-24 16:20:09,8003,0.1,0.2,7.3,   6521
2026-07-24 16:20:11,8003,0.1,0.1,7.3,   6523
2026-07-24 16:20:13,8003,0.1,0.1,7.3,   6525
2026-07-24 16:20:15,8003,0.1,0.1,7.3,   6527
2026-07-24 16:20:17,8003,0.1,0.1,7.3,   6530
2026-07-24 16:20:19,8003,0.1,0.1,7.3,   6532
2026-07-24 16:20:21,8003,0.1,0.1,7.3,   6534
2026-07-24 16:20:23,8003,0.1,0.1,7.3,   6536
2026-07-24 16:20:25,8003,0.1,0.1,7.3,   6538
2026-07-24 16:20:27,8003,0.1,0.1,7.3,   6540
2026-07-24 16:20:29,8003,0.1,0.1,7.3,   6542
2026-07-24 16:20:31,8003,0.1,0.1,7.3,   6544
2026-07-24 16:20:34,8003,0.1,0.1,7.3,   6546
2026-07-24 16:20:36,8003,0.1,0.1,7.3,   6548
2026-07-24 16:20:38,8003,0.1,0.1,7.3,   6550
2026-07-24 16:20:40,8003,0.1,0.2,7.3,   6552
2026-07-24 16:20:42,8003,0.1,0.1,7.3,   6554
2026-07-24 16:20:44,8003,0.1,0.1,7.3,   6556
2026-07-24 16:20:46,8003,0.1,0.1,7.3,   6558
2026-07-24 16:20:48,8003,0.1,0.1,7.3,   6560
2026-07-24 16:20:50,8003,0.1,0.1,7.3,   6563
2026-07-24 16:20:52,8003,0.1,0.1,7.3,   6565
2026-07-24 16:20:54,8003,0.1,0.1,7.3,   6567
2026-07-24 16:20:56,8003,0.1,0.1,7.3,   6569
2026-07-24 16:20:58,8003,0.1,0.1,7.3,   6571
2026-07-24 16:21:00,8003,0.1,0.1,7.3,   6573
2026-07-24 16:21:02,8003,0.1,0.1,7.3,   6575
2026-07-24 16:21:04,8003,0.1,0.1,7.3,   6577
2026-07-24 16:21:07,8003,0.1,0.1,7.3,   6579
2026-07-24 16:21:09,8003,0.1,0.1,7.3,   6581
2026-07-24 16:21:11,8003,0.1,0.2,7.3,   6583
2026-07-24 16:21:13,8003,0.1,0.1,7.3,   6585
2026-07-24 16:21:15,8003,0.1,0.1,7.3,   6587
2026-07-24 16:21:17,8003,0.1,0.1,7.3,   6589
2026-07-24 16:21:19,8003,0.1,0.1,7.3,   6591
2026-07-24 16:21:21,8003,0.1,0.1,7.3,   6594
2026-07-24 16:21:23,8003,0.1,0.1,7.3,   6596
2026-07-24 16:21:25,8003,0.1,0.1,7.3,   6598
2026-07-24 16:21:27,8003,0.1,0.1,7.3,   6600
2026-07-24 16:21:29,8003,0.1,0.1,7.3,   6602
2026-07-24 16:21:31,8003,0.1,0.1,7.3,   6604
2026-07-24 16:21:33,8003,0.1,0.1,7.3,   6606
2026-07-24 16:21:35,8003,0.1,0.1,7.3,   6608
2026-07-24 16:21:38,8003,0.1,0.1,7.3,   6610
2026-07-24 16:21:40,8003,0.1,0.1,7.3,   6612
2026-07-24 16:21:42,8003,0.1,0.2,7.3,   6614
2026-07-24 16:21:44,8003,0.1,0.1,7.3,   6616
2026-07-24 16:21:46,8003,0.1,0.1,7.3,   6618
2026-07-24 16:21:48,8003,0.1,0.1,7.3,   6620
2026-07-24 16:21:50,8003,0.1,0.1,7.3,   6622
2026-07-24 16:21:52,8003,0.1,0.1,7.3,   6625
2026-07-24 16:21:54,8003,0.1,0.1,7.3,   6627
2026-07-24 16:21:56,8003,0.1,0.1,7.3,   6629
2026-07-24 16:21:58,8003,0.1,0.1,7.3,   6631
2026-07-24 16:22:00,8003,0.1,0.1,7.3,   6633
2026-07-24 16:22:02,8003,0.1,0.1,7.3,   6635
2026-07-24 16:22:04,8003,0.1,0.1,7.3,   6637
2026-07-24 16:22:06,8003,0.1,0.1,7.3,   6639
2026-07-24 16:22:09,8003,0.1,0.1,7.3,   6641
2026-07-24 16:22:11,8003,0.1,0.1,7.3,   6643
2026-07-24 16:22:13,8003,0.1,0.2,7.3,   6645
2026-07-24 16:22:15,8003,0.1,0.1,7.3,   6647
2026-07-24 16:22:17,8003,0.1,0.1,7.3,   6649
2026-07-24 16:22:19,8003,0.1,0.1,7.3,   6651
2026-07-24 16:22:21,8003,0.1,0.1,7.3,   6654
2026-07-24 16:22:23,8003,0.1,0.1,7.3,   6656
2026-07-24 16:22:25,8003,0.1,0.1,7.3,   6658
2026-07-24 16:22:27,8003,0.1,0.1,7.3,   6660
2026-07-24 16:22:29,8003,0.1,0.1,7.3,   6662
2026-07-24 16:22:31,8003,0.1,0.1,7.3,   6664
2026-07-24 16:22:33,8003,0.1,0.1,7.3,   6666
2026-07-24 16:22:35,8003,0.1,0.1,7.3,   6668
2026-07-24 16:22:37,8003,0.1,0.1,7.3,   6670
2026-07-24 16:22:40,8003,0.1,0.1,7.3,   6672
2026-07-24 16:22:42,8003,0.1,0.1,7.3,   6674
2026-07-24 16:22:44,8003,0.1,0.2,7.3,   6676
2026-07-24 16:22:46,8003,0.1,0.1,7.3,   6678
2026-07-24 16:22:48,8003,0.1,0.1,7.3,   6680
2026-07-24 16:22:50,8003,0.1,0.1,7.3,   6682
2026-07-24 16:22:52,8003,0.1,0.1,7.3,   6684
2026-07-24 16:22:54,8003,0.1,0.1,7.3,   6687
2026-07-24 16:22:56,8003,0.1,0.1,7.3,   6689
2026-07-24 16:22:58,8003,0.1,0.1,7.3,   6691
2026-07-24 16:23:00,8003,0.1,0.1,7.3,   6693
2026-07-24 16:23:02,8003,0.1,0.1,7.3,   6695
2026-07-24 16:23:04,8003,0.1,0.1,7.3,   6697
2026-07-24 16:23:06,8003,0.1,0.1,7.3,   6699
2026-07-24 16:23:08,8003,0.1,0.1,7.3,   6701
2026-07-24 16:23:11,8003,0.1,0.1,7.3,   6703
2026-07-24 16:23:13,8003,0.1,0.1,7.3,   6705
2026-07-24 16:23:15,8003,0.1,0.2,7.3,   6707
2026-07-24 16:23:17,8003,0.1,0.1,7.3,   6709
2026-07-24 16:23:19,8003,0.1,0.1,7.3,   6711
2026-07-24 16:23:21,8003,0.1,0.1,7.3,   6713
2026-07-24 16:23:23,8003,0.1,0.1,7.3,   6716
2026-07-24 16:23:25,8003,0.1,0.1,7.3,   6718
2026-07-24 16:23:27,8003,0.1,0.1,7.3,   6720
2026-07-24 16:23:29,8003,0.1,0.1,7.3,   6722
2026-07-24 16:23:31,8003,0.1,0.1,7.3,   6724
2026-07-24 16:23:33,8003,0.1,0.1,7.3,   6726
2026-07-24 16:23:35,8003,0.1,0.1,7.3,   6728
2026-07-24 16:23:37,8003,0.1,0.1,7.3,   6730
2026-07-24 16:23:39,8003,0.1,0.1,7.3,   6732
2026-07-24 16:23:42,8003,0.1,0.1,7.3,   6734
2026-07-24 16:23:44,8003,0.1,0.1,7.3,   6736
2026-07-24 16:23:46,8003,0.1,0.2,7.3,   6738
2026-07-24 16:23:48,8003,0.1,0.1,7.3,   6740
2026-07-24 16:23:50,8003,0.1,0.1,7.3,   6742
2026-07-24 16:23:52,8003,0.1,0.1,7.3,   6744
2026-07-24 16:23:54,8003,0.1,0.1,7.3,   6746
2026-07-24 16:23:56,8003,0.1,0.1,7.3,   6749
2026-07-24 16:23:58,8003,0.1,0.1,7.3,   6751
2026-07-24 16:24:00,8003,0.1,0.1,7.3,   6753
2026-07-24 16:24:02,8003,0.1,0.1,7.3,   6755
2026-07-24 16:24:04,8003,0.1,0.1,7.3,   6757
2026-07-24 16:24:06,8003,0.1,0.1,7.3,   6759
2026-07-24 16:24:08,8003,0.1,0.1,7.3,   6761
2026-07-24 16:24:10,8003,0.1,0.1,7.3,   6763
2026-07-24 16:24:13,8003,0.1,0.1,7.3,   6765
2026-07-24 16:24:15,8003,0.1,0.1,7.3,   6767
2026-07-24 16:24:17,8003,0.1,0.1,7.3,   6769
2026-07-24 16:24:19,8003,0.1,0.1,7.3,   6771
2026-07-24 16:24:21,8003,0.1,0.1,7.3,   6773
2026-07-24 16:24:23,8003,0.1,0.1,7.3,   6775
2026-07-24 16:24:25,8003,0.1,0.1,7.3,   6777
2026-07-24 16:24:27,8003,0.1,0.1,7.3,   6779
2026-07-24 16:24:29,8003,0.1,0.1,7.3,   6782
2026-07-24 16:24:31,8003,0.1,0.1,7.3,   6784
2026-07-24 16:24:33,8003,0.1,0.1,7.3,   6786
2026-07-24 16:24:35,8003,0.1,0.1,7.3,   6788
2026-07-24 16:24:37,8003,0.1,0.1,7.3,   6790
2026-07-24 16:24:39,8003,0.1,0.1,7.3,   6792
2026-07-24 16:24:41,8003,0.1,0.1,7.3,   6794
2026-07-24 16:24:43,8003,0.1,0.1,7.3,   6796
2026-07-24 16:24:46,8003,0.1,0.1,7.3,   6798
2026-07-24 16:24:48,8003,0.1,0.1,7.3,   6800
2026-07-24 16:24:50,8003,0.1,0.1,7.3,   6802
2026-07-24 16:24:52,8003,0.1,0.1,7.3,   6804
2026-07-24 16:24:54,8003,0.1,0.1,7.3,   6806
2026-07-24 16:24:56,8003,0.1,0.1,7.3,   6808
2026-07-24 16:24:58,8003,0.1,0.1,7.3,   6810
2026-07-24 16:25:00,8003,0.1,0.1,7.3,   6813
2026-07-24 16:25:02,8003,0.1,0.1,7.3,   6815
2026-07-24 16:25:04,8003,0.1,0.1,7.3,   6817
2026-07-24 16:25:06,8003,0.1,0.1,7.3,   6819
2026-07-24 16:25:08,8003,0.1,0.1,7.3,   6821
2026-07-24 16:25:10,8003,0.1,0.1,7.3,   6823
2026-07-24 16:25:12,8003,0.1,0.1,7.3,   6825
2026-07-24 16:25:14,8003,0.1,0.1,7.3,   6827
2026-07-24 16:25:16,8003,0.1,0.1,7.3,   6829
2026-07-24 16:25:19,8003,0.1,0.1,7.3,   6831
2026-07-24 16:25:21,8003,0.1,0.1,7.3,   6833
2026-07-24 16:25:23,8003,0.1,0.1,7.3,   6835
2026-07-24 16:25:25,8003,0.1,0.1,7.3,   6837
2026-07-24 16:25:27,8003,0.1,0.1,7.3,   6839
2026-07-24 16:25:29,8003,0.1,0.1,7.3,   6841
2026-07-24 16:25:31,8003,0.1,0.1,7.3,   6843
2026-07-24 16:25:33,8003,0.1,0.1,7.3,   6846
2026-07-24 16:25:35,8003,0.1,0.1,7.3,   6848
2026-07-24 16:25:37,8003,0.1,0.1,7.3,   6850
2026-07-24 16:25:39,8003,0.1,0.1,7.3,   6852
2026-07-24 16:25:41,8003,0.1,0.1,7.3,   6854
2026-07-24 16:25:43,8003,0.1,0.1,7.3,   6856
2026-07-24 16:25:45,8003,0.1,0.1,7.3,   6858
2026-07-24 16:25:47,8003,0.1,0.1,7.3,   6860
2026-07-24 16:25:50,8003,0.1,0.1,7.3,   6862
2026-07-24 16:25:52,8003,0.1,0.1,7.3,   6864
2026-07-24 16:25:54,8003,0.1,0.1,7.3,   6866
2026-07-24 16:25:56,8003,0.1,0.1,7.3,   6868
2026-07-24 16:25:58,8003,0.1,0.1,7.3,   6870
2026-07-24 16:26:00,8003,0.1,0.1,7.3,   6872
2026-07-24 16:26:02,8003,0.1,0.1,7.3,   6874
2026-07-24 16:26:04,8003,0.1,0.1,7.3,   6877
2026-07-24 16:26:06,8003,0.1,0.1,7.3,   6879
2026-07-24 16:26:08,8003,0.1,0.1,7.3,   6881
2026-07-24 16:26:10,8003,0.1,0.1,7.3,   6883
2026-07-24 16:26:12,8003,0.1,0.1,7.3,   6885
2026-07-24 16:26:14,8003,0.1,0.1,7.3,   6887
2026-07-24 16:26:16,8003,0.1,0.1,7.3,   6889
2026-07-24 16:26:18,8003,0.1,0.1,7.3,   6891
2026-07-24 16:26:20,8003,0.1,0.1,7.3,   6893
2026-07-24 16:26:23,8003,0.1,0.1,7.3,   6895
2026-07-24 16:26:25,8003,0.1,0.1,7.3,   6897
2026-07-24 16:26:27,8003,0.1,0.1,7.3,   6899
2026-07-24 16:26:29,8003,0.1,0.1,7.3,   6901
2026-07-24 16:26:31,8003,0.1,0.1,7.3,   6903
2026-07-24 16:26:33,8003,0.1,0.1,7.3,   6905
2026-07-24 16:26:35,8003,0.1,0.1,7.3,   6907
2026-07-24 16:26:37,8003,0.1,0.1,7.3,   6909
2026-07-24 16:26:39,8003,0.1,0.1,7.3,   6912
2026-07-24 16:26:41,8003,0.1,0.1,7.3,   6914
2026-07-24 16:26:43,8003,0.1,0.1,7.3,   6916
2026-07-24 16:26:45,8003,0.1,0.1,7.3,   6918
2026-07-24 16:26:47,8003,0.1,0.1,7.3,   6920
2026-07-24 16:26:49,8003,0.1,0.1,7.3,   6922
2026-07-24 16:26:51,8003,0.1,0.1,7.3,   6924
2026-07-24 16:26:54,8003,0.1,0.1,7.3,   6926
2026-07-24 16:26:56,8003,0.1,0.1,7.3,   6928
2026-07-24 16:26:58,8003,0.1,0.1,7.3,   6930
2026-07-24 16:27:00,8003,0.1,0.1,7.3,   6932
2026-07-24 16:27:02,8003,0.1,0.1,7.3,   6934
2026-07-24 16:27:04,8003,0.1,0.1,7.3,   6936
2026-07-24 16:27:06,8003,0.1,0.1,7.3,   6938
2026-07-24 16:27:08,8003,0.1,0.1,7.3,   6940
2026-07-24 16:27:10,8003,0.1,0.1,7.3,   6943
2026-07-24 16:27:12,8003,0.1,0.1,7.3,   6945
2026-07-24 16:27:14,8003,0.1,0.1,7.3,   6947
2026-07-24 16:27:16,8003,0.1,0.1,7.3,   6949
2026-07-24 16:27:18,8003,0.1,0.1,7.3,   6951
2026-07-24 16:27:20,8003,0.1,0.1,7.3,   6953
2026-07-24 16:27:22,8003,0.1,0.1,7.3,   6955
2026-07-24 16:27:24,8003,0.1,0.1,7.3,   6957
2026-07-24 16:27:27,8003,0.1,0.1,7.3,   6959
2026-07-24 16:27:29,8003,0.1,0.1,7.3,   6961
2026-07-24 16:27:31,8003,0.1,0.1,7.3,   6963
2026-07-24 16:27:33,8003,0.1,0.1,7.3,   6965
2026-07-24 16:27:35,8003,0.1,0.1,7.3,   6967
2026-07-24 16:27:37,8003,0.1,0.1,7.3,   6969
2026-07-24 16:27:39,8003,0.1,0.1,7.3,   6971
2026-07-24 16:27:41,8003,0.1,0.1,7.3,   6973
2026-07-24 16:27:43,8003,0.1,0.1,7.3,   6976
2026-07-24 16:27:45,8003,0.1,0.1,7.3,   6978
2026-07-24 16:27:47,8003,0.1,0.1,7.3,   6980
2026-07-24 16:27:49,8003,0.1,0.1,7.3,   6982
2026-07-24 16:27:51,8003,0.1,0.1,7.3,   6984
2026-07-24 16:27:53,8003,0.1,0.1,7.3,   6986
2026-07-24 16:27:55,8003,0.1,0.1,7.3,   6988
2026-07-24 16:27:57,8003,0.1,0.1,7.3,   6990
2026-07-24 16:28:00,8003,0.1,0.1,7.3,   6992
2026-07-24 16:28:02,8003,0.1,0.1,7.3,   6994
2026-07-24 16:28:04,8003,0.1,0.1,7.3,   6996
2026-07-24 16:28:06,8003,0.1,0.1,7.3,   6998
2026-07-24 16:28:08,8003,0.1,0.1,7.3,   7000
2026-07-24 16:28:10,8003,0.1,0.1,7.3,   7002
2026-07-24 16:28:12,8003,0.1,0.1,7.3,   7004
2026-07-24 16:28:14,8003,0.1,0.1,7.3,   7006
2026-07-24 16:28:16,8003,0.1,0.1,7.3,   7009
2026-07-24 16:28:18,8003,0.1,0.1,7.3,   7011
2026-07-24 16:28:20,8003,0.1,0.1,7.3,   7013
2026-07-24 16:28:22,8003,0.1,0.1,7.3,   7015
2026-07-24 16:28:24,8003,0.1,0.1,7.3,   7017
2026-07-24 16:28:26,8003,0.1,0.1,7.3,   7019
2026-07-24 16:28:28,8003,0.1,0.1,7.3,   7021
2026-07-24 16:28:30,8003,0.1,0.1,7.3,   7023
2026-07-24 16:28:33,8003,0.1,0.1,7.3,   7025
2026-07-24 16:28:35,8003,0.1,0.1,7.3,   7027
2026-07-24 16:28:37,8003,0.1,0.1,7.3,   7029
2026-07-24 16:28:39,8003,0.1,0.1,7.3,   7031
2026-07-24 16:28:41,8003,0.1,0.1,7.3,   7033
2026-07-24 16:28:43,8003,0.1,0.1,7.3,   7035
2026-07-24 16:28:45,8003,0.1,0.1,7.3,   7037
2026-07-24 16:28:47,8003,0.1,0.1,7.3,   7039
2026-07-24 16:28:49,8003,0.1,0.1,7.3,   7042
2026-07-24 16:28:51,8003,0.1,0.1,7.3,   7044
2026-07-24 16:28:53,8003,0.1,0.1,7.3,   7046
2026-07-24 16:28:55,8003,0.1,0.1,7.3,   7048
2026-07-24 16:28:57,8003,0.1,0.1,7.3,   7050
2026-07-24 16:28:59,8003,0.1,0.1,7.3,   7052
2026-07-24 16:29:01,8003,0.1,0.1,7.3,   7054
2026-07-24 16:29:04,8003,0.1,0.1,7.3,   7056
2026-07-24 16:29:06,8003,0.1,0.1,7.3,   7058
2026-07-24 16:29:08,8003,0.1,0.1,7.3,   7060
2026-07-24 16:29:10,8003,0.1,0.1,7.3,   7062
2026-07-24 16:29:12,8003,0.1,0.1,7.3,   7064
2026-07-24 16:29:14,8003,0.1,0.1,7.3,   7066
2026-07-24 16:29:16,8003,0.1,0.1,7.3,   7068
2026-07-24 16:29:18,8003,0.1,0.1,7.3,   7070
2026-07-24 16:29:20,8003,0.1,0.1,7.3,   7072
2026-07-24 16:29:22,8003,0.1,0.1,7.3,   7075
2026-07-24 16:29:24,8003,0.1,0.1,7.3,   7077
2026-07-24 16:29:26,8003,0.1,0.1,7.3,   7079
2026-07-24 16:29:28,8003,0.1,0.1,7.3,   7081
2026-07-24 16:29:30,8003,0.1,0.1,7.3,   7083
2026-07-24 16:29:32,8003,0.1,0.1,7.3,   7085
2026-07-24 16:29:34,8003,0.1,0.1,7.3,   7087
2026-07-24 16:29:37,8003,0.1,0.1,7.3,   7089
2026-07-24 16:29:39,8003,0.1,0.1,7.3,   7091
2026-07-24 16:29:41,8003,0.1,0.1,7.3,   7093
2026-07-24 16:29:43,8003,0.1,0.1,7.3,   7095
2026-07-24 16:29:45,8003,0.1,0.1,7.3,   7097
2026-07-24 16:29:47,8003,0.1,0.1,7.3,   7099
2026-07-24 16:29:49,8003,0.1,0.1,7.3,   7101
2026-07-24 16:29:51,8003,0.1,0.1,7.3,   7103
2026-07-24 16:29:53,8003,0.1,0.1,7.3,   7105
2026-07-24 16:29:55,8003,0.1,0.1,7.3,   7108
2026-07-24 16:29:57,8003,0.1,0.1,7.3,   7110
2026-07-24 16:29:59,8003,0.1,0.1,7.3,   7112
2026-07-24 16:30:01,8003,0.1,0.1,7.3,   7114
2026-07-24 16:30:03,8003,0.1,0.1,7.3,   7116
2026-07-24 16:30:05,8003,0.1,0.1,7.3,   7118
2026-07-24 16:30:07,8003,0.1,0.1,7.3,   7120
2026-07-24 16:30:10,8003,0.1,0.1,7.3,   7122
2026-07-24 16:30:12,8003,0.1,0.1,7.3,   7124
2026-07-24 16:30:14,8003,0.1,0.1,7.3,   7126
2026-07-24 16:30:16,8003,0.1,0.1,7.3,   7128
2026-07-24 16:30:18,8003,0.1,0.1,7.3,   7130
2026-07-24 16:30:20,8003,0.1,0.1,7.3,   7132
2026-07-24 16:30:22,8003,0.1,0.1,7.3,   7134
2026-07-24 16:30:24,8003,0.1,0.1,7.3,   7136
2026-07-24 16:30:26,8003,0.1,0.1,7.3,   7139
2026-07-24 16:30:28,8003,0.1,0.1,7.3,   7141
2026-07-24 16:30:30,8003,0.1,0.1,7.3,   7143
2026-07-24 16:30:32,8003,0.1,0.1,7.3,   7145
2026-07-24 16:30:34,8003,0.1,0.1,7.3,   7147
2026-07-24 16:30:36,8003,0.1,0.1,7.3,   7149
2026-07-24 16:30:38,8003,0.1,0.1,7.3,   7151
2026-07-24 16:30:40,8003,0.1,0.1,7.3,   7153
2026-07-24 16:30:43,8003,0.1,0.1,7.3,   7155
2026-07-24 16:30:45,8003,0.1,0.1,7.3,   7157
2026-07-24 16:30:47,8003,0.1,0.1,7.3,   7159
2026-07-24 16:30:49,8003,0.1,0.1,7.3,   7161
2026-07-24 16:30:51,8003,0.1,0.1,7.3,   7163
2026-07-24 16:30:53,8003,0.1,0.1,7.3,   7165
2026-07-24 16:30:55,8003,0.1,0.1,7.3,   7167
2026-07-24 16:30:57,8003,0.1,0.1,7.3,   7169
2026-07-24 16:30:59,8003,0.1,0.1,7.3,   7172
2026-07-24 16:31:01,8003,0.1,0.1,7.3,   7174
2026-07-24 16:31:03,8003,0.1,0.1,7.3,   7176
2026-07-24 16:31:05,8003,0.1,0.1,7.3,   7178
2026-07-24 16:31:07,8003,0.1,0.1,7.3,   7180
2026-07-24 16:31:09,8003,0.1,0.1,7.3,   7182
2026-07-24 16:31:11,8003,0.1,0.1,7.3,   7184
2026-07-24 16:31:14,8003,0.1,0.1,7.3,   7186
2026-07-24 16:31:16,8003,0.1,0.1,7.3,   7188
2026-07-24 16:31:18,8003,0.1,0.1,7.3,   7190
2026-07-24 16:31:20,8003,0.1,0.1,7.3,   7192
2026-07-24 16:31:22,8003,0.1,0.1,7.3,   7194
2026-07-24 16:31:24,8003,0.1,0.1,7.3,   7196
2026-07-24 16:31:26,8003,0.1,0.1,7.3,   7198
2026-07-24 16:31:28,8003,0.1,0.1,7.3,   7200
2026-07-24 16:31:30,8003,0.1,0.1,7.3,   7203
2026-07-24 16:31:32,8003,0.1,0.1,7.3,   7205
2026-07-24 16:31:34,8003,0.1,0.1,7.3,   7207
2026-07-24 16:31:36,8003,0.1,0.1,7.3,   7209
2026-07-24 16:31:38,8003,0.1,0.1,7.3,   7211
2026-07-24 16:31:40,8003,0.1,0.1,7.3,   7213
2026-07-24 16:31:42,8003,0.1,0.1,7.3,   7215
2026-07-24 16:31:44,8003,0.1,0.1,7.3,   7217
2026-07-24 16:31:47,8003,0.1,0.1,7.3,   7219
2026-07-24 16:31:49,8003,0.1,0.1,7.3,   7221
2026-07-24 16:31:51,8003,0.1,0.1,7.3,   7223
2026-07-24 16:31:53,8003,0.1,0.1,7.3,   7225
2026-07-24 16:31:55,8003,0.1,0.1,7.3,   7227
2026-07-24 16:31:57,8003,0.1,0.1,7.3,   7229
2026-07-24 16:31:59,8003,0.1,0.1,7.3,   7231
2026-07-24 16:32:01,8003,0.1,0.1,7.3,   7233
2026-07-24 16:32:03,8003,0.1,0.1,7.3,   7236
2026-07-24 16:32:05,8003,0.1,0.1,7.3,   7238
2026-07-24 16:32:07,8003,0.1,0.1,7.3,   7240
2026-07-24 16:32:09,8003,0.1,0.1,7.3,   7242
2026-07-24 16:32:11,8003,0.1,0.1,7.3,   7244
2026-07-24 16:32:13,8003,0.1,0.1,7.3,   7246
2026-07-24 16:32:15,8003,0.1,0.1,7.3,   7248
2026-07-24 16:32:17,8003,0.1,0.1,7.3,   7250
2026-07-24 16:32:20,8003,0.1,0.1,7.3,   7252
2026-07-24 16:32:22,8003,0.1,0.1,7.3,   7254
2026-07-24 16:32:24,8003,0.1,0.1,7.3,   7256
2026-07-24 16:32:26,8003,0.1,0.1,7.3,   7258
2026-07-24 16:32:28,8003,0.1,0.1,7.3,   7260
2026-07-24 16:32:30,8003,0.1,0.1,7.3,   7262
2026-07-24 16:32:32,8003,0.1,0.1,7.3,   7264
2026-07-24 16:32:34,8003,0.1,0.1,7.3,   7266
2026-07-24 16:32:36,8003,0.1,0.1,7.3,   7269
2026-07-24 16:32:38,8003,0.1,0.1,7.3,   7271
2026-07-24 16:32:40,8003,0.1,0.1,7.3,   7273
2026-07-24 16:32:42,8003,0.1,0.1,7.3,   7275
2026-07-24 16:32:44,8003,0.1,0.1,7.3,   7277
2026-07-24 16:32:46,8003,0.1,0.1,7.3,   7279
2026-07-24 16:32:48,8003,0.1,0.1,7.3,   7281
2026-07-24 16:32:50,8003,0.1,0.1,7.3,   7283
2026-07-24 16:32:53,8003,0.1,0.1,7.3,   7285
2026-07-24 16:32:55,8003,0.1,0.1,7.3,   7287
2026-07-24 16:32:57,8003,0.1,0.1,7.3,   7289
2026-07-24 16:32:59,8003,0.1,0.1,7.3,   7291
2026-07-24 16:33:01,8003,0.1,0.1,7.3,   7293
2026-07-24 16:33:03,8003,0.1,0.1,7.3,   7295
2026-07-24 16:33:05,8003,0.1,0.1,7.3,   7297
2026-07-24 16:33:07,8003,0.1,0.1,7.3,   7299
2026-07-24 16:33:09,8003,0.1,0.1,7.3,   7302
2026-07-24 16:33:11,8003,0.1,0.1,7.3,   7304
2026-07-24 16:33:13,8003,0.1,0.1,7.3,   7306
2026-07-24 16:33:15,8003,0.1,0.1,7.3,   7308
2026-07-24 16:33:17,8003,0.1,0.1,7.3,   7310
2026-07-24 16:33:19,8003,0.1,0.1,7.3,   7312
2026-07-24 16:33:21,8003,0.1,0.1,7.3,   7314
2026-07-24 16:33:23,8003,0.1,0.1,7.3,   7316
2026-07-24 16:33:25,8003,0.1,0.1,7.3,   7318
2026-07-24 16:33:28,8003,0.1,0.1,7.3,   7320
2026-07-24 16:33:30,8003,0.1,0.1,7.3,   7322
2026-07-24 16:33:32,8003,0.1,0.1,7.3,   7324
2026-07-24 16:33:34,8003,0.1,0.1,7.3,   7326
2026-07-24 16:33:36,8003,0.1,0.1,7.3,   7328
2026-07-24 16:33:38,8003,0.1,0.1,7.3,   7330
2026-07-24 16:33:40,8003,0.1,0.1,7.3,   7332
2026-07-24 16:33:42,8003,0.1,0.1,7.3,   7335
2026-07-24 16:33:44,8003,0.1,0.1,7.3,   7337
2026-07-24 16:33:46,8003,0.1,0.1,7.3,   7339
2026-07-24 16:33:48,8003,0.1,0.1,7.3,   7341
2026-07-24 16:33:50,8003,0.1,0.1,7.3,   7343
2026-07-24 16:33:52,8003,0.1,0.1,7.3,   7345
2026-07-24 16:33:54,8003,0.1,0.1,7.3,   7347
2026-07-24 16:33:56,8003,0.1,0.1,7.3,   7349
2026-07-24 16:33:58,8003,0.1,0.1,7.3,   7351
2026-07-24 16:34:01,8003,0.1,0.1,7.3,   7353
2026-07-24 16:34:03,8003,0.1,0.1,7.3,   7355
2026-07-24 16:34:05,8003,0.1,0.1,7.3,   7357
2026-07-24 16:34:07,8003,0.1,0.1,7.3,   7359
2026-07-24 16:34:09,8003,0.1,0.1,7.3,   7361
2026-07-24 16:34:11,8003,0.1,0.1,7.3,   7363
2026-07-24 16:34:13,8003,0.1,0.1,7.3,   7365
2026-07-24 16:34:15,8003,0.1,0.1,7.3,   7367
2026-07-24 16:34:17,8003,0.1,0.1,7.3,   7370
2026-07-24 16:34:19,8003,0.1,0.1,7.3,   7372
2026-07-24 16:34:21,8003,0.1,0.1,7.3,   7374
2026-07-24 16:34:23,8003,0.1,0.1,7.3,   7376
2026-07-24 16:34:25,8003,0.1,0.1,7.3,   7378
2026-07-24 16:34:27,8003,0.1,0.1,7.3,   7380
2026-07-24 16:34:29,8003,0.1,0.1,7.3,   7382
2026-07-24 16:34:31,8003,0.1,0.1,7.3,   7384
2026-07-24 16:34:34,8003,0.1,0.1,7.3,   7386
2026-07-24 16:34:36,8003,0.1,0.1,7.3,   7388
2026-07-24 16:34:38,8003,0.1,0.1,7.3,   7390
2026-07-24 16:34:40,8003,0.1,0.1,7.3,   7392
2026-07-24 16:34:42,8003,0.1,0.1,7.3,   7394
2026-07-24 16:34:44,8003,0.1,0.1,7.3,   7396
2026-07-24 16:34:46,8003,0.1,0.1,7.3,   7398
2026-07-24 16:34:48,8003,0.1,0.1,7.3,   7400
2026-07-24 16:34:50,8003,0.1,0.1,7.3,   7403
2026-07-24 16:34:52,8003,0.1,0.1,7.3,   7405
2026-07-24 16:34:54,8003,0.1,0.1,7.3,   7407
2026-07-24 16:34:56,8003,0.1,0.1,7.3,   7409
2026-07-24 16:34:58,8003,0.1,0.1,7.3,   7411
2026-07-24 16:35:00,8003,0.1,0.1,7.3,   7413
2026-07-24 16:35:02,8003,0.1,0.1,7.3,   7415
2026-07-24 16:35:04,8003,0.1,0.1,7.3,   7417
2026-07-24 16:35:07,8003,0.1,0.1,7.3,   7419
2026-07-24 16:35:09,8003,0.1,0.1,7.3,   7421
2026-07-24 16:35:11,8003,0.1,0.1,7.3,   7423
2026-07-24 16:35:13,8003,0.1,0.1,7.3,   7425
2026-07-24 16:35:15,8003,0.1,0.1,7.3,   7427
2026-07-24 16:35:17,8003,0.1,0.1,7.3,   7429
2026-07-24 16:35:19,8003,0.1,0.1,7.3,   7431
2026-07-24 16:35:21,8003,0.1,0.1,7.3,   7433
2026-07-24 16:35:23,8003,0.1,0.1,7.3,   7436
2026-07-24 16:35:25,8003,0.1,0.1,7.3,   7438
2026-07-24 16:35:27,8003,0.1,0.1,7.3,   7440
2026-07-24 16:35:29,8003,0.1,0.1,7.3,   7442
2026-07-24 16:35:31,8003,0.1,0.1,7.3,   7444
2026-07-24 16:35:33,8003,0.1,0.1,7.3,   7446
2026-07-24 16:35:35,8003,0.1,0.1,7.3,   7448
2026-07-24 16:35:37,8003,0.1,0.1,7.3,   7450
2026-07-24 16:35:40,8003,0.1,0.1,7.3,   7452
2026-07-24 16:35:42,8003,0.1,0.1,7.3,   7454
2026-07-24 16:35:44,8003,0.1,0.1,7.3,   7456
2026-07-24 16:35:46,8003,0.1,0.1,7.3,   7458
2026-07-24 16:35:48,8003,0.1,0.1,7.3,   7460
2026-07-24 16:35:50,8003,0.1,0.1,7.3,   7462
2026-07-24 16:35:52,8003,0.1,0.1,7.3,   7464
2026-07-24 16:35:54,8003,0.1,0.1,7.3,   7466
2026-07-24 16:35:56,8003,0.1,0.1,7.3,   7469
2026-07-24 16:35:58,8003,0.1,0.1,7.3,   7471
2026-07-24 16:36:00,8003,0.1,0.1,7.3,   7473
2026-07-24 16:36:02,8003,0.1,0.1,7.3,   7475
2026-07-24 16:36:04,8003,0.1,0.1,7.3,   7477
2026-07-24 16:36:06,8003,0.1,0.1,7.3,   7479
2026-07-24 16:36:08,8003,0.1,0.1,7.3,   7481
2026-07-24 16:36:10,8003,0.1,0.1,7.3,   7483
2026-07-24 16:36:13,8003,0.1,0.1,7.3,   7485
2026-07-24 16:36:15,8003,0.1,0.1,7.3,   7487
2026-07-24 16:36:17,8003,0.1,0.1,7.3,   7489
2026-07-24 16:36:19,8003,0.1,0.1,7.3,   7491
2026-07-24 16:36:21,8003,0.1,0.1,7.3,   7493
2026-07-24 16:36:23,8003,0.1,0.1,7.3,   7495
2026-07-24 16:36:25,8003,0.1,0.1,7.3,   7497
2026-07-24 16:36:27,8003,0.1,0.1,7.3,   7499
2026-07-24 16:36:29,8003,0.1,0.1,7.3,   7502
2026-07-24 16:36:31,8003,0.1,0.1,7.3,   7504
2026-07-24 16:36:33,8003,0.1,0.1,7.3,   7506
2026-07-24 16:36:35,8003,0.1,0.1,7.3,   7508
2026-07-24 16:36:37,8003,0.1,0.1,7.3,   7510
2026-07-24 16:36:39,8003,0.1,0.1,7.3,   7512
2026-07-24 16:36:41,8003,0.1,0.1,7.3,   7514
2026-07-24 16:36:43,8003,0.1,0.1,7.3,   7516
2026-07-24 16:36:46,8003,0.1,0.1,7.3,   7518
2026-07-24 16:36:48,8003,0.1,0.1,7.3,   7520
2026-07-24 16:36:50,8003,0.1,0.1,7.3,   7522
2026-07-24 16:36:52,8003,0.1,0.1,7.3,   7524
2026-07-24 16:36:54,8003,0.1,0.1,7.3,   7526
2026-07-24 16:36:56,8003,0.1,0.1,7.3,   7528
2026-07-24 16:36:58,8003,0.1,0.1,7.3,   7530
2026-07-24 16:37:00,8003,0.1,0.1,7.3,   7533
2026-07-24 16:37:02,8003,0.1,0.1,7.3,   7535
2026-07-24 16:37:04,8003,0.1,0.1,7.3,   7537
2026-07-24 16:37:06,8003,0.1,0.1,7.3,   7539
2026-07-24 16:37:08,8003,0.1,0.2,7.3,   7541
2026-07-24 16:37:10,8003,0.1,0.1,7.3,   7543
2026-07-24 16:37:12,8003,0.1,0.1,7.3,   7545
2026-07-24 16:37:15,8003,0.1,0.1,7.3,   7547
2026-07-24 16:37:17,8003,0.1,0.1,7.3,   7549
2026-07-24 16:37:19,8003,0.1,0.1,7.3,   7551
2026-07-24 16:37:21,8003,0.1,0.1,7.3,   7553
2026-07-24 16:37:23,8003,0.1,0.1,7.3,   7555
2026-07-24 16:37:25,8003,0.1,0.1,7.3,   7557
2026-07-24 16:37:27,8003,0.1,0.1,7.3,   7559
2026-07-24 16:37:29,8003,0.1,0.1,7.3,   7561
2026-07-24 16:37:31,8003,0.1,0.1,7.3,   7563
2026-07-24 16:37:33,8003,0.1,0.1,7.3,   7566
2026-07-24 16:37:35,8003,0.1,0.1,7.3,   7568
2026-07-24 16:37:37,8003,0.1,0.1,7.3,   7570
2026-07-24 16:37:39,8003,0.1,0.2,7.3,   7572
2026-07-24 16:37:41,8003,0.1,0.1,7.3,   7574
2026-07-24 16:37:43,8003,0.1,0.1,7.3,   7576
2026-07-24 16:37:46,8003,0.1,0.1,7.3,   7578
2026-07-24 16:37:48,8003,0.1,0.1,7.3,   7580
2026-07-24 16:37:50,8003,0.1,0.1,7.3,   7582
2026-07-24 16:37:52,8003,0.1,0.1,7.3,   7584
2026-07-24 16:37:54,8003,0.1,0.1,7.3,   7586
2026-07-24 16:37:56,8003,0.1,0.1,7.3,   7588
2026-07-24 16:37:58,8003,0.1,0.1,7.3,   7590
2026-07-24 16:38:00,8003,0.1,0.1,7.3,   7592
2026-07-24 16:38:02,8003,0.1,0.1,7.3,   7595
2026-07-24 16:38:04,8003,0.1,0.1,7.3,   7597
2026-07-24 16:38:06,8003,0.1,0.1,7.3,   7599
2026-07-24 16:38:08,8003,0.1,0.1,7.3,   7601
2026-07-24 16:38:10,8003,0.1,0.2,7.3,   7603
2026-07-24 16:38:12,8003,0.1,0.1,7.3,   7605
2026-07-24 16:38:14,8003,0.1,0.1,7.3,   7607
2026-07-24 16:38:17,8003,0.1,0.1,7.3,   7609
2026-07-24 16:38:19,8003,0.1,0.1,7.3,   7611
2026-07-24 16:38:21,8003,0.1,0.1,7.3,   7613
2026-07-24 16:38:23,8003,0.1,0.1,7.3,   7615
2026-07-24 16:38:25,8003,0.1,0.1,7.3,   7617
2026-07-24 16:38:27,8003,0.1,0.1,7.3,   7619
2026-07-24 16:38:29,8003,0.1,0.1,7.3,   7621
2026-07-24 16:38:31,8003,0.1,0.1,7.3,   7623
2026-07-24 16:38:33,8003,0.1,0.1,7.3,   7625
2026-07-24 16:38:35,8003,0.1,0.1,7.3,   7628
2026-07-24 16:38:37,8003,0.1,0.1,7.3,   7630
2026-07-24 16:38:39,8003,0.1,0.1,7.3,   7632
2026-07-24 16:38:41,8003,0.1,0.2,7.3,   7634
2026-07-24 16:38:43,8003,0.1,0.1,7.3,   7636
2026-07-24 16:38:45,8003,0.1,0.1,7.3,   7638
2026-07-24 16:38:47,8003,0.1,0.1,7.3,   7640
2026-07-24 16:38:50,8003,0.1,0.1,7.3,   7642
2026-07-24 16:38:52,8003,0.1,0.1,7.3,   7644
2026-07-24 16:38:54,8003,0.1,0.1,7.3,   7646
2026-07-24 16:38:56,8003,0.1,0.1,7.3,   7648
2026-07-24 16:38:58,8003,0.1,0.1,7.3,   7650
2026-07-24 16:39:00,8003,0.1,0.1,7.3,   7652
2026-07-24 16:39:02,8003,0.1,0.1,7.3,   7654
2026-07-24 16:39:04,8003,0.1,0.1,7.3,   7656
2026-07-24 16:39:06,8003,0.1,0.1,7.3,   7659
2026-07-24 16:39:08,8003,0.1,0.1,7.3,   7661
2026-07-24 16:39:10,8003,0.1,0.1,7.3,   7663
2026-07-24 16:39:12,8003,0.1,0.2,7.3,   7665
2026-07-24 16:39:14,8003,0.1,0.1,7.3,   7667
2026-07-24 16:39:16,8003,0.1,0.1,7.3,   7669
2026-07-24 16:39:18,8003,0.1,0.1,7.3,   7671
2026-07-24 16:39:21,8003,0.1,0.1,7.3,   7673
2026-07-24 16:39:23,8003,0.1,0.1,7.3,   7675
2026-07-24 16:39:25,8003,0.1,0.1,7.3,   7677
2026-07-24 16:39:27,8003,0.1,0.1,7.3,   7679
2026-07-24 16:39:29,8003,0.1,0.1,7.3,   7681
2026-07-24 16:39:31,8003,0.1,0.1,7.3,   7683
2026-07-24 16:39:33,8003,0.1,0.1,7.3,   7685
2026-07-24 16:39:35,8003,0.1,0.1,7.3,   7687
2026-07-24 16:39:37,8003,0.1,0.1,7.3,   7689
2026-07-24 16:39:39,8003,0.1,0.1,7.3,   7692
2026-07-24 16:39:41,8003,0.1,0.1,7.3,   7694
2026-07-24 16:39:43,8003,0.1,0.2,7.3,   7696
2026-07-24 16:39:45,8003,0.1,0.1,7.3,   7698
2026-07-24 16:39:47,8003,0.1,0.1,7.3,   7700
2026-07-24 16:39:49,8003,0.1,0.1,7.3,   7702
2026-07-24 16:39:51,8003,0.1,0.1,7.3,   7704
2026-07-24 16:39:54,8003,0.1,0.1,7.3,   7706
2026-07-24 16:39:56,8003,0.1,0.1,7.3,   7708
2026-07-24 16:39:58,8003,0.1,0.1,7.3,   7710
2026-07-24 16:40:00,8003,0.1,0.1,7.3,   7712
2026-07-24 16:40:02,8003,0.1,0.1,7.3,   7714
2026-07-24 16:40:04,8003,0.1,0.1,7.3,   7716
2026-07-24 16:40:06,8003,0.1,0.1,7.3,   7718
2026-07-24 16:40:08,8003,0.1,0.1,7.3,   7721
2026-07-24 16:40:10,8003,0.1,0.1,7.3,   7723
2026-07-24 16:40:12,8003,0.1,0.1,7.3,   7725
2026-07-24 16:40:14,8003,0.1,0.2,7.3,   7727
2026-07-24 16:40:16,8003,0.1,0.1,7.3,   7729
2026-07-24 16:40:18,8003,0.1,0.1,7.3,   7731
2026-07-24 16:40:20,8003,0.1,0.1,7.3,   7733
2026-07-24 16:40:23,8003,0.1,0.1,7.3,   7735
2026-07-24 16:40:25,8003,0.1,0.1,7.3,   7737
2026-07-24 16:40:27,8003,0.1,0.1,7.3,   7739
2026-07-24 16:40:29,8003,0.1,0.1,7.3,   7741
2026-07-24 16:40:31,8003,0.1,0.1,7.3,   7743
2026-07-24 16:40:33,8003,0.1,0.1,7.3,   7745
2026-07-24 16:40:35,8003,0.1,0.1,7.3,   7747
2026-07-24 16:40:37,8003,0.1,0.1,7.3,   7749
2026-07-24 16:40:39,8003,0.1,0.1,7.3,   7752
2026-07-24 16:40:41,8003,0.1,0.1,7.3,   7754
2026-07-24 16:40:43,8003,0.1,0.1,7.3,   7756
2026-07-24 16:40:45,8003,0.1,0.2,7.3,   7758
2026-07-24 16:40:47,8003,0.1,0.1,7.3,   7760
2026-07-24 16:40:49,8003,0.1,0.1,7.3,   7762
2026-07-24 16:40:51,8003,0.1,0.1,7.3,   7764
2026-07-24 16:40:53,8003,0.1,0.1,7.3,   7766
2026-07-24 16:40:56,8003,0.1,0.1,7.3,   7768
2026-07-24 16:40:58,8003,0.1,0.1,7.3,   7770
2026-07-24 16:41:00,8003,0.1,0.1,7.3,   7772
2026-07-24 16:41:02,8003,0.1,0.1,7.3,   7774
2026-07-24 16:41:04,8003,0.1,0.1,7.3,   7776
2026-07-24 16:41:06,8003,0.1,0.1,7.3,   7778
2026-07-24 16:41:08,8003,0.1,0.1,7.3,   7780
2026-07-24 16:41:10,8003,0.1,0.1,7.3,   7783
2026-07-24 16:41:12,8003,0.1,0.1,7.3,   7785
2026-07-24 16:41:14,8003,0.1,0.1,7.3,   7787
2026-07-24 16:41:16,8003,0.1,0.2,7.3,   7789
2026-07-24 16:41:18,8003,0.1,0.1,7.3,   7791
2026-07-24 16:41:20,8003,0.1,0.1,7.3,   7793
2026-07-24 16:41:22,8003,0.1,0.1,7.3,   7795
2026-07-24 16:41:24,8003,0.1,0.1,7.3,   7797
2026-07-24 16:41:27,8003,0.1,0.1,7.3,   7799
2026-07-24 16:41:29,8003,0.1,0.1,7.3,   7801
2026-07-24 16:41:31,8003,0.1,0.1,7.3,   7803
2026-07-24 16:41:33,8003,0.1,0.1,7.3,   7805
2026-07-24 16:41:35,8003,0.1,0.1,7.3,   7807
2026-07-24 16:41:37,8003,0.1,0.1,7.3,   7809
2026-07-24 16:41:39,8003,0.1,0.1,7.3,   7811
2026-07-24 16:41:41,8003,0.1,0.1,7.3,   7813
2026-07-24 16:41:43,8003,0.1,0.1,7.3,   7816
2026-07-24 16:41:45,8003,0.1,0.1,7.3,   7818
2026-07-24 16:41:47,8003,0.1,0.2,7.3,   7820
2026-07-24 16:41:49,8003,0.1,0.1,7.3,   7822
2026-07-24 16:41:51,8003,0.1,0.1,7.3,   7824
2026-07-24 16:41:53,8003,0.1,0.1,7.3,   7826
2026-07-24 16:41:55,8003,0.1,0.1,7.3,   7828
2026-07-24 16:41:58,8003,0.1,0.1,7.3,   7830
2026-07-24 16:42:00,8003,0.1,0.1,7.3,   7832
2026-07-24 16:42:02,8003,0.1,0.1,7.3,   7834
2026-07-24 16:42:04,8003,0.1,0.1,7.3,   7836
2026-07-24 16:42:06,8003,0.1,0.1,7.3,   7838
2026-07-24 16:42:08,8003,0.1,0.1,7.3,   7840
2026-07-24 16:42:10,8003,0.1,0.1,7.3,   7842
2026-07-24 16:42:12,8003,0.1,0.1,7.3,   7844
2026-07-24 16:42:14,8003,0.1,0.1,7.3,   7847
2026-07-24 16:42:16,8003,0.1,0.1,7.3,   7849
2026-07-24 16:42:18,8003,0.1,0.2,7.3,   7851
2026-07-24 16:42:20,8003,0.1,0.1,7.3,   7853
2026-07-24 16:42:22,8003,0.1,0.1,7.3,   7855
2026-07-24 16:42:24,8003,0.1,0.1,7.3,   7857
2026-07-24 16:42:26,8003,0.1,0.1,7.3,   7859
2026-07-24 16:42:29,8003,0.1,0.1,7.3,   7861
2026-07-24 16:42:31,8003,0.1,0.1,7.3,   7863
2026-07-24 16:42:33,8003,0.1,0.1,7.3,   7865
2026-07-24 16:42:35,8003,0.1,0.1,7.3,   7867
2026-07-24 16:42:37,8003,0.1,0.1,7.3,   7869
2026-07-24 16:42:39,8003,0.1,0.1,7.3,   7871
2026-07-24 16:42:41,8003,0.1,0.1,7.3,   7873
2026-07-24 16:42:43,8003,0.1,0.1,7.3,   7875
2026-07-24 16:42:45,8003,0.1,0.1,7.3,   7878
2026-07-24 16:42:47,8003,0.1,0.1,7.3,   7880
2026-07-24 16:42:49,8003,0.1,0.2,7.3,   7882
2026-07-24 16:42:51,8003,0.1,0.1,7.3,   7884
2026-07-24 16:42:53,8003,0.1,0.1,7.3,   7886
2026-07-24 16:42:55,8003,0.1,0.1,7.3,   7888
2026-07-24 16:42:57,8003,0.1,0.1,7.3,   7890
2026-07-24 16:42:59,8003,0.1,0.1,7.3,   7892
2026-07-24 16:43:02,8003,0.1,0.1,7.3,   7894
2026-07-24 16:43:04,8003,0.1,0.1,7.3,   7896
2026-07-24 16:43:06,8003,0.1,0.1,7.3,   7898
2026-07-24 16:43:08,8003,0.1,0.1,7.3,   7900
2026-07-24 16:43:10,8003,0.1,0.1,7.3,   7902
2026-07-24 16:43:12,8003,0.1,0.1,7.3,   7904
2026-07-24 16:43:14,8003,0.1,0.1,7.3,   7906
2026-07-24 16:43:16,8003,0.1,0.1,7.3,   7909
2026-07-24 16:43:18,8003,0.1,0.1,7.3,   7911
2026-07-24 16:43:20,8003,0.1,0.2,7.3,   7913
2026-07-24 16:43:22,8003,0.1,0.1,7.3,   7915
2026-07-24 16:43:24,8003,0.1,0.1,7.3,   7917
2026-07-24 16:43:26,8003,0.1,0.1,7.3,   7919
2026-07-24 16:43:28,8003,0.1,0.1,7.3,   7921
2026-07-24 16:43:30,8003,0.1,0.1,7.3,   7923
2026-07-24 16:43:33,8003,0.1,0.1,7.3,   7925
2026-07-24 16:43:35,8003,0.1,0.1,7.3,   7927
2026-07-24 16:43:37,8003,0.1,0.1,7.3,   7929
2026-07-24 16:43:39,8003,0.1,0.1,7.3,   7931
2026-07-24 16:43:41,8003,0.1,0.1,7.3,   7933
2026-07-24 16:43:43,8003,0.1,0.1,7.3,   7935
2026-07-24 16:43:45,8003,0.1,0.1,7.3,   7937
2026-07-24 16:43:47,8003,0.1,0.1,7.3,   7939
2026-07-24 16:43:49,8003,0.1,0.1,7.3,   7942
2026-07-24 16:43:51,8003,0.1,0.2,7.3,   7944
2026-07-24 16:43:53,8003,0.1,0.1,7.3,   7946
2026-07-24 16:43:55,8003,0.1,0.1,7.3,   7948
2026-07-24 16:43:57,8003,0.1,0.1,7.3,   7950
2026-07-24 16:43:59,8003,0.1,0.1,7.3,   7952
2026-07-24 16:44:01,8003,0.1,0.1,7.3,   7954
2026-07-24 16:44:04,8003,0.1,0.1,7.3,   7956
2026-07-24 16:44:06,8003,0.1,0.1,7.3,   7958
2026-07-24 16:44:08,8003,0.1,0.1,7.3,   7960
2026-07-24 16:44:10,8003,0.1,0.1,7.3,   7962
2026-07-24 16:44:12,8003,0.1,0.1,7.3,   7964
2026-07-24 16:44:14,8003,0.1,0.1,7.3,   7966
2026-07-24 16:44:16,8003,0.1,0.1,7.3,   7968
2026-07-24 16:44:18,8003,0.1,0.1,7.3,   7970
2026-07-24 16:44:20,8003,0.1,0.1,7.3,   7973
2026-07-24 16:44:22,8003,0.1,0.1,7.3,   7975
2026-07-24 16:44:24,8003,0.1,0.1,7.3,   7977
2026-07-24 16:44:26,8003,0.1,0.1,7.3,   7979
2026-07-24 16:44:28,8003,0.1,0.1,7.3,   7981
2026-07-24 16:44:30,8003,0.1,0.1,7.3,   7983
2026-07-24 16:44:32,8003,0.1,0.1,7.3,   7985
2026-07-24 16:44:34,8003,0.1,0.1,7.3,   7987
2026-07-24 16:44:36,8003,0.1,0.1,7.3,   7989
2026-07-24 16:44:39,8003,0.1,0.1,7.3,   7991
2026-07-24 16:44:41,8003,0.1,0.1,7.3,   7993
2026-07-24 16:44:43,8003,0.1,0.1,7.3,   7995
2026-07-24 16:44:45,8003,0.1,0.1,7.3,   7997
2026-07-24 16:44:47,8003,0.1,0.1,7.3,   7999
2026-07-24 16:44:49,8003,0.1,0.1,7.3,   8001
2026-07-24 16:44:51,8003,0.1,0.1,7.3,   8003
2026-07-24 16:44:53,8003,0.1,0.1,7.3,   8005
2026-07-24 16:44:55,8003,0.1,0.1,7.3,   8008
2026-07-24 16:44:57,8003,0.1,0.1,7.3,   8010
2026-07-24 16:44:59,8003,0.1,0.1,7.3,   8012
2026-07-24 16:45:01,8003,0.1,0.1,7.3,   8014
2026-07-24 16:45:03,8003,0.1,0.1,7.3,   8016
2026-07-24 16:45:05,8003,0.1,0.1,7.3,   8018
2026-07-24 16:45:07,8003,0.1,0.1,7.3,   8020
2026-07-24 16:45:09,8003,0.1,0.1,7.3,   8022
2026-07-24 16:45:11,8003,0.1,0.1,7.3,   8024
2026-07-24 16:45:14,8003,0.1,0.1,7.3,   8026
2026-07-24 16:45:16,8003,0.1,0.1,7.3,   8028
2026-07-24 16:45:18,8003,0.1,0.1,7.3,   8030
2026-07-24 16:45:20,8003,0.1,0.1,7.3,   8032
2026-07-24 16:45:22,8003,0.1,0.1,7.3,   8034
2026-07-24 16:45:24,8003,0.1,0.1,7.3,   8036
2026-07-24 16:45:26,8003,0.1,0.1,7.3,   8038
2026-07-24 16:45:28,8003,0.1,0.1,7.3,   8040
2026-07-24 16:45:30,8003,0.1,0.1,7.3,   8043
2026-07-24 16:45:32,8003,0.1,0.1,7.3,   8045
2026-07-24 16:45:34,8003,0.1,0.1,7.3,   8047
2026-07-24 16:45:36,8003,0.1,0.1,7.3,   8049
2026-07-24 16:45:38,8003,0.1,0.1,7.3,   8051
2026-07-24 16:45:40,8003,0.1,0.1,7.3,   8053
2026-07-24 16:45:42,8003,0.1,0.1,7.3,   8055
2026-07-24 16:45:44,8003,0.1,0.1,7.3,   8057
2026-07-24 16:45:47,8003,0.1,0.1,7.3,   8059
2026-07-24 16:45:49,8003,0.1,0.1,7.3,   8061
2026-07-24 16:45:51,8003,0.1,0.1,7.3,   8063
2026-07-24 16:45:53,8003,0.1,0.1,7.3,   8065
2026-07-24 16:45:55,8003,0.1,0.1,7.3,   8067
2026-07-24 16:45:57,8003,0.1,0.1,7.3,   8069
2026-07-24 16:45:59,8003,0.1,0.1,7.3,   8071
2026-07-24 16:46:01,8003,0.1,0.1,7.3,   8073
2026-07-24 16:46:03,8003,0.1,0.1,7.3,   8076
2026-07-24 16:46:05,8003,0.1,0.1,7.3,   8078
2026-07-24 16:46:07,8003,0.1,0.1,7.3,   8080
2026-07-24 16:46:09,8003,0.1,0.1,7.3,   8082
2026-07-24 16:46:11,8003,0.1,0.1,7.3,   8084
2026-07-24 16:46:13,8003,0.1,0.1,7.3,   8086
2026-07-24 16:46:15,8003,0.1,0.1,7.3,   8088
2026-07-24 16:46:17,8003,0.1,0.1,7.3,   8090
2026-07-24 16:46:19,8003,0.1,0.1,7.3,   8092
2026-07-24 16:46:22,8003,0.1,0.1,7.3,   8094
2026-07-24 16:46:24,8003,0.1,0.1,7.3,   8096
2026-07-24 16:46:26,8003,0.1,0.1,7.3,   8098
2026-07-24 16:46:28,8003,0.1,0.1,7.3,   8100
2026-07-24 16:46:30,8003,0.1,0.1,7.3,   8102
2026-07-24 16:46:32,8003,0.1,0.1,7.3,   8104
2026-07-24 16:46:34,8003,0.1,0.1,7.3,   8106
2026-07-24 16:46:36,8003,0.1,0.1,7.3,   8108
2026-07-24 16:46:38,8003,0.1,0.1,7.3,   8111
2026-07-24 16:46:40,8003,0.1,0.1,7.3,   8113
2026-07-24 16:46:42,8003,0.1,0.1,7.3,   8115
2026-07-24 16:46:44,8003,0.1,0.1,7.3,   8117
2026-07-24 16:46:46,8003,0.1,0.1,7.3,   8119
2026-07-24 16:46:48,8003,0.1,0.1,7.3,   8121
2026-07-24 16:46:50,8003,0.1,0.1,7.3,   8123
2026-07-24 16:46:52,8003,0.1,0.1,7.3,   8125
2026-07-24 16:46:55,8003,0.1,0.1,7.3,   8127
2026-07-24 16:46:57,8003,0.1,0.1,7.3,   8129
2026-07-24 16:46:59,8003,0.1,0.1,7.3,   8131
2026-07-24 16:47:01,8003,0.1,0.1,7.3,   8133
2026-07-24 16:47:03,8003,0.1,0.1,7.3,   8135
2026-07-24 16:47:05,8003,0.1,0.1,7.3,   8137
2026-07-24 16:47:07,8003,0.1,0.1,7.3,   8139
2026-07-24 16:47:09,8003,0.1,0.1,7.3,   8141
2026-07-24 16:47:11,8003,0.1,0.1,7.3,   8144
2026-07-24 16:47:13,8003,0.1,0.1,7.3,   8146
2026-07-24 16:47:15,8003,0.1,0.1,7.3,   8148
2026-07-24 16:47:17,8003,0.1,0.1,7.3,   8150
2026-07-24 16:47:19,8003,0.1,0.1,7.3,   8152
2026-07-24 16:47:21,8003,0.1,0.1,7.3,   8154
2026-07-24 16:47:23,8003,0.1,0.1,7.3,   8156
2026-07-24 16:47:25,8003,0.1,0.1,7.3,   8158
2026-07-24 16:47:28,8003,0.1,0.1,7.3,   8160
2026-07-24 16:47:30,8003,0.1,0.1,7.3,   8162
2026-07-24 16:47:32,8003,0.1,0.1,7.3,   8164
2026-07-24 16:47:34,8003,0.1,0.1,7.3,   8166
2026-07-24 16:47:36,8003,0.1,0.1,7.3,   8168
2026-07-24 16:47:38,8003,0.1,0.1,7.3,   8170
2026-07-24 16:47:40,8003,0.1,0.1,7.3,   8172
2026-07-24 16:47:42,8003,0.1,0.1,7.3,   8175
2026-07-24 16:47:44,8003,0.1,0.1,7.3,   8177
2026-07-24 16:47:46,8003,0.1,0.1,7.3,   8179
2026-07-24 16:47:48,8003,0.1,0.1,7.3,   8181
2026-07-24 16:47:50,8003,0.1,0.1,7.3,   8183
2026-07-24 16:47:52,8003,0.1,0.1,7.3,   8185
2026-07-24 16:47:54,8003,0.1,0.1,7.3,   8187
2026-07-24 16:47:56,8003,0.1,0.1,7.3,   8189
2026-07-24 16:47:58,8003,0.1,0.1,7.3,   8191
2026-07-24 16:48:01,8003,0.1,0.1,7.3,   8193
2026-07-24 16:48:03,8003,0.1,0.1,7.3,   8195
2026-07-24 16:48:05,8003,0.1,0.1,7.3,   8197
2026-07-24 16:48:07,8003,0.1,0.1,7.3,   8199
2026-07-24 16:48:09,8003,0.1,0.1,7.3,   8201
2026-07-24 16:48:11,8003,0.1,0.1,7.3,   8203
2026-07-24 16:48:13,8003,0.1,0.1,7.3,   8205
2026-07-24 16:48:15,8003,0.1,0.1,7.3,   8208
2026-07-24 16:48:17,8003,0.1,0.1,7.3,   8210
2026-07-24 16:48:19,8003,0.1,0.1,7.3,   8212
2026-07-24 16:48:21,8003,0.1,0.1,7.3,   8214
2026-07-24 16:48:23,8003,0.1,0.1,7.3,   8216
2026-07-24 16:48:25,8003,0.1,0.1,7.3,   8218
2026-07-24 16:48:27,8003,0.1,0.1,7.3,   8220
2026-07-24 16:48:29,8003,0.1,0.1,7.3,   8222
2026-07-24 16:48:32,8003,0.1,0.1,7.3,   8224
2026-07-24 16:48:34,8003,0.1,0.1,7.3,   8226
2026-07-24 16:48:36,8003,0.1,0.1,7.3,   8228
2026-07-24 16:48:38,8003,0.1,0.1,7.3,   8230
2026-07-24 16:48:40,8003,0.1,0.1,7.3,   8232
2026-07-24 16:48:42,8003,0.1,0.1,7.3,   8234
2026-07-24 16:48:44,8003,0.1,0.1,7.3,   8236
2026-07-24 16:48:46,8003,0.1,0.1,7.3,   8238
2026-07-24 16:48:48,8003,0.1,0.1,7.3,   8241
2026-07-24 16:48:50,8003,0.1,0.1,7.3,   8243
2026-07-24 16:48:52,8003,0.1,0.1,7.3,   8245
2026-07-24 16:48:54,8003,0.1,0.1,7.3,   8247
2026-07-24 16:48:56,8003,0.1,0.1,7.3,   8249
2026-07-24 16:48:58,8003,0.1,0.1,7.3,   8251
2026-07-24 16:49:00,8003,0.1,0.1,7.3,   8253
2026-07-24 16:49:02,8003,0.1,0.1,7.3,   8255
2026-07-24 16:49:05,8003,0.1,0.1,7.3,   8257
2026-07-24 16:49:07,8003,0.1,0.1,7.3,   8259
2026-07-24 16:49:09,8003,0.1,0.1,7.3,   8261
2026-07-24 16:49:11,8003,0.1,0.1,7.3,   8263
2026-07-24 16:49:13,8003,0.1,0.1,7.3,   8265
2026-07-24 16:49:15,8003,0.1,0.1,7.3,   8267
2026-07-24 16:49:17,8003,0.1,0.1,7.3,   8269
2026-07-24 16:49:19,8003,0.1,0.1,7.3,   8271
2026-07-24 16:49:21,8003,0.1,0.1,7.3,   8274
2026-07-24 16:49:23,8003,0.1,0.1,7.3,   8276
2026-07-24 16:49:25,8003,0.1,0.1,7.3,   8278
2026-07-24 16:49:27,8003,0.1,0.1,7.3,   8280
2026-07-24 16:49:29,8003,0.1,0.1,7.3,   8282
2026-07-24 16:49:31,8003,0.1,0.1,7.3,   8284
2026-07-24 16:49:33,8003,0.1,0.1,7.3,   8286
2026-07-24 16:49:35,8003,0.1,0.1,7.3,   8288
2026-07-24 16:49:38,8003,0.1,0.1,7.3,   8290
2026-07-24 16:49:40,8003,0.1,0.1,7.3,   8292
2026-07-24 16:49:42,8003,0.1,0.1,7.3,   8294
2026-07-24 16:49:44,8003,0.1,0.1,7.3,   8296
2026-07-24 16:49:46,8003,0.1,0.1,7.3,   8298
2026-07-24 16:49:48,8003,0.1,0.1,7.3,   8300
2026-07-24 16:49:50,8003,0.1,0.1,7.3,   8302
2026-07-24 16:49:52,8003,0.1,0.1,7.3,   8304
2026-07-24 16:49:54,8003,0.1,0.1,7.3,   8307
2026-07-24 16:49:56,8003,0.1,0.1,7.3,   8309
2026-07-24 16:49:58,8003,0.1,0.1,7.3,   8311
2026-07-24 16:50:00,8003,0.1,0.1,7.3,   8313
2026-07-24 16:50:02,8003,0.1,0.1,7.3,   8315
2026-07-24 16:50:04,8003,0.1,0.1,7.3,   8317
2026-07-24 16:50:06,8003,0.1,0.1,7.3,   8319
2026-07-24 16:50:08,8003,0.1,0.1,7.3,   8321
2026-07-24 16:50:11,8003,0.1,0.1,7.3,   8323
2026-07-24 16:50:13,8003,0.1,0.1,7.3,   8325
2026-07-24 16:50:15,8003,0.1,0.1,7.3,   8327
2026-07-24 16:50:17,8003,0.1,0.1,7.3,   8329
2026-07-24 16:50:19,8003,0.1,0.1,7.3,   8331
2026-07-24 16:50:21,8003,0.1,0.1,7.3,   8333
2026-07-24 16:50:23,8003,0.1,0.1,7.3,   8335
2026-07-24 16:50:25,8003,0.1,0.1,7.3,   8337
2026-07-24 16:50:27,8003,0.1,0.1,7.3,   8340
2026-07-24 16:50:29,8003,0.1,0.1,7.3,   8342
2026-07-24 16:50:31,8003,0.1,0.1,7.3,   8344
2026-07-24 16:50:33,8003,0.1,0.1,7.3,   8346
2026-07-24 16:50:35,8003,0.1,0.1,7.3,   8348
2026-07-24 16:50:37,8003,0.1,0.1,7.3,   8350
2026-07-24 16:50:39,8003,0.1,0.1,7.3,   8352
2026-07-24 16:50:42,8003,0.1,0.1,7.3,   8354
2026-07-24 16:50:44,8003,0.1,0.1,7.3,   8356
2026-07-24 16:50:46,8003,0.1,0.1,7.3,   8358
2026-07-24 16:50:48,8003,0.1,0.1,7.3,   8360
2026-07-24 16:50:50,8003,0.1,0.1,7.3,   8362
2026-07-24 16:50:52,8003,0.1,0.1,7.3,   8364
2026-07-24 16:50:54,8003,0.1,0.1,7.3,   8366
2026-07-24 16:50:56,8003,0.1,0.1,7.3,   8368
2026-07-24 16:50:58,8003,0.1,0.1,7.3,   8371
2026-07-24 16:51:00,8003,0.1,0.1,7.3,   8373
2026-07-24 16:51:02,8003,0.1,0.1,7.3,   8375
2026-07-24 16:51:04,8003,0.1,0.1,7.3,   8377
2026-07-24 16:51:06,8003,0.1,0.1,7.3,   8379
2026-07-24 16:51:08,8003,0.1,0.1,7.3,   8381
2026-07-24 16:51:10,8003,0.1,0.1,7.3,   8383
2026-07-24 16:51:13,8003,0.1,0.1,7.3,   8385
2026-07-24 16:51:15,8003,0.1,0.1,7.3,   8387
2026-07-24 16:51:17,8003,0.1,0.1,7.3,   8389
2026-07-24 16:51:19,8003,0.1,0.1,7.3,   8391
2026-07-24 16:51:21,8003,0.1,0.1,7.3,   8393
2026-07-24 16:51:23,8003,0.1,0.1,7.3,   8395
2026-07-24 16:51:25,8003,0.1,0.1,7.3,   8397
2026-07-24 16:51:27,8003,0.1,0.1,7.3,   8399
2026-07-24 16:51:29,8003,0.1,0.1,7.3,   8402
2026-07-24 16:51:31,8003,0.1,0.1,7.3,   8404
2026-07-24 16:51:33,8003,0.1,0.1,7.3,   8406
2026-07-24 16:51:35,8003,0.1,0.1,7.3,   8408
2026-07-24 16:51:37,8003,0.1,0.1,7.3,   8410
2026-07-24 16:51:39,8003,0.1,0.1,7.3,   8412
2026-07-24 16:51:41,8003,0.1,0.1,7.3,   8414
2026-07-24 16:51:43,8003,0.1,0.1,7.3,   8416
2026-07-24 16:51:46,8003,0.1,0.1,7.3,   8418
2026-07-24 16:51:48,8003,0.1,0.1,7.3,   8420
2026-07-24 16:51:50,8003,0.1,0.1,7.3,   8422
2026-07-24 16:51:52,8003,0.1,0.1,7.3,   8424
2026-07-24 16:51:54,8003,0.1,0.1,7.3,   8426
2026-07-24 16:51:56,8003,0.1,0.1,7.3,   8428
2026-07-24 16:51:58,8003,0.1,0.1,7.3,   8430
2026-07-24 16:52:00,8003,0.1,0.1,7.3,   8432
2026-07-24 16:52:02,8003,0.1,0.1,7.3,   8435
2026-07-24 16:52:04,8003,0.1,0.1,7.3,   8437
2026-07-24 16:52:06,8003,0.1,0.1,7.3,   8439
2026-07-24 16:52:08,8003,0.1,0.1,7.3,   8441
2026-07-24 16:52:10,8003,0.1,0.1,7.3,   8443
2026-07-24 16:52:12,8003,0.1,0.1,7.3,   8445
2026-07-24 16:52:14,8003,0.1,0.1,7.3,   8447
2026-07-24 16:52:17,8003,0.1,0.1,7.3,   8449
2026-07-24 16:52:19,8003,0.1,0.1,7.3,   8451
2026-07-24 16:52:21,8003,0.1,0.1,7.3,   8453
2026-07-24 16:52:23,8003,0.1,0.1,7.3,   8455
2026-07-24 16:52:25,8003,0.1,0.1,7.3,   8457
2026-07-24 16:52:27,8003,0.1,0.1,7.3,   8459
2026-07-24 16:52:29,8003,0.1,0.1,7.3,   8461
2026-07-24 16:52:31,8003,0.1,0.1,7.3,   8463
2026-07-24 16:52:33,8003,0.1,0.1,7.3,   8465
2026-07-24 16:52:35,8003,0.1,0.1,7.3,   8468
2026-07-24 16:52:37,8003,0.1,0.1,7.3,   8470
2026-07-24 16:52:39,8003,0.1,0.1,7.3,   8472
2026-07-24 16:52:41,8003,0.1,0.1,7.3,   8474
2026-07-24 16:52:43,8003,0.1,0.1,7.3,   8476
2026-07-24 16:52:45,8003,0.1,0.1,7.3,   8478
2026-07-24 16:52:47,8003,0.1,0.1,7.3,   8480
2026-07-24 16:52:50,8003,0.1,0.1,7.3,   8482
2026-07-24 16:52:52,8003,0.1,0.1,7.3,   8484
2026-07-24 16:52:54,8003,0.1,0.1,7.3,   8486
2026-07-24 16:52:56,8003,0.1,0.1,7.3,   8488
2026-07-24 16:52:58,8003,0.1,0.1,7.3,   8490
2026-07-24 16:53:00,8003,0.1,0.1,7.3,   8492
2026-07-24 16:53:02,8003,0.1,0.1,7.3,   8494
2026-07-24 16:53:04,8003,0.1,0.1,7.3,   8496
2026-07-24 16:53:06,8003,0.1,0.1,7.3,   8499
2026-07-24 16:53:08,8003,0.1,0.1,7.3,   8501
2026-07-24 16:53:10,8003,0.1,0.1,7.3,   8503
2026-07-24 16:53:12,8003,0.1,0.1,7.3,   8505
2026-07-24 16:53:14,8003,0.1,0.1,7.3,   8507
2026-07-24 16:53:16,8003,0.1,0.1,7.3,   8509
2026-07-24 16:53:18,8003,0.1,0.1,7.3,   8511
2026-07-24 16:53:20,8003,0.1,0.1,7.3,   8513
2026-07-24 16:53:23,8003,0.1,0.1,7.3,   8515
2026-07-24 16:53:25,8003,0.1,0.1,7.3,   8517
2026-07-24 16:53:27,8003,0.1,0.1,7.3,   8519
2026-07-24 16:53:29,8003,0.1,0.1,7.3,   8521
2026-07-24 16:53:31,8003,0.1,0.1,7.3,   8523
2026-07-24 16:53:33,8003,0.1,0.1,7.3,   8525
2026-07-24 16:53:35,8003,0.1,0.1,7.3,   8527
2026-07-24 16:53:37,8003,0.1,0.1,7.3,   8529
2026-07-24 16:53:39,8003,0.1,0.1,7.3,   8532
2026-07-24 16:53:41,8003,0.1,0.1,7.3,   8534
2026-07-24 16:53:43,8003,0.1,0.1,7.3,   8536
2026-07-24 16:53:45,8003,0.1,0.1,7.3,   8538
2026-07-24 16:53:47,8003,0.1,0.1,7.3,   8540
2026-07-24 16:53:49,8003,0.1,0.1,7.3,   8542
2026-07-24 16:53:51,8003,0.1,0.1,7.3,   8544
2026-07-24 16:53:54,8003,0.1,0.1,7.3,   8546
2026-07-24 16:53:56,8003,0.1,0.1,7.3,   8548
2026-07-24 16:53:58,8003,0.1,0.1,7.3,   8550
2026-07-24 16:54:00,8003,0.1,0.1,7.3,   8552
2026-07-24 16:54:02,8003,0.1,0.1,7.3,   8554
2026-07-24 16:54:04,8003,0.1,0.1,7.3,   8556
2026-07-24 16:54:06,8003,0.1,0.1,7.3,   8558
2026-07-24 16:54:08,8003,0.1,0.1,7.3,   8560
2026-07-24 16:54:10,8003,0.1,0.1,7.3,   8563
2026-07-24 16:54:12,8003,0.1,0.1,7.3,   8565
2026-07-24 16:54:14,8003,0.1,0.1,7.3,   8567
2026-07-24 16:54:16,8003,0.1,0.1,7.3,   8569
2026-07-24 16:54:18,8003,0.1,0.1,7.3,   8571
2026-07-24 16:54:20,8003,0.1,0.1,7.3,   8573
2026-07-24 16:54:22,8003,0.1,0.1,7.3,   8575
2026-07-24 16:54:24,8003,0.1,0.1,7.3,   8577
2026-07-24 16:54:26,8003,0.1,0.1,7.3,   8579
2026-07-24 16:54:29,8003,0.1,0.1,7.3,   8581
2026-07-24 16:54:31,8003,0.1,0.1,7.3,   8583
2026-07-24 16:54:33,8003,0.1,0.1,7.3,   8585
2026-07-24 16:54:35,8003,0.1,0.1,7.3,   8587
2026-07-24 16:54:37,8003,0.1,0.1,7.3,   8589
2026-07-24 16:54:39,8003,0.1,0.1,7.3,   8591
2026-07-24 16:54:41,8003,0.1,0.1,7.3,   8593
2026-07-24 16:54:43,8003,0.1,0.1,7.3,   8595
2026-07-24 16:54:45,8003,0.1,0.1,7.3,   8598
2026-07-24 16:54:47,8003,0.1,0.1,7.3,   8600
2026-07-24 16:54:49,8003,0.1,0.1,7.3,   8602
2026-07-24 16:54:51,8003,0.1,0.1,7.3,   8604
2026-07-24 16:54:53,8003,0.1,0.1,7.3,   8606
2026-07-24 16:54:55,8003,0.1,0.1,7.3,   8608
2026-07-24 16:54:57,8003,0.1,0.1,7.3,   8610
2026-07-24 16:54:59,8003,0.1,0.1,7.3,   8612
2026-07-24 16:55:02,8003,0.1,0.1,7.3,   8614
2026-07-24 16:55:04,8003,0.1,0.1,7.3,   8616
2026-07-24 16:55:06,8003,0.1,0.1,7.3,   8618
2026-07-24 16:55:08,8003,0.1,0.1,7.3,   8620
2026-07-24 16:55:10,8003,0.1,0.1,7.3,   8622
2026-07-24 16:55:12,8003,0.1,0.1,7.3,   8624
2026-07-24 16:55:14,8003,0.1,0.1,7.3,   8626
2026-07-24 16:55:16,8003,0.1,0.1,7.3,   8628
2026-07-24 16:55:18,8003,0.1,0.1,7.3,   8631
2026-07-24 16:55:20,8003,0.1,0.1,7.3,   8633
2026-07-24 16:55:22,8003,0.1,0.1,7.3,   8635
2026-07-24 16:55:24,8003,0.1,0.1,7.3,   8637
2026-07-24 16:55:26,8003,0.1,0.1,7.3,   8639
2026-07-24 16:55:28,8003,0.1,0.1,7.3,   8641
2026-07-24 16:55:30,8003,0.1,0.1,7.3,   8643
2026-07-24 16:55:32,8003,0.1,0.1,7.3,   8645
2026-07-24 16:55:35,8003,0.1,0.1,7.3,   8647
2026-07-24 16:55:37,8003,0.1,0.1,7.3,   8649
2026-07-24 16:55:39,8003,0.1,0.1,7.3,   8651
2026-07-24 16:55:41,8003,0.1,0.1,7.3,   8653
2026-07-24 16:55:43,8003,0.1,0.1,7.3,   8655
2026-07-24 16:55:45,8003,0.1,0.1,7.3,   8657
2026-07-24 16:55:47,8003,0.1,0.1,7.3,   8659
2026-07-24 16:55:49,8003,0.1,0.1,7.3,   8661
2026-07-24 16:55:51,8003,0.1,0.1,7.3,   8664
2026-07-24 16:55:53,8003,0.1,0.1,7.3,   8666
2026-07-24 16:55:55,8003,0.1,0.1,7.3,   8668
2026-07-24 16:55:57,8003,0.1,0.1,7.3,   8670
2026-07-24 16:55:59,8003,0.1,0.1,7.3,   8672
2026-07-24 16:56:01,8003,0.1,0.1,7.3,   8674
2026-07-24 16:56:03,8003,0.1,0.1,7.3,   8676
2026-07-24 16:56:05,8003,0.1,0.1,7.3,   8678
2026-07-24 16:56:08,8003,0.1,0.1,7.3,   8680
2026-07-24 16:56:10,8003,0.1,0.1,7.3,   8682
2026-07-24 16:56:12,8003,0.1,0.1,7.3,   8684
2026-07-24 16:56:14,8003,0.1,0.1,7.3,   8686
2026-07-24 16:56:16,8003,0.1,0.1,7.3,   8688
2026-07-24 16:56:18,8003,0.1,0.1,7.3,   8690
2026-07-24 16:56:20,8003,0.1,0.1,7.3,   8692
2026-07-24 16:56:22,8003,0.1,0.1,7.3,   8695
2026-07-24 16:56:24,8003,0.1,0.1,7.3,   8697
2026-07-24 16:56:26,8003,0.1,0.1,7.3,   8699
2026-07-24 16:56:28,8003,0.1,0.1,7.3,   8701
2026-07-24 16:56:30,8003,0.1,0.1,7.3,   8703
2026-07-24 16:56:32,8003,0.1,0.1,7.3,   8705
2026-07-24 16:56:34,8003,0.1,0.1,7.3,   8707
2026-07-24 16:56:36,8003,0.1,0.1,7.3,   8709
2026-07-24 16:56:38,8003,0.1,0.1,7.3,   8711
2026-07-24 16:56:41,8003,0.1,0.1,7.3,   8713
2026-07-24 16:56:43,8003,0.1,0.2,7.3,   8715
2026-07-24 16:56:45,8003,0.1,0.1,7.3,   8717
2026-07-24 16:56:47,8003,0.1,0.1,7.3,   8719
2026-07-24 16:56:49,8003,0.1,0.1,7.3,   8721
2026-07-24 16:56:51,8003,0.1,0.1,7.3,   8723
2026-07-24 16:56:53,8003,0.1,0.1,7.3,   8725
2026-07-24 16:56:55,8003,0.1,0.1,7.3,   8728
2026-07-24 16:56:57,8003,0.1,0.1,7.3,   8730
2026-07-24 16:56:59,8003,0.1,0.1,7.3,   8732
2026-07-24 16:57:01,8003,0.1,0.1,7.3,   8734
2026-07-24 16:57:03,8003,0.1,0.1,7.3,   8736
2026-07-24 16:57:05,8003,0.1,0.1,7.3,   8738
2026-07-24 16:57:07,8003,0.1,0.1,7.3,   8740
2026-07-24 16:57:09,8003,0.1,0.1,7.3,   8742
2026-07-24 16:57:12,8003,0.1,0.1,7.3,   8744
2026-07-24 16:57:14,8003,0.1,0.2,7.3,   8746
2026-07-24 16:57:16,8003,0.1,0.1,7.3,   8748
2026-07-24 16:57:18,8003,0.1,0.1,7.3,   8750
2026-07-24 16:57:20,8003,0.1,0.1,7.3,   8752
2026-07-24 16:57:22,8003,0.1,0.1,7.3,   8754
2026-07-24 16:57:24,8003,0.1,0.1,7.3,   8756
2026-07-24 16:57:26,8003,0.1,0.1,7.3,   8759
2026-07-24 16:57:28,8003,0.1,0.1,7.3,   8761
2026-07-24 16:57:30,8003,0.1,0.1,7.3,   8763
2026-07-24 16:57:32,8003,0.1,0.1,7.3,   8765
2026-07-24 16:57:34,8003,0.1,0.1,7.3,   8767
2026-07-24 16:57:36,8003,0.1,0.1,7.3,   8769
2026-07-24 16:57:38,8003,0.1,0.1,7.3,   8771
2026-07-24 16:57:40,8003,0.1,0.1,7.3,   8773
2026-07-24 16:57:42,8003,0.1,0.1,7.3,   8775
2026-07-24 16:57:45,8003,0.1,0.2,7.3,   8777
2026-07-24 16:57:47,8003,0.1,0.1,7.3,   8779
2026-07-24 16:57:49,8003,0.1,0.1,7.3,   8781
2026-07-24 16:57:51,8003,0.1,0.1,7.3,   8783
2026-07-24 16:57:53,8003,0.1,0.1,7.3,   8785
2026-07-24 16:57:55,8003,0.1,0.1,7.3,   8787
2026-07-24 16:57:57,8003,0.1,0.1,7.3,   8789
2026-07-24 16:57:59,8003,0.1,0.1,7.3,   8792
2026-07-24 16:58:01,8003,0.1,0.1,7.3,   8794
2026-07-24 16:58:03,8003,0.1,0.1,7.3,   8796
2026-07-24 16:58:05,8003,0.1,0.1,7.3,   8798
2026-07-24 16:58:07,8003,0.1,0.1,7.3,   8800
2026-07-24 16:58:09,8003,0.1,0.1,7.3,   8802
2026-07-24 16:58:11,8003,0.1,0.1,7.3,   8804
2026-07-24 16:58:13,8003,0.1,0.1,7.3,   8806
2026-07-24 16:58:16,8003,0.1,0.2,7.3,   8808
2026-07-24 16:58:18,8003,0.1,0.1,7.3,   8810
2026-07-24 16:58:20,8003,0.1,0.1,7.3,   8812
2026-07-24 16:58:22,8003,0.1,0.1,7.3,   8814
2026-07-24 16:58:24,8003,0.1,0.1,7.3,   8816
2026-07-24 16:58:26,8003,0.1,0.1,7.3,   8818
2026-07-24 16:58:28,8003,0.1,0.1,7.3,   8820
2026-07-24 16:58:30,8003,0.1,0.1,7.3,   8823
2026-07-24 16:58:32,8003,0.1,0.1,7.3,   8825
2026-07-24 16:58:34,8003,0.1,0.1,7.3,   8827
2026-07-24 16:58:36,8003,0.1,0.1,7.3,   8829
2026-07-24 16:58:38,8003,0.1,0.1,7.3,   8831
2026-07-24 16:58:40,8003,0.1,0.1,7.3,   8833
2026-07-24 16:58:42,8003,0.1,0.1,7.3,   8835
2026-07-24 16:58:44,8003,0.1,0.1,7.3,   8837
2026-07-24 16:58:46,8003,0.1,0.2,7.3,   8839
2026-07-24 16:58:49,8003,0.1,0.1,7.3,   8841
2026-07-24 16:58:51,8003,0.1,0.1,7.3,   8843
2026-07-24 16:58:53,8003,0.1,0.1,7.3,   8845
2026-07-24 16:58:55,8003,0.1,0.1,7.3,   8847
2026-07-24 16:58:57,8003,0.1,0.1,7.3,   8849
2026-07-24 16:58:59,8003,0.1,0.1,7.3,   8851
2026-07-24 16:59:01,8003,0.1,0.1,7.3,   8853
2026-07-24 16:59:03,8003,0.1,0.1,7.3,   8856
2026-07-24 16:59:05,8003,0.1,0.1,7.3,   8858
2026-07-24 16:59:07,8003,0.1,0.1,7.3,   8860
2026-07-24 16:59:09,8003,0.1,0.1,7.3,   8862
2026-07-24 16:59:11,8003,0.1,0.1,7.3,   8864
2026-07-24 16:59:13,8003,0.1,0.1,7.3,   8866
2026-07-24 16:59:15,8003,0.1,0.1,7.3,   8868
2026-07-24 16:59:17,8003,0.1,0.2,7.3,   8870
2026-07-24 16:59:20,8003,0.1,0.1,7.3,   8872
2026-07-24 16:59:22,8003,0.1,0.1,7.3,   8874
2026-07-24 16:59:24,8003,0.1,0.1,7.3,   8876
2026-07-24 16:59:26,8003,0.1,0.1,7.3,   8878
2026-07-24 16:59:28,8003,0.1,0.1,7.3,   8880
2026-07-24 16:59:30,8003,0.1,0.1,7.3,   8882
2026-07-24 16:59:32,8003,0.1,0.1,7.3,   8884
2026-07-24 16:59:34,8003,0.1,0.1,7.3,   8887
2026-07-24 16:59:36,8003,0.1,0.1,7.3,   8889
2026-07-24 16:59:38,8003,0.1,0.1,7.3,   8891
2026-07-24 16:59:40,8003,0.1,0.1,7.3,   8893
2026-07-24 16:59:42,8003,0.1,0.1,7.3,   8895
2026-07-24 16:59:44,8003,0.1,0.1,7.3,   8897
2026-07-24 16:59:46,8003,0.1,0.1,7.3,   8899
2026-07-24 16:59:48,8003,0.1,0.2,7.3,   8901
2026-07-24 16:59:51,8003,0.1,0.1,7.3,   8903
2026-07-24 16:59:53,8003,0.1,0.1,7.3,   8905
2026-07-24 16:59:55,8003,0.1,0.1,7.3,   8907
2026-07-24 16:59:57,8003,0.1,0.1,7.3,   8909
2026-07-24 16:59:59,8003,0.1,0.1,7.3,   8911
2026-07-24 17:00:01,8003,0.1,0.1,7.3,   8913
2026-07-24 17:00:03,8003,0.1,0.1,7.3,   8915
2026-07-24 17:00:05,8003,0.1,0.1,7.3,   8917
2026-07-24 17:00:07,8003,0.1,0.1,7.3,   8920
2026-07-24 17:00:09,8003,0.1,0.1,7.3,   8922
2026-07-24 17:00:11,8003,0.1,0.1,7.3,   8924
2026-07-24 17:00:13,8003,0.1,0.1,7.3,   8926
2026-07-24 17:00:15,8003,0.1,0.1,7.3,   8928
2026-07-24 17:00:17,8003,0.1,0.1,7.3,   8930
2026-07-24 17:00:19,8003,0.1,0.2,7.3,   8932
2026-07-24 17:00:21,8003,0.1,0.1,7.3,   8934
2026-07-24 17:00:24,8003,0.1,0.1,7.3,   8936
2026-07-24 17:00:26,8003,0.1,0.1,7.3,   8938
2026-07-24 17:00:28,8003,0.1,0.1,7.3,   8940
2026-07-24 17:00:30,8003,0.1,0.1,7.3,   8942
2026-07-24 17:00:32,8003,0.1,0.1,7.3,   8944
2026-07-24 17:00:34,8003,0.1,0.1,7.3,   8946
2026-07-24 17:00:36,8003,0.1,0.1,7.3,   8948
2026-07-24 17:00:38,8003,0.1,0.1,7.3,   8951
2026-07-24 17:00:40,8003,0.1,0.1,7.3,   8953
2026-07-24 17:00:42,8003,0.1,0.1,7.3,   8955
2026-07-24 17:00:44,8003,0.1,0.1,7.3,   8957
2026-07-24 17:00:46,8003,0.1,0.1,7.3,   8959
2026-07-24 17:00:48,8003,0.1,0.1,7.3,   8961
2026-07-24 17:00:50,8003,0.1,0.2,7.3,   8963
2026-07-24 17:00:52,8003,0.1,0.1,7.3,   8965
2026-07-24 17:00:55,8003,0.1,0.1,7.3,   8967
2026-07-24 17:00:57,8003,0.1,0.1,7.3,   8969
2026-07-24 17:00:59,8003,0.1,0.1,7.3,   8971
2026-07-24 17:01:01,8003,0.1,0.1,7.3,   8973
2026-07-24 17:01:03,8003,0.1,0.1,7.3,   8975
2026-07-24 17:01:05,8003,0.1,0.1,7.3,   8977
2026-07-24 17:01:07,8003,0.1,0.1,7.3,   8979
2026-07-24 17:01:09,8003,0.1,0.1,7.3,   8981
2026-07-24 17:01:11,8003,0.1,0.1,7.3,   8984
2026-07-24 17:01:13,8003,0.1,0.1,7.3,   8986
2026-07-24 17:01:15,8003,0.1,0.1,7.3,   8988
2026-07-24 17:01:17,8003,0.1,0.1,7.3,   8990
2026-07-24 17:01:19,8003,0.1,0.1,7.3,   8992
2026-07-24 17:01:21,8003,0.1,0.2,7.3,   8994
2026-07-24 17:01:23,8003,0.1,0.1,7.3,   8996
2026-07-24 17:01:26,8003,0.1,0.1,7.3,   8998
2026-07-24 17:01:28,8003,0.1,0.1,7.3,   9000
2026-07-24 17:01:30,8003,0.1,0.1,7.3,   9002
2026-07-24 17:01:32,8003,0.1,0.1,7.3,   9004
2026-07-24 17:01:34,8003,0.1,0.1,7.3,   9006
2026-07-24 17:01:36,8003,0.1,0.1,7.3,   9008
2026-07-24 17:01:38,8003,0.1,0.1,7.3,   9010
2026-07-24 17:01:40,8003,0.1,0.1,7.3,   9012
2026-07-24 17:01:42,8003,0.1,0.1,7.3,   9015
2026-07-24 17:01:44,8003,0.1,0.1,7.3,   9017
2026-07-24 17:01:46,8003,0.1,0.1,7.3,   9019
2026-07-24 17:01:48,8003,0.1,0.1,7.3,   9021
2026-07-24 17:01:50,8003,0.1,0.1,7.3,   9023
2026-07-24 17:01:52,8003,0.1,0.2,7.3,   9025
2026-07-24 17:01:54,8003,0.1,0.1,7.3,   9027
2026-07-24 17:01:56,8003,0.1,0.1,7.3,   9029
2026-07-24 17:01:59,8003,0.1,0.1,7.3,   9031
2026-07-24 17:02:01,8003,0.1,0.1,7.3,   9033
2026-07-24 17:02:03,8003,0.1,0.1,7.3,   9035
2026-07-24 17:02:05,8003,0.1,0.1,7.3,   9037
2026-07-24 17:02:07,8003,0.1,0.1,7.3,   9039
2026-07-24 17:02:09,8003,0.1,0.1,7.3,   9041
2026-07-24 17:02:11,8003,0.1,0.1,7.3,   9043
2026-07-24 17:02:13,8003,0.1,0.1,7.3,   9045
2026-07-24 17:02:15,8003,0.1,0.1,7.3,   9048
2026-07-24 17:02:17,8003,0.1,0.1,7.3,   9050
2026-07-24 17:02:19,8003,0.1,0.1,7.3,   9052
2026-07-24 17:02:21,8003,0.1,0.1,7.3,   9054
2026-07-24 17:02:23,8003,0.1,0.2,7.3,   9056
2026-07-24 17:02:25,8003,0.1,0.1,7.3,   9058
2026-07-24 17:02:27,8003,0.1,0.1,7.3,   9060
2026-07-24 17:02:30,8003,0.1,0.1,7.3,   9062
2026-07-24 17:02:32,8003,0.1,0.1,7.3,   9064
2026-07-24 17:02:34,8003,0.1,0.1,7.3,   9066
2026-07-24 17:02:36,8003,0.1,0.1,7.3,   9068
2026-07-24 17:02:38,8003,0.1,0.1,7.3,   9070
2026-07-24 17:02:40,8003,0.1,0.1,7.3,   9072
2026-07-24 17:02:42,8003,0.1,0.1,7.3,   9074
2026-07-24 17:02:44,8003,0.1,0.1,7.3,   9076
2026-07-24 17:02:46,8003,0.1,0.1,7.3,   9079
2026-07-24 17:02:48,8003,0.1,0.1,7.3,   9081
2026-07-24 17:02:50,8003,0.1,0.1,7.3,   9083
2026-07-24 17:02:52,8003,0.1,0.1,7.3,   9085
2026-07-24 17:02:54,8003,0.1,0.1,7.3,   9087
2026-07-24 17:02:56,8003,0.1,0.1,7.3,   9089
2026-07-24 17:02:58,8003,0.1,0.1,7.3,   9091
2026-07-24 17:03:00,8003,0.1,0.1,7.3,   9093
2026-07-24 17:03:03,8003,0.1,0.1,7.3,   9095
2026-07-24 17:03:05,8003,0.1,0.1,7.3,   9097
2026-07-24 17:03:07,8003,0.1,0.1,7.3,   9099
2026-07-24 17:03:09,8003,0.1,0.1,7.3,   9101
2026-07-24 17:03:11,8003,0.1,0.1,7.3,   9103
2026-07-24 17:03:13,8003,0.1,0.1,7.3,   9105
2026-07-24 17:03:15,8003,0.1,0.1,7.3,   9107
2026-07-24 17:03:17,8003,0.1,0.1,7.3,   9109
2026-07-24 17:03:19,8003,0.1,0.1,7.3,   9112
2026-07-24 17:03:21,8003,0.1,0.1,7.3,   9114
2026-07-24 17:03:23,8003,0.1,0.1,7.3,   9116
2026-07-24 17:03:25,8003,0.1,0.1,7.3,   9118
2026-07-24 17:03:27,8003,0.1,0.1,7.3,   9120
2026-07-24 17:03:29,8003,0.1,0.1,7.3,   9122
2026-07-24 17:03:31,8003,0.1,0.1,7.3,   9124
2026-07-24 17:03:33,8003,0.1,0.1,7.3,   9126
2026-07-24 17:03:35,8003,0.1,0.1,7.3,   9128
2026-07-24 17:03:38,8003,0.1,0.1,7.3,   9130
2026-07-24 17:03:40,8003,0.1,0.1,7.3,   9132
2026-07-24 17:03:42,8003,0.1,0.1,7.3,   9134
2026-07-24 17:03:44,8003,0.1,0.1,7.3,   9136
2026-07-24 17:03:46,8003,0.1,0.1,7.3,   9138
2026-07-24 17:03:48,8003,0.1,0.1,7.3,   9140
2026-07-24 17:03:50,8003,0.1,0.1,7.3,   9142
2026-07-24 17:03:52,8003,0.1,0.1,7.3,   9144
2026-07-24 17:03:54,8003,0.1,0.1,7.3,   9147
2026-07-24 17:03:56,8003,0.1,0.1,7.3,   9149
2026-07-24 17:03:58,8003,0.1,0.1,7.3,   9151
2026-07-24 17:04:00,8003,0.1,0.1,7.3,   9153
2026-07-24 17:04:02,8003,0.1,0.1,7.3,   9155
2026-07-24 17:04:04,8003,0.1,0.1,7.3,   9157
2026-07-24 17:04:06,8003,0.1,0.1,7.3,   9159
2026-07-24 17:04:08,8003,0.1,0.1,7.3,   9161
2026-07-24 17:04:11,8003,0.1,0.1,7.3,   9163
2026-07-24 17:04:13,8003,0.1,0.1,7.3,   9165
2026-07-24 17:04:15,8003,0.1,0.1,7.3,   9167
2026-07-24 17:04:17,8003,0.1,0.1,7.3,   9169
2026-07-24 17:04:19,8003,0.1,0.1,7.3,   9171
2026-07-24 17:04:21,8003,0.1,0.1,7.3,   9173
2026-07-24 17:04:23,8003,0.1,0.1,7.3,   9175
2026-07-24 17:04:25,8003,0.1,0.1,7.3,   9177
2026-07-24 17:04:27,8003,0.1,0.1,7.3,   9180
2026-07-24 17:04:29,8003,0.1,0.1,7.3,   9182
2026-07-24 17:04:31,8003,0.1,0.1,7.3,   9184
2026-07-24 17:04:33,8003,0.1,0.1,7.3,   9186
2026-07-24 17:04:35,8003,0.1,0.1,7.3,   9188
2026-07-24 17:04:37,8003,0.1,0.1,7.3,   9190
2026-07-24 17:04:39,8003,0.1,0.1,7.3,   9192
2026-07-24 17:04:41,8003,0.1,0.1,7.3,   9194
2026-07-24 17:04:44,8003,0.1,0.1,7.3,   9196
2026-07-24 17:04:46,8003,0.1,0.1,7.3,   9198
2026-07-24 17:04:48,8003,0.1,0.1,7.3,   9200
2026-07-24 17:04:50,8003,0.1,0.1,7.3,   9202
2026-07-24 17:04:52,8003,0.1,0.1,7.3,   9204
2026-07-24 17:04:54,8003,0.1,0.1,7.3,   9206
2026-07-24 17:04:56,8003,0.1,0.1,7.3,   9208
2026-07-24 17:04:58,8003,0.1,0.1,7.3,   9211
2026-07-24 17:05:00,8003,0.1,0.1,7.3,   9213
2026-07-24 17:05:02,8003,0.1,0.1,7.3,   9215
2026-07-24 17:05:04,8003,0.1,0.1,7.3,   9217
2026-07-24 17:05:06,8003,0.1,0.1,7.3,   9219
2026-07-24 17:05:08,8003,0.1,0.1,7.3,   9221
2026-07-24 17:05:10,8003,0.1,0.1,7.3,   9223
2026-07-24 17:05:12,8003,0.1,0.1,7.3,   9225
2026-07-24 17:05:14,8003,0.1,0.1,7.3,   9227
2026-07-24 17:05:17,8003,0.1,0.1,7.3,   9229
2026-07-24 17:05:19,8003,0.1,0.1,7.3,   9231
2026-07-24 17:05:21,8003,0.1,0.1,7.3,   9233
2026-07-24 17:05:23,8003,0.1,0.1,7.3,   9235
2026-07-24 17:05:25,8003,0.1,0.1,7.3,   9237
2026-07-24 17:05:27,8003,0.1,0.1,7.3,   9239
2026-07-24 17:05:29,8003,0.1,0.1,7.3,   9241
2026-07-24 17:05:31,8003,0.1,0.1,7.3,   9244
2026-07-24 17:05:33,8003,0.1,0.1,7.3,   9246
2026-07-24 17:05:35,8003,0.1,0.1,7.3,   9248
2026-07-24 17:05:37,8003,0.1,0.1,7.3,   9250
2026-07-24 17:05:39,8003,0.1,0.1,7.3,   9252
2026-07-24 17:05:41,8003,0.1,0.1,7.3,   9254
2026-07-24 17:05:43,8003,0.1,0.1,7.3,   9256
2026-07-24 17:05:45,8003,0.1,0.1,7.3,   9258
2026-07-24 17:05:48,8003,0.1,0.1,7.3,   9260
2026-07-24 17:05:50,8003,0.1,0.1,7.3,   9262
2026-07-24 17:05:52,8003,0.1,0.1,7.3,   9264
2026-07-24 17:05:54,8003,0.1,0.1,7.3,   9266
2026-07-24 17:05:56,8003,0.1,0.1,7.3,   9268
2026-07-24 17:05:58,8003,0.1,0.1,7.3,   9270
2026-07-24 17:06:00,8003,0.1,0.1,7.3,   9272
2026-07-24 17:06:02,8003,0.1,0.1,7.3,   9274
2026-07-24 17:06:04,8003,0.1,0.1,7.3,   9277
2026-07-24 17:06:06,8003,0.1,0.1,7.3,   9279
2026-07-24 17:06:08,8003,0.1,0.1,7.3,   9281
2026-07-24 17:06:10,8003,0.1,0.1,7.3,   9283
2026-07-24 17:06:12,8003,0.1,0.1,7.3,   9285
2026-07-24 17:06:14,8003,0.1,0.1,7.3,   9287
2026-07-24 17:06:16,8003,0.1,0.1,7.3,   9289
2026-07-24 17:06:18,8003,0.1,0.1,7.3,   9291
2026-07-24 17:06:21,8003,0.1,0.1,7.3,   9293
2026-07-24 17:06:23,8003,0.1,0.1,7.3,   9295
2026-07-24 17:06:25,8003,0.1,0.1,7.3,   9297
2026-07-24 17:06:27,8003,0.1,0.1,7.3,   9299
2026-07-24 17:06:29,8003,0.1,0.1,7.3,   9301
2026-07-24 17:06:31,8003,0.1,0.1,7.3,   9303
2026-07-24 17:06:33,8003,0.1,0.1,7.3,   9305
2026-07-24 17:06:35,8003,0.1,0.1,7.3,   9307
2026-07-24 17:06:37,8003,0.1,0.1,7.3,   9310
2026-07-24 17:06:39,8003,0.1,0.1,7.3,   9312
2026-07-24 17:06:41,8003,0.1,0.1,7.3,   9314
2026-07-24 17:06:43,8003,0.1,0.1,7.3,   9316
2026-07-24 17:06:45,8003,0.1,0.1,7.3,   9318
2026-07-24 17:06:47,8003,0.1,0.1,7.3,   9320
2026-07-24 17:06:49,8003,0.1,0.1,7.3,   9322
2026-07-24 17:06:51,8003,0.1,0.1,7.3,   9324
2026-07-24 17:06:54,8003,0.1,0.1,7.3,   9326
2026-07-24 17:06:56,8003,0.1,0.1,7.3,   9328
2026-07-24 17:06:58,8003,0.1,0.1,7.3,   9330
2026-07-24 17:07:00,8003,0.1,0.1,7.3,   9332
2026-07-24 17:07:02,8003,0.1,0.1,7.3,   9334
2026-07-24 17:07:04,8003,0.1,0.1,7.3,   9336
2026-07-24 17:07:06,8003,0.1,0.1,7.3,   9338
2026-07-24 17:07:08,8003,0.1,0.1,7.3,   9340
2026-07-24 17:07:10,8003,0.1,0.1,7.3,   9343
2026-07-24 17:07:12,8003,0.1,0.1,7.3,   9345
2026-07-24 17:07:14,8003,0.1,0.1,7.3,   9347
2026-07-24 17:07:16,8003,0.1,0.1,7.3,   9349
2026-07-24 17:07:18,8003,0.1,0.1,7.3,   9351
2026-07-24 17:07:20,8003,0.1,0.1,7.3,   9353
2026-07-24 17:07:22,8003,0.1,0.1,7.3,   9355
2026-07-24 17:07:24,8003,0.1,0.1,7.3,   9357
2026-07-24 17:07:27,8003,0.1,0.1,7.3,   9359
2026-07-24 17:07:29,8003,0.1,0.1,7.3,   9361
2026-07-24 17:07:31,8003,0.1,0.1,7.3,   9363
2026-07-24 17:07:33,8003,0.1,0.1,7.3,   9365
2026-07-24 17:07:35,8003,0.1,0.1,7.3,   9367
2026-07-24 17:07:37,8003,0.1,0.1,7.3,   9369
2026-07-24 17:07:39,8003,0.1,0.1,7.3,   9371
2026-07-24 17:07:41,8003,0.1,0.1,7.3,   9373
2026-07-24 17:07:43,8003,0.1,0.1,7.3,   9376
2026-07-24 17:07:45,8003,0.1,0.1,7.3,   9378
2026-07-24 17:07:47,8003,0.1,0.1,7.3,   9380
2026-07-24 17:07:49,8003,0.1,0.1,7.3,   9382
2026-07-24 17:07:51,8003,0.1,0.1,7.3,   9384
2026-07-24 17:07:53,8003,0.1,0.1,7.3,   9386
2026-07-24 17:07:55,8003,0.1,0.1,7.3,   9388
2026-07-24 17:07:57,8003,0.1,0.1,7.3,   9390
2026-07-24 17:08:00,8003,0.1,0.1,7.3,   9392
2026-07-24 17:08:02,8003,0.1,0.1,7.3,   9394
2026-07-24 17:08:04,8003,0.1,0.1,7.3,   9396
2026-07-24 17:08:06,8003,0.1,0.1,7.3,   9398
2026-07-24 17:08:08,8003,0.1,0.1,7.3,   9400
2026-07-24 17:08:10,8003,0.1,0.1,7.3,   9402
2026-07-24 17:08:12,8003,0.1,0.1,7.3,   9404
2026-07-24 17:08:14,8003,0.1,0.1,7.3,   9406
2026-07-24 17:08:16,8003,0.1,0.1,7.3,   9409
2026-07-24 17:08:18,8003,0.1,0.1,7.3,   9411
2026-07-24 17:08:20,8003,0.1,0.1,7.3,   9413
2026-07-24 17:08:22,8003,0.1,0.1,7.3,   9415
2026-07-24 17:08:24,8003,0.1,0.1,7.3,   9417
2026-07-24 17:08:26,8003,0.1,0.1,7.3,   9419
2026-07-24 17:08:28,8003,0.1,0.1,7.3,   9421
2026-07-24 17:08:30,8003,0.1,0.1,7.3,   9423
2026-07-24 17:08:33,8003,0.1,0.1,7.3,   9425
2026-07-24 17:08:35,8003,0.1,0.1,7.3,   9427
2026-07-24 17:08:37,8003,0.1,0.1,7.3,   9429
2026-07-24 17:08:39,8003,0.1,0.1,7.3,   9431
2026-07-24 17:08:41,8003,0.1,0.1,7.3,   9433
2026-07-24 17:08:43,8003,0.1,0.1,7.3,   9435
2026-07-24 17:08:45,8003,0.1,0.1,7.3,   9437
2026-07-24 17:08:47,8003,0.1,0.1,7.3,   9439
2026-07-24 17:08:49,8003,0.1,0.1,7.3,   9442
2026-07-24 17:08:51,8003,0.1,0.1,7.3,   9444
2026-07-24 17:08:53,8003,0.1,0.1,7.3,   9446
2026-07-24 17:08:55,8003,0.1,0.1,7.3,   9448
2026-07-24 17:08:57,8003,0.1,0.1,7.3,   9450
2026-07-24 17:08:59,8003,0.1,0.1,7.3,   9452
2026-07-24 17:09:01,8003,0.1,0.1,7.3,   9454
2026-07-24 17:09:03,8003,0.1,0.1,7.3,   9456
2026-07-24 17:09:06,8003,0.1,0.1,7.3,   9458
2026-07-24 17:09:08,8003,0.1,0.1,7.3,   9460
2026-07-24 17:09:10,8003,0.1,0.1,7.3,   9462
2026-07-24 17:09:12,8003,0.1,0.1,7.3,   9464
2026-07-24 17:09:14,8003,0.1,0.1,7.3,   9466
2026-07-24 17:09:16,8003,0.1,0.1,7.3,   9468
2026-07-24 17:09:18,8003,0.1,0.1,7.3,   9470
2026-07-24 17:09:20,8003,0.1,0.1,7.3,   9472
2026-07-24 17:09:22,8003,0.1,0.1,7.3,   9475
2026-07-24 17:09:24,8003,0.1,0.1,7.3,   9477
2026-07-24 17:09:26,8003,0.1,0.1,7.3,   9479
2026-07-24 17:09:28,8003,0.1,0.1,7.3,   9481
2026-07-24 17:09:30,8003,0.1,0.1,7.3,   9483
2026-07-24 17:09:32,8003,0.1,0.1,7.3,   9485
2026-07-24 17:09:34,8003,0.1,0.1,7.3,   9487
2026-07-24 17:09:36,8003,0.1,0.1,7.3,   9489
2026-07-24 17:09:39,8003,0.1,0.1,7.3,   9491
2026-07-24 17:09:41,8003,0.1,0.1,7.3,   9493
2026-07-24 17:09:43,8003,0.1,0.1,7.3,   9495
2026-07-24 17:09:45,8003,0.1,0.1,7.3,   9497
2026-07-24 17:09:47,8003,0.1,0.1,7.3,   9499
2026-07-24 17:09:49,8003,0.1,0.1,7.3,   9501
2026-07-24 17:09:51,8003,0.1,0.1,7.3,   9503
2026-07-24 17:09:53,8003,0.1,0.1,7.3,   9506
2026-07-24 17:09:55,8003,0.1,0.1,7.3,   9508
2026-07-24 17:09:57,8003,0.1,0.1,7.3,   9510
2026-07-24 17:09:59,8003,0.1,0.1,7.3,   9512
2026-07-24 17:10:01,8003,0.1,0.1,7.3,   9514
2026-07-24 17:10:03,8003,0.1,0.1,7.3,   9516
2026-07-24 17:10:05,8003,0.1,0.1,7.3,   9518
2026-07-24 17:10:07,8003,0.1,0.1,7.3,   9520
2026-07-24 17:10:10,8003,0.1,0.1,7.3,   9522
2026-07-24 17:10:12,8003,0.1,0.1,7.3,   9524
2026-07-24 17:10:14,8003,0.1,0.1,7.3,   9526
2026-07-24 17:10:16,8003,0.1,0.1,7.3,   9528
2026-07-24 17:10:18,8003,0.1,0.1,7.3,   9530
2026-07-24 17:10:20,8003,0.1,0.1,7.3,   9532
2026-07-24 17:10:22,8003,0.1,0.1,7.3,   9534
2026-07-24 17:10:24,8003,0.1,0.1,7.3,   9536
2026-07-24 17:10:26,8003,0.1,0.1,7.3,   9539
2026-07-24 17:10:28,8003,0.1,0.1,7.3,   9541
2026-07-24 17:10:30,8003,0.1,0.1,7.3,   9543
2026-07-24 17:10:32,8003,0.1,0.1,7.3,   9545
2026-07-24 17:10:34,8003,0.1,0.1,7.3,   9547
2026-07-24 17:10:36,8003,0.1,0.1,7.3,   9549
2026-07-24 17:10:38,8003,0.1,0.1,7.3,   9551
2026-07-24 17:10:40,8003,0.1,0.1,7.3,   9553
2026-07-24 17:10:43,8003,0.1,0.1,7.3,   9555
2026-07-24 17:10:45,8003,0.1,0.1,7.3,   9557
2026-07-24 17:10:47,8003,0.1,0.1,7.3,   9559
2026-07-24 17:10:49,8003,0.1,0.1,7.3,   9561
2026-07-24 17:10:51,8003,0.1,0.1,7.3,   9563
2026-07-24 17:10:53,8003,0.1,0.1,7.3,   9565
2026-07-24 17:10:55,8003,0.1,0.1,7.3,   9567
2026-07-24 17:10:57,8003,0.1,0.1,7.3,   9569
2026-07-24 17:10:59,8003,0.1,0.1,7.3,   9572
2026-07-24 17:11:01,8003,0.1,0.1,7.3,   9574
2026-07-24 17:11:03,8003,0.1,0.1,7.3,   9576
2026-07-24 17:11:05,8003,0.1,0.1,7.3,   9578
2026-07-24 17:11:07,8003,0.1,0.1,7.3,   9580
2026-07-24 17:11:09,8003,0.1,0.1,7.3,   9582
2026-07-24 17:11:11,8003,0.1,0.1,7.3,   9584
2026-07-24 17:11:13,8003,0.1,0.1,7.3,   9586
2026-07-24 17:11:16,8003,0.1,0.1,7.3,   9588
2026-07-24 17:11:18,8003,0.1,0.1,7.3,   9590
2026-07-24 17:11:20,8003,0.1,0.1,7.3,   9592
2026-07-24 17:11:22,8003,0.1,0.1,7.3,   9594
2026-07-24 17:11:24,8003,0.1,0.1,7.3,   9596
2026-07-24 17:11:26,8003,0.1,0.1,7.3,   9598
2026-07-24 17:11:28,8003,0.1,0.1,7.3,   9600
2026-07-24 17:11:30,8003,0.1,0.1,7.3,   9602
2026-07-24 17:11:32,8003,0.1,0.1,7.3,   9605
2026-07-24 17:11:34,8003,0.1,0.1,7.3,   9607
2026-07-24 17:11:36,8003,0.1,0.1,7.3,   9609
2026-07-24 17:11:38,8003,0.1,0.1,7.3,   9611
2026-07-24 17:11:40,8003,0.1,0.1,7.3,   9613
2026-07-24 17:11:42,8003,0.1,0.1,7.3,   9615
2026-07-24 17:11:44,8003,0.1,0.1,7.3,   9617
2026-07-24 17:11:46,8003,0.1,0.1,7.3,   9619
2026-07-24 17:11:48,8003,0.1,0.1,7.3,   9621
2026-07-24 17:11:51,8003,0.1,0.1,7.3,   9623
2026-07-24 17:11:53,8003,0.1,0.1,7.3,   9625
2026-07-24 17:11:55,8003,0.1,0.1,7.3,   9627
2026-07-24 17:11:57,8003,0.1,0.1,7.3,   9629
2026-07-24 17:11:59,8003,0.1,0.1,7.3,   9631
2026-07-24 17:12:01,8003,0.1,0.1,7.3,   9633
2026-07-24 17:12:03,8003,0.1,0.1,7.3,   9635
2026-07-24 17:12:05,8003,0.1,0.1,7.3,   9637
2026-07-24 17:12:07,8003,0.1,0.1,7.3,   9640
2026-07-24 17:12:09,8003,0.1,0.1,7.3,   9642
2026-07-24 17:12:11,8003,0.1,0.1,7.3,   9644
2026-07-24 17:12:13,8003,0.1,0.1,7.3,   9646
2026-07-24 17:12:15,8003,0.1,0.1,7.3,   9648
2026-07-24 17:12:17,8003,0.1,0.1,7.3,   9650
2026-07-24 17:12:19,8003,0.1,0.1,7.3,   9652
2026-07-24 17:12:21,8003,0.1,0.1,7.3,   9654
2026-07-24 17:12:24,8003,0.1,0.1,7.3,   9656
2026-07-24 17:12:26,8003,0.1,0.1,7.3,   9658
2026-07-24 17:12:28,8003,0.1,0.1,7.3,   9660
2026-07-24 17:12:30,8003,0.1,0.1,7.3,   9662
2026-07-24 17:12:32,8003,0.1,0.1,7.3,   9664
2026-07-24 17:12:34,8003,0.1,0.1,7.3,   9666
2026-07-24 17:12:36,8003,0.1,0.1,7.3,   9668
2026-07-24 17:12:38,8003,0.1,0.1,7.3,   9670
2026-07-24 17:12:40,8003,0.1,0.2,7.3,   9673
2026-07-24 17:12:42,8003,0.1,0.1,7.3,   9675
2026-07-24 17:12:44,8003,0.1,0.1,7.3,   9677
2026-07-24 17:12:46,8003,0.1,0.1,7.3,   9679
2026-07-24 17:12:48,8003,0.1,0.1,7.3,   9681
2026-07-24 17:12:50,8003,0.1,0.1,7.3,   9683
2026-07-24 17:12:52,8003,0.1,0.1,7.3,   9685
2026-07-24 17:12:55,8003,0.1,0.1,7.3,   9687
2026-07-24 17:12:57,8003,0.1,0.1,7.3,   9689
2026-07-24 17:12:59,8003,0.1,0.1,7.3,   9691
2026-07-24 17:13:01,8003,0.1,0.1,7.3,   9693
2026-07-24 17:13:03,8003,0.1,0.1,7.3,   9695
2026-07-24 17:13:05,8003,0.1,0.1,7.3,   9697
2026-07-24 17:13:07,8003,0.1,0.1,7.3,   9699
2026-07-24 17:13:09,8003,0.1,0.1,7.3,   9701
2026-07-24 17:13:11,8003,0.1,0.2,7.3,   9704
2026-07-24 17:13:13,8003,0.1,0.1,7.3,   9706
2026-07-24 17:13:15,8003,0.1,0.1,7.3,   9708
2026-07-24 17:13:17,8003,0.1,0.1,7.3,   9710
2026-07-24 17:13:19,8003,0.1,0.1,7.3,   9712
2026-07-24 17:13:21,8003,0.1,0.1,7.3,   9714
2026-07-24 17:13:23,8003,0.1,0.1,7.3,   9716
2026-07-24 17:13:25,8003,0.1,0.1,7.3,   9718
2026-07-24 17:13:28,8003,0.1,0.1,7.3,   9720
2026-07-24 17:13:30,8003,0.1,0.1,7.3,   9722
2026-07-24 17:13:32,8003,0.1,0.1,7.3,   9724
2026-07-24 17:13:34,8003,0.1,0.1,7.3,   9726
2026-07-24 17:13:36,8003,0.1,0.1,7.3,   9728
2026-07-24 17:13:38,8003,0.1,0.1,7.3,   9730
2026-07-24 17:13:40,8003,0.1,0.1,7.3,   9732
2026-07-24 17:13:42,8003,0.1,0.2,7.3,   9735
2026-07-24 17:13:44,8003,0.1,0.1,7.3,   9737
2026-07-24 17:13:46,8003,0.1,0.1,7.3,   9739
2026-07-24 17:13:48,8003,0.1,0.1,7.3,   9741
2026-07-24 17:13:50,8003,0.1,0.1,7.3,   9743
2026-07-24 17:13:52,8003,0.1,0.1,7.3,   9745
2026-07-24 17:13:54,8003,0.1,0.1,7.3,   9747
2026-07-24 17:13:56,8003,0.1,0.1,7.3,   9749
2026-07-24 17:13:58,8003,0.1,0.1,7.3,   9751
2026-07-24 17:14:01,8003,0.1,0.1,7.3,   9753
2026-07-24 17:14:03,8003,0.1,0.1,7.3,   9755
2026-07-24 17:14:05,8003,0.1,0.1,7.3,   9757
2026-07-24 17:14:07,8003,0.1,0.1,7.3,   9759
2026-07-24 17:14:09,8003,0.1,0.1,7.3,   9761
2026-07-24 17:14:11,8003,0.1,0.1,7.3,   9763
2026-07-24 17:14:13,8003,0.1,0.2,7.3,   9765
2026-07-24 17:14:15,8003,0.1,0.1,7.3,   9768
2026-07-24 17:14:17,8003,0.1,0.1,7.3,   9770
2026-07-24 17:14:19,8003,0.1,0.1,7.3,   9772
2026-07-24 17:14:21,8003,0.1,0.1,7.3,   9774
2026-07-24 17:14:23,8003,0.1,0.1,7.3,   9776
2026-07-24 17:14:25,8003,0.1,0.1,7.3,   9778
2026-07-24 17:14:27,8003,0.1,0.1,7.3,   9780
2026-07-24 17:14:29,8003,0.1,0.1,7.3,   9782
2026-07-24 17:14:32,8003,0.1,0.1,7.3,   9784
2026-07-24 17:14:34,8003,0.1,0.1,7.3,   9786
2026-07-24 17:14:36,8003,0.1,0.1,7.3,   9788
2026-07-24 17:14:38,8003,0.1,0.1,7.3,   9790
2026-07-24 17:14:40,8003,0.1,0.1,7.3,   9792
2026-07-24 17:14:42,8003,0.1,0.1,7.3,   9794
2026-07-24 17:14:44,8003,0.1,0.2,7.3,   9796
2026-07-24 17:14:46,8003,0.1,0.1,7.3,   9799
2026-07-24 17:14:48,8003,0.1,0.1,7.3,   9801
2026-07-24 17:14:50,8003,0.1,0.1,7.3,   9803
2026-07-24 17:14:52,8003,0.1,0.1,7.3,   9805
2026-07-24 17:14:54,8003,0.1,0.1,7.3,   9807
2026-07-24 17:14:56,8003,0.1,0.1,7.3,   9809
2026-07-24 17:14:58,8003,0.1,0.1,7.3,   9811
2026-07-24 17:15:00,8003,0.1,0.1,7.3,   9813
2026-07-24 17:15:02,8003,0.1,0.1,7.3,   9815
2026-07-24 17:15:05,8003,0.1,0.1,7.3,   9817
2026-07-24 17:15:07,8003,0.1,0.1,7.3,   9819
2026-07-24 17:15:09,8003,0.1,0.1,7.3,   9821
2026-07-24 17:15:11,8003,0.1,0.1,7.3,   9823
2026-07-24 17:15:13,8003,0.1,0.1,7.3,   9825
2026-07-24 17:15:15,8003,0.1,0.2,7.3,   9827
2026-07-24 17:15:17,8003,0.1,0.1,7.3,   9829
2026-07-24 17:15:19,8003,0.1,0.1,7.3,   9832
2026-07-24 17:15:21,8003,0.1,0.1,7.3,   9834
2026-07-24 17:15:23,8003,0.1,0.1,7.3,   9836
2026-07-24 17:15:25,8003,0.1,0.1,7.3,   9838
2026-07-24 17:15:27,8003,0.1,0.1,7.3,   9840
2026-07-24 17:15:29,8003,0.1,0.1,7.3,   9842
2026-07-24 17:15:31,8003,0.1,0.1,7.3,   9844
2026-07-24 17:15:33,8003,0.1,0.1,7.3,   9846
2026-07-24 17:15:36,8003,0.1,0.1,7.3,   9848
2026-07-24 17:15:38,8003,0.1,0.1,7.3,   9850
2026-07-24 17:15:40,8003,0.1,0.1,7.3,   9852
2026-07-24 17:15:42,8003,0.1,0.1,7.3,   9854
2026-07-24 17:15:44,8003,0.1,0.1,7.3,   9856
2026-07-24 17:15:46,8003,0.1,0.2,7.3,   9858
2026-07-24 17:15:48,8003,0.1,0.1,7.3,   9860
2026-07-24 17:15:50,8003,0.1,0.1,7.3,   9863
2026-07-24 17:15:52,8003,0.1,0.1,7.3,   9865
2026-07-24 17:15:54,8003,0.1,0.1,7.3,   9867
2026-07-24 17:15:56,8003,0.1,0.1,7.3,   9869
2026-07-24 17:15:58,8003,0.1,0.1,7.3,   9871
2026-07-24 17:16:00,8003,0.1,0.1,7.3,   9873
2026-07-24 17:16:02,8003,0.1,0.1,7.3,   9875
2026-07-24 17:16:04,8003,0.1,0.1,7.3,   9877
2026-07-24 17:16:06,8003,0.1,0.1,7.3,   9879
2026-07-24 17:16:09,8003,0.1,0.1,7.3,   9881
2026-07-24 17:16:11,8003,0.1,0.1,7.3,   9883
2026-07-24 17:16:13,8003,0.1,0.1,7.3,   9885
2026-07-24 17:16:15,8003,0.1,0.1,7.3,   9887
2026-07-24 17:16:17,8003,0.1,0.2,7.3,   9889
2026-07-24 17:16:19,8003,0.1,0.1,7.3,   9891
2026-07-24 17:16:21,8003,0.1,0.1,7.3,   9893
2026-07-24 17:16:23,8003,0.1,0.1,7.3,   9895
2026-07-24 17:16:25,8003,0.1,0.1,7.3,   9898
2026-07-24 17:16:27,8003,0.1,0.1,7.3,   9900
2026-07-24 17:16:29,8003,0.1,0.1,7.3,   9902
2026-07-24 17:16:31,8003,0.1,0.1,7.3,   9904
2026-07-24 17:16:33,8003,0.1,0.1,7.3,   9906
2026-07-24 17:16:35,8003,0.1,0.1,7.3,   9908
2026-07-24 17:16:37,8003,0.1,0.1,7.3,   9910
2026-07-24 17:16:39,8003,0.1,0.1,7.3,   9912
2026-07-24 17:16:42,8003,0.1,0.1,7.3,   9914
2026-07-24 17:16:44,8003,0.1,0.1,7.3,   9916
2026-07-24 17:16:46,8003,0.1,0.1,7.3,   9918
2026-07-24 17:16:48,8003,0.1,0.2,7.3,   9920
2026-07-24 17:16:50,8003,0.1,0.1,7.3,   9922
2026-07-24 17:16:52,8003,0.1,0.1,7.3,   9924
2026-07-24 17:16:54,8003,0.1,0.1,7.3,   9926
2026-07-24 17:16:56,8003,0.1,0.1,7.3,   9929
2026-07-24 17:16:58,8003,0.1,0.1,7.3,   9931
2026-07-24 17:17:00,8003,0.1,0.1,7.3,   9933
2026-07-24 17:17:02,8003,0.1,0.1,7.3,   9935
2026-07-24 17:17:04,8003,0.1,0.1,7.3,   9937
2026-07-24 17:17:06,8003,0.1,0.1,7.3,   9939
2026-07-24 17:17:08,8003,0.1,0.1,7.3,   9941
2026-07-24 17:17:10,8003,0.1,0.1,7.3,   9943
2026-07-24 17:17:13,8003,0.1,0.1,7.3,   9945
2026-07-24 17:17:15,8003,0.1,0.1,7.3,   9947
2026-07-24 17:17:17,8003,0.1,0.1,7.3,   9949
2026-07-24 17:17:19,8003,0.1,0.2,7.3,   9951
2026-07-24 17:17:21,8003,0.1,0.1,7.3,   9953
2026-07-24 17:17:23,8003,0.1,0.1,7.3,   9955
2026-07-24 17:17:25,8003,0.1,0.1,7.3,   9957
2026-07-24 17:17:27,8003,0.1,0.1,7.3,   9959
2026-07-24 17:17:29,8003,0.1,0.1,7.3,   9962
2026-07-24 17:17:31,8003,0.1,0.1,7.3,   9964
2026-07-24 17:17:33,8003,0.1,0.1,7.3,   9966
2026-07-24 17:17:35,8003,0.1,0.1,7.3,   9968
2026-07-24 17:17:37,8003,0.1,0.1,7.3,   9970
2026-07-24 17:17:39,8003,0.1,0.1,7.3,   9972
2026-07-24 17:17:41,8003,0.1,0.1,7.3,   9974
2026-07-24 17:17:43,8003,0.1,0.1,7.3,   9976
2026-07-24 17:17:46,8003,0.1,0.1,7.3,   9978
2026-07-24 17:17:48,8003,0.1,0.1,7.3,   9980
2026-07-24 17:17:50,8003,0.1,0.2,7.3,   9982
2026-07-24 17:17:52,8003,0.1,0.1,7.3,   9984
2026-07-24 17:17:54,8003,0.1,0.1,7.3,   9986
2026-07-24 17:17:56,8003,0.1,0.1,7.3,   9988
2026-07-24 17:17:58,8003,0.1,0.1,7.3,   9991
2026-07-24 17:18:00,8003,0.1,0.1,7.3,   9993
2026-07-24 17:18:02,8003,0.1,0.1,7.3,   9995
2026-07-24 17:18:04,8003,0.1,0.1,7.3,   9997
2026-07-24 17:18:06,8003,0.1,0.1,7.3,   9999
2026-07-24 17:18:08,8003,0.1,0.1,7.3,  10001
2026-07-24 17:18:10,8003,0.1,0.1,7.3,  10003
2026-07-24 17:18:12,8003,0.1,0.1,7.3,  10005
2026-07-24 17:18:14,8003,0.1,0.1,7.3,  10007
2026-07-24 17:18:17,8003,0.1,0.1,7.3,  10009
2026-07-24 17:18:19,8003,0.1,0.1,7.3,  10011
2026-07-24 17:18:21,8003,0.1,0.2,7.3,  10013
2026-07-24 17:18:23,8003,0.1,0.1,7.3,  10015
2026-07-24 17:18:25,8003,0.1,0.1,7.3,  10017
2026-07-24 17:18:27,8003,0.1,0.1,7.3,  10019
2026-07-24 17:18:29,8003,0.1,0.1,7.3,  10021
2026-07-24 17:18:31,8003,0.1,0.1,7.3,  10024
2026-07-24 17:18:33,8003,0.1,0.1,7.3,  10026
2026-07-24 17:18:35,8003,0.1,0.1,7.3,  10028
2026-07-24 17:18:37,8003,0.1,0.1,7.3,  10030
2026-07-24 17:18:39,8003,0.1,0.1,7.3,  10032
2026-07-24 17:18:41,8003,0.1,0.1,7.3,  10034
2026-07-24 17:18:43,8003,0.1,0.1,7.3,  10036
2026-07-24 17:18:45,8003,0.1,0.1,7.3,  10038
2026-07-24 17:18:47,8003,0.1,0.1,7.3,  10040
2026-07-24 17:18:50,8003,0.1,0.1,7.3,  10042
2026-07-24 17:18:52,8003,0.1,0.2,7.3,  10044
2026-07-24 17:18:54,8003,0.1,0.1,7.3,  10046
2026-07-24 17:18:56,8003,0.1,0.1,7.3,  10048
2026-07-24 17:18:58,8003,0.1,0.1,7.3,  10050
2026-07-24 17:19:00,8003,0.1,0.1,7.3,  10052
2026-07-24 17:19:02,8003,0.1,0.1,7.3,  10055
2026-07-24 17:19:04,8003,0.1,0.1,7.3,  10057
2026-07-24 17:19:06,8003,0.1,0.1,7.3,  10059
2026-07-24 17:19:08,8003,0.1,0.1,7.3,  10061
2026-07-24 17:19:10,8003,0.1,0.1,7.3,  10063
2026-07-24 17:19:12,8003,0.1,0.1,7.3,  10065
2026-07-24 17:19:14,8003,0.1,0.1,7.3,  10067
2026-07-24 17:19:16,8003,0.1,0.1,7.3,  10069
2026-07-24 17:19:18,8003,0.1,0.1,7.3,  10071
2026-07-24 17:19:21,8003,0.1,0.1,7.3,  10073
2026-07-24 17:19:23,8003,0.1,0.1,7.3,  10075
2026-07-24 17:19:25,8003,0.1,0.1,7.3,  10077
2026-07-24 17:19:27,8003,0.1,0.1,7.3,  10079
2026-07-24 17:19:29,8003,0.1,0.1,7.3,  10081
2026-07-24 17:19:31,8003,0.1,0.1,7.3,  10083
2026-07-24 17:19:33,8003,0.1,0.1,7.3,  10085
2026-07-24 17:19:35,8003,0.1,0.1,7.3,  10087
2026-07-24 17:19:37,8003,0.1,0.1,7.3,  10090
2026-07-24 17:19:39,8003,0.1,0.1,7.3,  10092
2026-07-24 17:19:41,8003,0.1,0.1,7.3,  10094
2026-07-24 17:19:43,8003,0.1,0.1,7.3,  10096
2026-07-24 17:19:45,8003,0.1,0.1,7.3,  10098
2026-07-24 17:19:47,8003,0.1,0.1,7.3,  10100
2026-07-24 17:19:49,8003,0.1,0.1,7.3,  10102
2026-07-24 17:19:51,8003,0.1,0.1,7.3,  10104
2026-07-24 17:19:53,8003,0.1,0.1,7.3,  10106
2026-07-24 17:19:56,8003,0.1,0.1,7.3,  10108
2026-07-24 17:19:58,8003,0.1,0.1,7.3,  10110
2026-07-24 17:20:00,8003,0.1,0.1,7.3,  10112
2026-07-24 17:20:02,8003,0.1,0.1,7.3,  10114
2026-07-24 17:20:04,8003,0.1,0.1,7.3,  10116
2026-07-24 17:20:06,8003,0.1,0.1,7.3,  10118
2026-07-24 17:20:08,8003,0.1,0.1,7.3,  10120
2026-07-24 17:20:10,8003,0.1,0.1,7.3,  10123
2026-07-24 17:20:12,8003,0.1,0.1,7.3,  10125
2026-07-24 17:20:14,8003,0.1,0.1,7.3,  10127
2026-07-24 17:20:16,8003,0.1,0.1,7.3,  10129
2026-07-24 17:20:18,8003,0.1,0.1,7.3,  10131
2026-07-24 17:20:20,8003,0.1,0.1,7.3,  10133
2026-07-24 17:20:22,8003,0.1,0.1,7.3,  10135
2026-07-24 17:20:24,8003,0.1,0.1,7.3,  10137
2026-07-24 17:20:27,8003,0.1,0.1,7.3,  10139
2026-07-24 17:20:29,8003,0.1,0.1,7.3,  10141
2026-07-24 17:20:31,8003,0.1,0.1,7.3,  10143
2026-07-24 17:20:33,8003,0.1,0.1,7.3,  10145
2026-07-24 17:20:35,8003,0.1,0.1,7.3,  10147
2026-07-24 17:20:37,8003,0.1,0.1,7.3,  10149
2026-07-24 17:20:39,8003,0.1,0.1,7.3,  10151
2026-07-24 17:20:41,8003,0.1,0.1,7.3,  10153
2026-07-24 17:20:43,8003,0.1,0.1,7.3,  10156
2026-07-24 17:20:45,8003,0.1,0.1,7.3,  10158
2026-07-24 17:20:47,8003,0.1,0.1,7.3,  10160
2026-07-24 17:20:49,8003,0.1,0.1,7.3,  10162
2026-07-24 17:20:51,8003,0.1,0.1,7.3,  10164
2026-07-24 17:20:53,8003,0.1,0.1,7.3,  10166
2026-07-24 17:20:55,8003,0.1,0.1,7.3,  10168
2026-07-24 17:20:58,8003,0.1,0.1,7.3,  10170
2026-07-24 17:21:00,8003,0.1,0.1,7.3,  10172
2026-07-24 17:21:02,8003,0.1,0.1,7.3,  10174
2026-07-24 17:21:04,8003,0.1,0.1,7.3,  10176
2026-07-24 17:21:06,8003,0.1,0.1,7.3,  10178
2026-07-24 17:21:08,8003,0.1,0.1,7.3,  10180
2026-07-24 17:21:10,8003,0.1,0.1,7.3,  10182
2026-07-24 17:21:12,8003,0.1,0.1,7.3,  10184
2026-07-24 17:21:14,8003,0.1,0.1,7.3,  10186
2026-07-24 17:21:16,8003,0.1,0.1,7.3,  10189
2026-07-24 17:21:18,8003,0.1,0.1,7.3,  10191
2026-07-24 17:21:20,8003,0.1,0.1,7.3,  10193
2026-07-24 17:21:22,8003,0.1,0.1,7.3,  10195
2026-07-24 17:21:24,8003,0.1,0.1,7.3,  10197
2026-07-24 17:21:26,8003,0.1,0.1,7.3,  10199
2026-07-24 17:21:28,8003,0.1,0.1,7.3,  10201
2026-07-24 17:21:31,8003,0.1,0.1,7.3,  10203
2026-07-24 17:21:33,8003,0.1,0.1,7.3,  10205
2026-07-24 17:21:35,8003,0.1,0.1,7.3,  10207
2026-07-24 17:21:37,8003,0.1,0.1,7.3,  10209
2026-07-24 17:21:39,8003,0.1,0.1,7.3,  10211
2026-07-24 17:21:41,8003,0.1,0.1,7.3,  10213
2026-07-24 17:21:43,8003,0.1,0.1,7.3,  10215
2026-07-24 17:21:45,8003,0.1,0.1,7.3,  10217
2026-07-24 17:21:47,8003,0.1,0.1,7.3,  10219
2026-07-24 17:21:49,8003,0.1,0.1,7.3,  10222
2026-07-24 17:21:51,8003,0.1,0.1,7.3,  10224
2026-07-24 17:21:53,8003,0.1,0.1,7.3,  10226
2026-07-24 17:21:55,8003,0.1,0.1,7.3,  10228
2026-07-24 17:21:57,8003,0.1,0.1,7.3,  10230
2026-07-24 17:21:59,8003,0.1,0.1,7.3,  10232
2026-07-24 17:22:01,8003,0.1,0.1,7.3,  10234
2026-07-24 17:22:04,8003,0.1,0.1,7.3,  10236
2026-07-24 17:22:06,8003,0.1,0.1,7.3,  10238
2026-07-24 17:22:08,8003,0.1,0.1,7.3,  10240
2026-07-24 17:22:10,8003,0.1,0.1,7.3,  10242
2026-07-24 17:22:12,8003,0.1,0.1,7.3,  10244
2026-07-24 17:22:14,8003,0.1,0.1,7.3,  10246
2026-07-24 17:22:16,8003,0.1,0.1,7.3,  10248
2026-07-24 17:22:18,8003,0.1,0.1,7.3,  10250
2026-07-24 17:22:20,8003,0.1,0.1,7.3,  10253
2026-07-24 17:22:22,8003,0.1,0.1,7.3,  10255
2026-07-24 17:22:24,8003,0.1,0.1,7.3,  10257
2026-07-24 17:22:26,8003,0.1,0.1,7.3,  10259
2026-07-24 17:22:28,8003,0.1,0.1,7.3,  10261
2026-07-24 17:22:30,8003,0.1,0.1,7.3,  10263
2026-07-24 17:22:32,8003,0.1,0.1,7.3,  10265
2026-07-24 17:22:34,8003,0.1,0.1,7.3,  10267
2026-07-24 17:22:37,8003,0.1,0.1,7.3,  10269
2026-07-24 17:22:39,8003,0.1,0.1,7.3,  10271
2026-07-24 17:22:41,8003,0.1,0.1,7.3,  10273
2026-07-24 17:22:43,8003,0.1,0.1,7.3,  10275
2026-07-24 17:22:45,8003,0.1,0.1,7.3,  10277
2026-07-24 17:22:47,8003,0.1,0.1,7.3,  10279
2026-07-24 17:22:49,8003,0.1,0.1,7.3,  10281
2026-07-24 17:22:51,8003,0.1,0.1,7.3,  10283
2026-07-24 17:22:53,8003,0.1,0.1,7.3,  10286
2026-07-24 17:22:55,8003,0.1,0.1,7.3,  10288
2026-07-24 17:22:57,8003,0.1,0.1,7.3,  10290
2026-07-24 17:22:59,8003,0.1,0.1,7.3,  10292
2026-07-24 17:23:01,8003,0.1,0.1,7.3,  10294
2026-07-24 17:23:03,8003,0.1,0.1,7.3,  10296
2026-07-24 17:23:05,8003,0.1,0.1,7.3,  10298
2026-07-24 17:23:07,8003,0.1,0.1,7.3,  10300
2026-07-24 17:23:10,8003,0.1,0.1,7.3,  10302
2026-07-24 17:23:12,8003,0.1,0.1,7.3,  10304
2026-07-24 17:23:14,8003,0.1,0.1,7.3,  10306
2026-07-24 17:23:16,8003,0.1,0.1,7.3,  10308
2026-07-24 17:23:18,8003,0.1,0.1,7.3,  10310
2026-07-24 17:23:20,8003,0.1,0.1,7.3,  10312
2026-07-24 17:23:22,8003,0.1,0.1,7.3,  10314
2026-07-24 17:23:24,8003,0.1,0.1,7.3,  10316
2026-07-24 17:23:26,8003,0.1,0.1,7.3,  10319
2026-07-24 17:23:28,8003,0.1,0.1,7.3,  10321
2026-07-24 17:23:30,8003,0.1,0.1,7.3,  10323
2026-07-24 17:23:32,8003,0.1,0.1,7.3,  10325
2026-07-24 17:23:34,8003,0.1,0.1,7.3,  10327
2026-07-24 17:23:36,8003,0.1,0.1,7.3,  10329
2026-07-24 17:23:38,8003,0.1,0.1,7.3,  10331
2026-07-24 17:23:40,8003,0.1,0.1,7.3,  10333
2026-07-24 17:23:43,8003,0.1,0.1,7.3,  10335
2026-07-24 17:23:45,8003,0.1,0.1,7.3,  10337
2026-07-24 17:23:47,8003,0.1,0.1,7.3,  10339
2026-07-24 17:23:49,8003,0.1,0.1,7.3,  10341
2026-07-24 17:23:51,8003,0.1,0.1,7.3,  10343
2026-07-24 17:23:53,8003,0.1,0.1,7.3,  10345
2026-07-24 17:23:55,8003,0.1,0.1,7.3,  10347
2026-07-24 17:23:57,8003,0.1,0.1,7.3,  10349
2026-07-24 17:23:59,8003,0.1,0.1,7.3,  10352
2026-07-24 17:24:01,8003,0.1,0.1,7.3,  10354
2026-07-24 17:24:03,8003,0.1,0.1,7.3,  10356
2026-07-24 17:24:05,8003,0.1,0.1,7.3,  10358
2026-07-24 17:24:07,8003,0.1,0.1,7.3,  10360
2026-07-24 17:24:09,8003,0.1,0.1,7.3,  10362
2026-07-24 17:24:11,8003,0.1,0.1,7.3,  10364
2026-07-24 17:24:13,8003,0.1,0.1,7.3,  10366
2026-07-24 17:24:16,8003,0.1,0.1,7.3,  10368
2026-07-24 17:24:18,8003,0.1,0.1,7.3,  10370
2026-07-24 17:24:20,8003,0.1,0.1,7.3,  10372
2026-07-24 17:24:22,8003,0.1,0.1,7.3,  10374
2026-07-24 17:24:24,8003,0.1,0.1,7.3,  10376
2026-07-24 17:24:26,8003,0.1,0.1,7.3,  10378
2026-07-24 17:24:28,8003,0.1,0.1,7.3,  10380
2026-07-24 17:24:30,8003,0.1,0.1,7.3,  10382
2026-07-24 17:24:32,8003,0.1,0.1,7.3,  10385
2026-07-24 17:24:34,8003,0.1,0.1,7.3,  10387
2026-07-24 17:24:36,8003,0.1,0.1,7.3,  10389
2026-07-24 17:24:38,8003,0.1,0.1,7.3,  10391
2026-07-24 17:24:40,8003,0.1,0.1,7.3,  10393
2026-07-24 17:24:42,8003,0.1,0.1,7.3,  10395
2026-07-24 17:24:44,8003,0.1,0.1,7.3,  10397
2026-07-24 17:24:46,8003,0.1,0.1,7.3,  10399
2026-07-24 17:24:49,8003,0.1,0.1,7.3,  10401
2026-07-24 17:24:51,8003,0.1,0.1,7.3,  10403
2026-07-24 17:24:53,8003,0.1,0.1,7.3,  10405
2026-07-24 17:24:55,8003,0.1,0.1,7.3,  10407
2026-07-24 17:24:57,8003,0.1,0.1,7.3,  10409
2026-07-24 17:24:59,8003,0.1,0.1,7.3,  10411
2026-07-24 17:25:01,8003,0.1,0.1,7.3,  10413
2026-07-24 17:25:03,8003,0.1,0.1,7.3,  10415
2026-07-24 17:25:05,8003,0.1,0.1,7.3,  10418
2026-07-24 17:25:07,8003,0.1,0.1,7.3,  10420
2026-07-24 17:25:09,8003,0.1,0.1,7.3,  10422
2026-07-24 17:25:11,8003,0.1,0.1,7.3,  10424
2026-07-24 17:25:13,8003,0.1,0.1,7.3,  10426
2026-07-24 17:25:15,8003,0.1,0.1,7.3,  10428
2026-07-24 17:25:17,8003,0.1,0.1,7.3,  10430
2026-07-24 17:25:19,8003,0.1,0.1,7.3,  10432
2026-07-24 17:25:22,8003,0.1,0.1,7.3,  10434
2026-07-24 17:25:24,8003,0.1,0.1,7.3,  10436
2026-07-24 17:25:26,8003,0.1,0.1,7.3,  10438
2026-07-24 17:25:28,8003,0.1,0.1,7.3,  10440
2026-07-24 17:25:30,8003,0.1,0.1,7.3,  10442
2026-07-24 17:25:32,8003,0.1,0.1,7.3,  10444
2026-07-24 17:25:34,8003,0.1,0.1,7.3,  10446
2026-07-24 17:25:36,8003,0.1,0.1,7.3,  10448
2026-07-24 17:25:38,8003,0.1,0.1,7.3,  10451
2026-07-24 17:25:40,8003,0.1,0.1,7.3,  10453
2026-07-24 17:25:42,8003,0.1,0.1,7.3,  10455
2026-07-24 17:25:44,8003,0.1,0.1,7.3,  10457
2026-07-24 17:25:46,8003,0.1,0.1,7.3,  10459
2026-07-24 17:25:48,8003,0.1,0.1,7.3,  10461
2026-07-24 17:25:50,8003,0.1,0.1,7.3,  10463
2026-07-24 17:25:52,8003,0.1,0.1,7.3,  10465
2026-07-24 17:25:54,8003,0.1,0.1,7.3,  10467
2026-07-24 17:25:57,8003,0.1,0.1,7.3,  10469
2026-07-24 17:25:59,8003,0.1,0.1,7.3,  10471
2026-07-24 17:26:01,8003,0.1,0.1,7.3,  10473
2026-07-24 17:26:03,8003,0.1,0.1,7.3,  10475
2026-07-24 17:26:05,8003,0.1,0.1,7.3,  10477
2026-07-24 17:26:07,8003,0.1,0.1,7.3,  10479
2026-07-24 17:26:09,8003,0.1,0.1,7.3,  10481
2026-07-24 17:26:11,8003,0.1,0.1,7.3,  10484
2026-07-24 17:26:13,8003,0.1,0.1,7.3,  10486
2026-07-24 17:26:15,8003,0.1,0.1,7.3,  10488
2026-07-24 17:26:17,8003,0.1,0.1,7.3,  10490
2026-07-24 17:26:19,8003,0.1,0.1,7.3,  10492
2026-07-24 17:26:21,8003,0.1,0.1,7.3,  10494
2026-07-24 17:26:23,8003,0.1,0.1,7.3,  10496
2026-07-24 17:26:25,8003,0.1,0.1,7.3,  10498
2026-07-24 17:26:28,8003,0.1,0.1,7.3,  10500
2026-07-24 17:26:30,8003,0.1,0.1,7.3,  10502
2026-07-24 17:26:32,8003,0.1,0.1,7.3,  10504
2026-07-24 17:26:34,8003,0.1,0.1,7.3,  10506
2026-07-24 17:26:36,8003,0.1,0.1,7.3,  10508
2026-07-24 17:26:38,8003,0.1,0.1,7.3,  10510
2026-07-24 17:26:40,8003,0.1,0.1,7.3,  10512
2026-07-24 17:26:42,8003,0.1,0.1,7.3,  10515
2026-07-24 17:26:44,8003,0.1,0.1,7.3,  10517
2026-07-24 17:26:46,8003,0.1,0.1,7.3,  10519
2026-07-24 17:26:48,8003,0.1,0.1,7.3,  10521
2026-07-24 17:26:50,8003,0.1,0.1,7.3,  10523
2026-07-24 17:26:52,8003,0.1,0.1,7.3,  10525
2026-07-24 17:26:54,8003,0.1,0.1,7.3,  10527
2026-07-24 17:26:56,8003,0.1,0.1,7.3,  10529
2026-07-24 17:26:58,8003,0.1,0.1,7.3,  10531
2026-07-24 17:27:01,8003,0.1,0.1,7.3,  10533
2026-07-24 17:27:03,8003,0.1,0.1,7.3,  10535
2026-07-24 17:27:05,8003,0.1,0.1,7.3,  10537
2026-07-24 17:27:07,8003,0.1,0.1,7.3,  10539
2026-07-24 17:27:09,8003,0.1,0.1,7.3,  10541
2026-07-24 17:27:11,8003,0.1,0.1,7.3,  10543
2026-07-24 17:27:13,8003,0.1,0.1,7.3,  10545
2026-07-24 17:27:15,8003,0.1,0.1,7.3,  10548
2026-07-24 17:27:17,8003,0.1,0.1,7.3,  10550
2026-07-24 17:27:19,8003,0.1,0.1,7.3,  10552
2026-07-24 17:27:21,8003,0.1,0.1,7.3,  10554
2026-07-24 17:27:23,8003,0.1,0.1,7.3,  10556
2026-07-24 17:27:25,8003,0.1,0.1,7.3,  10558
2026-07-24 17:27:27,8003,0.1,0.1,7.3,  10560
2026-07-24 17:27:29,8003,0.1,0.1,7.3,  10562
2026-07-24 17:27:31,8003,0.1,0.1,7.3,  10564
2026-07-24 17:27:34,8003,0.1,0.1,7.3,  10566
2026-07-24 17:27:36,8003,0.1,0.1,7.3,  10568
2026-07-24 17:27:38,8003,0.1,0.1,7.3,  10570
2026-07-24 17:27:40,8003,0.1,0.1,7.3,  10572
2026-07-24 17:27:42,8003,0.1,0.1,7.3,  10574
2026-07-24 17:27:44,8003,0.1,0.1,7.3,  10576
2026-07-24 17:27:46,8003,0.1,0.1,7.3,  10578
2026-07-24 17:27:48,8003,0.1,0.1,7.3,  10580
2026-07-24 17:27:50,8003,0.1,0.1,7.3,  10583
2026-07-24 17:27:52,8003,0.1,0.1,7.3,  10585
2026-07-24 17:27:54,8003,0.1,0.1,7.3,  10587
2026-07-24 17:27:56,8003,0.1,0.1,7.3,  10589
2026-07-24 17:27:58,8003,0.1,0.1,7.3,  10591
2026-07-24 17:28:00,8003,0.1,0.1,7.3,  10593
2026-07-24 17:28:02,8003,0.1,0.1,7.3,  10595
2026-07-24 17:28:04,8003,0.1,0.1,7.3,  10597
2026-07-24 17:28:07,8003,0.1,0.2,7.3,  10599
2026-07-24 17:28:09,8003,0.1,0.1,7.3,  10601
2026-07-24 17:28:11,8003,0.1,0.1,7.3,  10603
2026-07-24 17:28:13,8003,0.1,0.1,7.3,  10605
2026-07-24 17:28:15,8003,0.1,0.1,7.3,  10607
2026-07-24 17:28:17,8003,0.1,0.1,7.3,  10609
2026-07-24 17:28:19,8003,0.1,0.1,7.3,  10611
2026-07-24 17:28:21,8003,0.1,0.1,7.3,  10614
2026-07-24 17:28:23,8003,0.1,0.1,7.3,  10616
2026-07-24 17:28:25,8003,0.1,0.1,7.3,  10618
2026-07-24 17:28:27,8003,0.1,0.1,7.3,  10620
2026-07-24 17:28:29,8003,0.1,0.1,7.3,  10622
2026-07-24 17:28:31,8003,0.1,0.1,7.3,  10624
2026-07-24 17:28:33,8003,0.1,0.1,7.3,  10626
2026-07-24 17:28:35,8003,0.1,0.1,7.3,  10628
2026-07-24 17:28:38,8003,0.1,0.2,7.3,  10630
2026-07-24 17:28:40,8003,0.1,0.1,7.3,  10632
2026-07-24 17:28:42,8003,0.1,0.1,7.3,  10634
2026-07-24 17:28:44,8003,0.1,0.1,7.3,  10636
2026-07-24 17:28:46,8003,0.1,0.1,7.3,  10638
2026-07-24 17:28:48,8003,0.1,0.1,7.3,  10640
2026-07-24 17:28:50,8003,0.1,0.1,7.3,  10642
2026-07-24 17:28:52,8003,0.1,0.1,7.3,  10645
2026-07-24 17:28:54,8003,0.1,0.1,7.3,  10647
2026-07-24 17:28:56,8003,0.1,0.1,7.3,  10649
2026-07-24 17:28:58,8003,0.1,0.1,7.3,  10651
2026-07-24 17:29:00,8003,0.1,0.1,7.3,  10653
2026-07-24 17:29:02,8003,0.1,0.1,7.3,  10655
2026-07-24 17:29:04,8003,0.1,0.1,7.3,  10657
2026-07-24 17:29:06,8003,0.1,0.1,7.3,  10659
2026-07-24 17:29:08,8003,0.1,0.2,7.3,  10661
2026-07-24 17:29:11,8003,0.1,0.1,7.3,  10663
2026-07-24 17:29:13,8003,0.1,0.1,7.3,  10665
2026-07-24 17:29:15,8003,0.1,0.1,7.3,  10667
2026-07-24 17:29:17,8003,0.1,0.1,7.3,  10669
2026-07-24 17:29:19,8003,0.1,0.1,7.3,  10671
2026-07-24 17:29:21,8003,0.1,0.1,7.3,  10673
2026-07-24 17:29:23,8003,0.1,0.1,7.3,  10675
2026-07-24 17:29:25,8003,0.1,0.1,7.3,  10678
2026-07-24 17:29:27,8003,0.1,0.1,7.3,  10680
2026-07-24 17:29:29,8003,0.1,0.1,7.3,  10682
2026-07-24 17:29:31,8003,0.1,0.1,7.3,  10684
2026-07-24 17:29:33,8003,0.1,0.1,7.3,  10686
2026-07-24 17:29:35,8003,0.1,0.1,7.3,  10688
2026-07-24 17:29:37,8003,0.1,0.1,7.3,  10690
2026-07-24 17:29:39,8003,0.1,0.2,7.3,  10692
2026-07-24 17:29:42,8003,0.1,0.1,7.3,  10694
2026-07-24 17:29:44,8003,0.1,0.1,7.3,  10696
2026-07-24 17:29:46,8003,0.1,0.1,7.3,  10698
2026-07-24 17:29:48,8003,0.1,0.1,7.3,  10700
2026-07-24 17:29:50,8003,0.1,0.1,7.3,  10702
2026-07-24 17:29:52,8003,0.1,0.1,7.3,  10704
2026-07-24 17:29:54,8003,0.1,0.1,7.3,  10706
2026-07-24 17:29:56,8003,0.1,0.1,7.3,  10708
2026-07-24 17:29:58,8003,0.1,0.1,7.3,  10711
2026-07-24 17:30:00,8003,0.1,0.1,7.3,  10713
2026-07-24 17:30:02,8003,0.1,0.1,7.3,  10715
2026-07-24 17:30:04,8003,0.1,0.1,7.3,  10717
2026-07-24 17:30:06,8003,0.1,0.1,7.3,  10719
2026-07-24 17:30:08,8003,0.1,0.1,7.3,  10721
2026-07-24 17:30:10,8003,0.1,0.2,7.3,  10723
2026-07-24 17:30:12,8003,0.1,0.1,7.3,  10725
2026-07-24 17:30:15,8003,0.1,0.1,7.3,  10727
2026-07-24 17:30:17,8003,0.1,0.1,7.3,  10729
2026-07-24 17:30:19,8003,0.1,0.1,7.3,  10731
2026-07-24 17:30:21,8003,0.1,0.1,7.3,  10733
2026-07-24 17:30:23,8003,0.1,0.1,7.3,  10735
2026-07-24 17:30:25,8003,0.1,0.1,7.3,  10737
2026-07-24 17:30:27,8003,0.1,0.1,7.3,  10739
2026-07-24 17:30:29,8003,0.1,0.1,7.3,  10741
2026-07-24 17:30:31,8003,0.1,0.1,7.3,  10744
2026-07-24 17:30:33,8003,0.1,0.1,7.3,  10746
2026-07-24 17:30:35,8003,0.1,0.1,7.3,  10748
2026-07-24 17:30:37,8003,0.1,0.1,7.3,  10750
2026-07-24 17:30:39,8003,0.1,0.1,7.3,  10752
2026-07-24 17:30:41,8003,0.1,0.2,7.3,  10754
2026-07-24 17:30:43,8003,0.1,0.1,7.3,  10756
2026-07-24 17:30:46,8003,0.1,0.1,7.3,  10758
2026-07-24 17:30:48,8003,0.1,0.1,7.3,  10760
2026-07-24 17:30:50,8003,0.1,0.1,7.3,  10762
2026-07-24 17:30:52,8003,0.1,0.1,7.3,  10764
2026-07-24 17:30:54,8003,0.1,0.1,7.3,  10766
2026-07-24 17:30:56,8003,0.1,0.1,7.3,  10768
2026-07-24 17:30:58,8003,0.1,0.1,7.3,  10770
2026-07-24 17:31:00,8003,0.1,0.1,7.3,  10772
2026-07-24 17:31:02,8003,0.1,0.1,7.3,  10775
2026-07-24 17:31:04,8003,0.1,0.1,7.3,  10777
2026-07-24 17:31:06,8003,0.1,0.1,7.3,  10779
2026-07-24 17:31:08,8003,0.1,0.1,7.3,  10781
2026-07-24 17:31:10,8003,0.1,0.1,7.3,  10783
2026-07-24 17:31:12,8003,0.1,0.2,7.3,  10785
2026-07-24 17:31:14,8003,0.1,0.1,7.3,  10787
2026-07-24 17:31:17,8003,0.1,0.1,7.3,  10789
2026-07-24 17:31:19,8003,0.1,0.1,7.3,  10791
2026-07-24 17:31:21,8003,0.1,0.1,7.3,  10793
2026-07-24 17:31:23,8003,0.1,0.1,7.3,  10795
2026-07-24 17:31:25,8003,0.1,0.1,7.3,  10797
2026-07-24 17:31:27,8003,0.1,0.1,7.3,  10799
2026-07-24 17:31:29,8003,0.1,0.1,7.3,  10801
2026-07-24 17:31:31,8003,0.1,0.1,7.3,  10803
2026-07-24 17:31:33,8003,0.1,0.1,7.3,  10805
2026-07-24 17:31:35,8003,0.1,0.1,7.3,  10808
2026-07-24 17:31:37,8003,0.1,0.1,7.3,  10810
2026-07-24 17:31:39,8003,0.1,0.1,7.3,  10812
2026-07-24 17:31:41,8003,0.1,0.1,7.3,  10814
2026-07-24 17:31:43,8003,0.1,0.2,7.3,  10816
2026-07-24 17:31:45,8003,0.1,0.1,7.3,  10818
2026-07-24 17:31:48,8003,0.1,0.1,7.3,  10820
2026-07-24 17:31:50,8003,0.1,0.1,7.3,  10822
2026-07-24 17:31:52,8003,0.1,0.1,7.3,  10824
2026-07-24 17:31:54,8003,0.1,0.1,7.3,  10826
2026-07-24 17:31:56,8003,0.1,0.1,7.3,  10828
2026-07-24 17:31:58,8003,0.1,0.1,7.3,  10830
2026-07-24 17:32:00,8003,0.1,0.1,7.3,  10832
2026-07-24 17:32:02,8003,0.1,0.1,7.3,  10834
2026-07-24 17:32:04,8003,0.1,0.1,7.3,  10837
2026-07-24 17:32:06,8003,0.1,0.1,7.3,  10839
2026-07-24 17:32:08,8003,0.1,0.1,7.3,  10841
2026-07-24 17:32:10,8003,0.1,0.1,7.3,  10843
2026-07-24 17:32:12,8003,0.1,0.1,7.3,  10845
2026-07-24 17:32:14,8003,0.1,0.2,7.3,  10847
2026-07-24 17:32:16,8003,0.1,0.1,7.3,  10849
2026-07-24 17:32:18,8003,0.1,0.1,7.3,  10851
2026-07-24 17:32:21,8003,0.1,0.1,7.3,  10853
2026-07-24 17:32:23,8003,0.1,0.1,7.3,  10855
2026-07-24 17:32:25,8003,0.1,0.1,7.3,  10857
2026-07-24 17:32:27,8003,0.1,0.1,7.3,  10859
2026-07-24 17:32:29,8003,0.1,0.1,7.3,  10861
2026-07-24 17:32:31,8003,0.1,0.1,7.3,  10863
2026-07-24 17:32:33,8003,0.1,0.1,7.3,  10865
2026-07-24 17:32:35,8003,0.1,0.1,7.3,  10867
2026-07-24 17:32:37,8003,0.1,0.1,7.3,  10870
2026-07-24 17:32:39,8003,0.1,0.1,7.3,  10872
2026-07-24 17:32:41,8003,0.1,0.1,7.3,  10874
2026-07-24 17:32:43,8003,0.1,0.1,7.3,  10876
2026-07-24 17:32:45,8003,0.1,0.2,7.3,  10878
2026-07-24 17:32:47,8003,0.1,0.1,7.3,  10880
2026-07-24 17:32:49,8003,0.1,0.1,7.3,  10882
2026-07-24 17:32:51,8003,0.1,0.1,7.3,  10884
2026-07-24 17:32:54,8003,0.1,0.1,7.3,  10886
2026-07-24 17:32:56,8003,0.1,0.1,7.3,  10888
2026-07-24 17:32:58,8003,0.1,0.1,7.3,  10890
2026-07-24 17:33:00,8003,0.1,0.1,7.3,  10892
2026-07-24 17:33:02,8003,0.1,0.1,7.3,  10894
2026-07-24 17:33:04,8003,0.1,0.1,7.3,  10896
2026-07-24 17:33:06,8003,0.1,0.1,7.3,  10898
2026-07-24 17:33:08,8003,0.1,0.1,7.3,  10900
2026-07-24 17:33:10,8003,0.1,0.1,7.3,  10903
2026-07-24 17:33:12,8003,0.1,0.1,7.3,  10905
2026-07-24 17:33:14,8003,0.1,0.1,7.3,  10907
2026-07-24 17:33:16,8003,0.1,0.2,7.3,  10909
2026-07-24 17:33:18,8003,0.1,0.1,7.3,  10911
2026-07-24 17:33:20,8003,0.1,0.1,7.3,  10913
2026-07-24 17:33:22,8003,0.1,0.1,7.3,  10915
2026-07-24 17:33:25,8003,0.1,0.1,7.3,  10917
2026-07-24 17:33:27,8003,0.1,0.1,7.3,  10919
2026-07-24 17:33:29,8003,0.1,0.1,7.3,  10921
2026-07-24 17:33:31,8003,0.1,0.1,7.3,  10923
2026-07-24 17:33:33,8003,0.1,0.1,7.3,  10925
2026-07-24 17:33:35,8003,0.1,0.1,7.3,  10927
2026-07-24 17:33:37,8003,0.1,0.1,7.3,  10929
2026-07-24 17:33:39,8003,0.1,0.1,7.3,  10931
2026-07-24 17:33:41,8003,0.1,0.1,7.3,  10934
2026-07-24 17:33:43,8003,0.1,0.1,7.3,  10936
2026-07-24 17:33:45,8003,0.1,0.1,7.3,  10938
2026-07-24 17:33:47,8003,0.1,0.2,7.3,  10940
2026-07-24 17:33:49,8003,0.1,0.1,7.3,  10942
2026-07-24 17:33:51,8003,0.1,0.1,7.3,  10944
2026-07-24 17:33:53,8003,0.1,0.1,7.3,  10946
2026-07-24 17:33:55,8003,0.1,0.1,7.3,  10948
2026-07-24 17:33:58,8003,0.1,0.1,7.3,  10950
2026-07-24 17:34:00,8003,0.1,0.1,7.3,  10952
2026-07-24 17:34:02,8003,0.1,0.1,7.3,  10954
2026-07-24 17:34:04,8003,0.1,0.1,7.3,  10956
2026-07-24 17:34:06,8003,0.1,0.1,7.3,  10958
2026-07-24 17:34:08,8003,0.1,0.1,7.3,  10960
2026-07-24 17:34:10,8003,0.1,0.1,7.3,  10962
2026-07-24 17:34:12,8003,0.1,0.1,7.3,  10964
2026-07-24 17:34:14,8003,0.1,0.1,7.3,  10967
2026-07-24 17:34:16,8003,0.1,0.1,7.3,  10969
2026-07-24 17:34:18,8003,0.1,0.1,7.3,  10971
2026-07-24 17:34:20,8003,0.1,0.1,7.3,  10973
2026-07-24 17:34:22,8003,0.1,0.1,7.3,  10975
2026-07-24 17:34:24,8003,0.1,0.1,7.3,  10977
2026-07-24 17:34:26,8003,0.1,0.1,7.3,  10979
2026-07-24 17:34:28,8003,0.1,0.1,7.3,  10981
2026-07-24 17:34:31,8003,0.1,0.1,7.3,  10983
2026-07-24 17:34:33,8003,0.1,0.1,7.3,  10985
2026-07-24 17:34:35,8003,0.1,0.1,7.3,  10987
2026-07-24 17:34:37,8003,0.1,0.1,7.3,  10989
2026-07-24 17:34:39,8003,0.1,0.1,7.3,  10991
2026-07-24 17:34:41,8003,0.1,0.1,7.3,  10993
2026-07-24 17:34:43,8003,0.1,0.1,7.3,  10995
2026-07-24 17:34:45,8003,0.1,0.1,7.3,  10997
2026-07-24 17:34:47,8003,0.1,0.1,7.3,  11000
2026-07-24 17:34:49,8003,0.1,0.1,7.3,  11002
2026-07-24 17:34:51,8003,0.1,0.1,7.3,  11004
2026-07-24 17:34:53,8003,0.1,0.1,7.3,  11006
2026-07-24 17:34:55,8003,0.1,0.1,7.3,  11008
2026-07-24 17:34:57,8003,0.1,0.1,7.3,  11010
2026-07-24 17:34:59,8003,0.1,0.1,7.3,  11012
2026-07-24 17:35:01,8003,0.1,0.1,7.3,  11014
2026-07-24 17:35:04,8003,0.1,0.1,7.3,  11016
2026-07-24 17:35:06,8003,0.1,0.1,7.3,  11018
2026-07-24 17:35:08,8003,0.1,0.1,7.3,  11020
2026-07-24 17:35:10,8003,0.1,0.1,7.3,  11022
2026-07-24 17:35:12,8003,0.1,0.1,7.3,  11024
2026-07-24 17:35:14,8003,0.1,0.1,7.3,  11026
2026-07-24 17:35:16,8003,0.1,0.1,7.3,  11028
2026-07-24 17:35:18,8003,0.1,0.1,7.3,  11030
2026-07-24 17:35:20,8003,0.1,0.1,7.3,  11033
2026-07-24 17:35:22,8003,0.1,0.1,7.3,  11035
2026-07-24 17:35:24,8003,0.1,0.1,7.3,  11037
2026-07-24 17:35:26,8003,0.1,0.1,7.3,  11039
2026-07-24 17:35:28,8003,0.1,0.1,7.3,  11041
2026-07-24 17:35:30,8003,0.1,0.1,7.3,  11043
2026-07-24 17:35:32,8003,0.1,0.1,7.3,  11045
2026-07-24 17:35:34,8003,0.1,0.1,7.3,  11047
2026-07-24 17:35:36,8003,0.1,0.1,7.3,  11049
2026-07-24 17:35:39,8003,0.1,0.1,7.3,  11051
2026-07-24 17:35:41,8003,0.1,0.1,7.3,  11053
2026-07-24 17:35:43,8003,0.1,0.1,7.3,  11055
2026-07-24 17:35:45,8003,0.1,0.1,7.3,  11057
2026-07-24 17:35:47,8003,0.1,0.1,7.3,  11059
2026-07-24 17:35:49,8003,0.1,0.1,7.3,  11061
2026-07-24 17:35:51,8003,0.1,0.1,7.3,  11063
2026-07-24 17:35:53,8003,0.1,0.1,7.3,  11066
2026-07-24 17:35:55,8003,0.1,0.1,7.3,  11068
2026-07-24 17:35:57,8003,0.1,0.1,7.3,  11070
2026-07-24 17:35:59,8003,0.1,0.1,7.3,  11072
2026-07-24 17:36:01,8003,0.1,0.1,7.3,  11074
2026-07-24 17:36:03,8003,0.1,0.1,7.3,  11076
2026-07-24 17:36:05,8003,0.1,0.1,7.3,  11078
2026-07-24 17:36:07,8003,0.1,0.1,7.3,  11080
2026-07-24 17:36:10,8003,0.1,0.1,7.3,  11082
2026-07-24 17:36:12,8003,0.1,0.1,7.3,  11084
2026-07-24 17:36:14,8003,0.1,0.1,7.3,  11086
2026-07-24 17:36:16,8003,0.1,0.1,7.3,  11088
2026-07-24 17:36:18,8003,0.1,0.1,7.3,  11090
2026-07-24 17:36:20,8003,0.1,0.1,7.3,  11092
2026-07-24 17:36:22,8003,0.1,0.1,7.3,  11094
2026-07-24 17:36:24,8003,0.1,0.1,7.3,  11097
2026-07-24 17:36:26,8003,0.1,0.1,7.3,  11099
2026-07-24 17:36:28,8003,0.1,0.1,7.3,  11101
2026-07-24 17:36:30,8003,0.1,0.1,7.3,  11103
2026-07-24 17:36:32,8003,0.1,0.1,7.3,  11105
2026-07-24 17:36:34,8003,0.1,0.1,7.3,  11107
2026-07-24 17:36:36,8003,0.1,0.1,7.3,  11109
2026-07-24 17:36:38,8003,0.1,0.1,7.3,  11111
2026-07-24 17:36:40,8003,0.1,0.1,7.3,  11113
2026-07-24 17:36:43,8003,0.1,0.1,7.3,  11115
2026-07-24 17:36:45,8003,0.1,0.1,7.3,  11117
2026-07-24 17:36:47,8003,0.1,0.1,7.3,  11119
2026-07-24 17:36:49,8003,0.1,0.1,7.3,  11121
2026-07-24 17:36:51,8003,0.1,0.1,7.3,  11123
2026-07-24 17:36:53,8003,0.1,0.1,7.3,  11125
2026-07-24 17:36:55,8003,0.1,0.1,7.3,  11127
2026-07-24 17:36:57,8003,0.1,0.1,7.3,  11130
2026-07-24 17:36:59,8003,0.1,0.1,7.3,  11132
2026-07-24 17:37:01,8003,0.1,0.1,7.3,  11134
2026-07-24 17:37:03,8003,0.1,0.1,7.3,  11136
2026-07-24 17:37:05,8003,0.1,0.1,7.3,  11138
2026-07-24 17:37:07,8003,0.1,0.1,7.3,  11140
2026-07-24 17:37:09,8003,0.1,0.1,7.3,  11142
2026-07-24 17:37:11,8003,0.1,0.1,7.3,  11144
2026-07-24 17:37:14,8003,0.1,0.1,7.3,  11146
2026-07-24 17:37:16,8003,0.1,0.1,7.3,  11148
2026-07-24 17:37:18,8003,0.1,0.1,7.3,  11150
2026-07-24 17:37:20,8003,0.1,0.1,7.3,  11152
2026-07-24 17:37:22,8003,0.1,0.1,7.3,  11154
2026-07-24 17:37:24,8003,0.1,0.1,7.3,  11156
2026-07-24 17:37:26,8003,0.1,0.1,7.3,  11158
2026-07-24 17:37:28,8003,0.1,0.1,7.3,  11160
2026-07-24 17:37:30,8003,0.1,0.1,7.3,  11163
2026-07-24 17:37:32,8003,0.1,0.1,7.3,  11165
2026-07-24 17:37:34,8003,0.1,0.1,7.3,  11167
2026-07-24 17:37:36,8003,0.1,0.1,7.3,  11169
2026-07-24 17:37:38,8003,0.1,0.1,7.3,  11171
2026-07-24 17:37:40,8003,0.1,0.1,7.3,  11173
2026-07-24 17:37:42,8003,0.1,0.1,7.3,  11175
2026-07-24 17:37:44,8003,0.1,0.1,7.3,  11177
2026-07-24 17:37:47,8003,0.1,0.1,7.3,  11179
2026-07-24 17:37:49,8003,0.1,0.1,7.3,  11181
2026-07-24 17:37:51,8003,0.1,0.1,7.3,  11183
2026-07-24 17:37:53,8003,0.1,0.1,7.3,  11185
2026-07-24 17:37:55,8003,0.1,0.1,7.3,  11187
2026-07-24 17:37:57,8003,0.1,0.1,7.3,  11189
2026-07-24 17:37:59,8003,0.1,0.1,7.3,  11191
2026-07-24 17:38:01,8003,0.1,0.1,7.3,  11193
2026-07-24 17:38:03,8003,0.1,0.1,7.3,  11196
2026-07-24 17:38:05,8003,0.1,0.1,7.3,  11198
2026-07-24 17:38:07,8003,0.1,0.1,7.3,  11200
2026-07-24 17:38:09,8003,0.1,0.1,7.3,  11202
2026-07-24 17:38:11,8003,0.1,0.1,7.3,  11204
2026-07-24 17:38:13,8003,0.1,0.1,7.3,  11206
2026-07-24 17:38:15,8003,0.1,0.1,7.3,  11208
2026-07-24 17:38:17,8003,0.1,0.1,7.3,  11210
2026-07-24 17:38:19,8003,0.1,0.1,7.3,  11212
2026-07-24 17:38:22,8003,0.1,0.1,7.3,  11214
2026-07-24 17:38:24,8003,0.1,0.1,7.3,  11216
2026-07-24 17:38:26,8003,0.1,0.1,7.3,  11218
2026-07-24 17:38:28,8003,0.1,0.1,7.3,  11220
2026-07-24 17:38:30,8003,0.1,0.1,7.3,  11222
2026-07-24 17:38:32,8003,0.1,0.1,7.3,  11224
2026-07-24 17:38:34,8003,0.1,0.1,7.3,  11226
2026-07-24 17:38:36,8003,0.1,0.1,7.3,  11229
2026-07-24 17:38:38,8003,0.1,0.1,7.3,  11231
2026-07-24 17:38:40,8003,0.1,0.1,7.3,  11233
2026-07-24 17:38:42,8003,0.1,0.1,7.3,  11235
2026-07-24 17:38:44,8003,0.1,0.1,7.3,  11237
2026-07-24 17:38:46,8003,0.1,0.1,7.3,  11239
2026-07-24 17:38:48,8003,0.1,0.1,7.3,  11241
2026-07-24 17:38:50,8003,0.1,0.1,7.3,  11243
2026-07-24 17:38:52,8003,0.1,0.1,7.3,  11245
2026-07-24 17:38:55,8003,0.1,0.1,7.3,  11247
2026-07-24 17:38:57,8003,0.1,0.1,7.3,  11249
2026-07-24 17:38:59,8003,0.1,0.1,7.3,  11251
2026-07-24 17:39:01,8003,0.1,0.1,7.3,  11253
2026-07-24 17:39:03,8003,0.1,0.1,7.3,  11255
2026-07-24 17:39:05,8003,0.1,0.1,7.3,  11257
2026-07-24 17:39:07,8003,0.1,0.1,7.3,  11259
2026-07-24 17:39:09,8003,0.1,0.1,7.3,  11262
2026-07-24 17:39:11,8003,0.1,0.1,7.3,  11264
2026-07-24 17:39:13,8003,0.1,0.1,7.3,  11266
2026-07-24 17:39:15,8003,0.1,0.1,7.3,  11268
2026-07-24 17:39:17,8003,0.1,0.1,7.3,  11270
2026-07-24 17:39:19,8003,0.1,0.1,7.3,  11272
2026-07-24 17:39:21,8003,0.1,0.1,7.3,  11274
2026-07-24 17:39:23,8003,0.1,0.1,7.3,  11276
2026-07-24 17:39:25,8003,0.1,0.1,7.3,  11278
2026-07-24 17:39:28,8003,0.1,0.1,7.3,  11280
2026-07-24 17:39:30,8003,0.1,0.1,7.3,  11282
2026-07-24 17:39:32,8003,0.1,0.1,7.3,  11284
2026-07-24 17:39:34,8003,0.1,0.1,7.3,  11286
2026-07-24 17:39:36,8003,0.1,0.1,7.3,  11288
2026-07-24 17:39:38,8003,0.1,0.1,7.3,  11290
2026-07-24 17:39:40,8003,0.1,0.1,7.3,  11292
2026-07-24 17:39:42,8003,0.1,0.1,7.3,  11295
2026-07-24 17:39:44,8003,0.1,0.1,7.3,  11297
2026-07-24 17:39:46,8003,0.1,0.1,7.3,  11299
2026-07-24 17:39:48,8003,0.1,0.1,7.3,  11301
2026-07-24 17:39:50,8003,0.1,0.1,7.3,  11303
2026-07-24 17:39:52,8003,0.1,0.1,7.3,  11305
2026-07-24 17:39:54,8003,0.1,0.1,7.3,  11307
2026-07-24 17:39:56,8003,0.1,0.1,7.3,  11309
2026-07-24 17:39:59,8003,0.1,0.1,7.3,  11311
2026-07-24 17:40:01,8003,0.1,0.1,7.3,  11313
2026-07-24 17:40:03,8003,0.1,0.1,7.3,  11315
2026-07-24 17:40:05,8003,0.1,0.1,7.3,  11317
2026-07-24 17:40:07,8003,0.1,0.1,7.3,  11319
2026-07-24 17:40:09,8003,0.1,0.1,7.3,  11321
2026-07-24 17:40:11,8003,0.1,0.1,7.3,  11323
2026-07-24 17:40:13,8003,0.1,0.1,7.3,  11326
2026-07-24 17:40:15,8003,0.1,0.1,7.3,  11328
2026-07-24 17:40:17,8003,0.1,0.1,7.3,  11330
2026-07-24 17:40:19,8003,0.1,0.1,7.3,  11332
2026-07-24 17:40:21,8003,0.1,0.1,7.3,  11334
2026-07-24 17:40:23,8003,0.1,0.1,7.3,  11336
2026-07-24 17:40:25,8003,0.1,0.1,7.3,  11338
2026-07-24 17:40:27,8003,0.1,0.1,7.3,  11340
2026-07-24 17:40:29,8003,0.1,0.1,7.3,  11342
2026-07-24 17:40:32,8003,0.1,0.1,7.3,  11344
2026-07-24 17:40:34,8003,0.1,0.1,7.3,  11346
2026-07-24 17:40:36,8003,0.1,0.1,7.3,  11348
2026-07-24 17:40:38,8003,0.1,0.1,7.3,  11350
2026-07-24 17:40:40,8003,0.1,0.1,7.3,  11352
2026-07-24 17:40:42,8003,0.1,0.1,7.3,  11354
2026-07-24 17:40:44,8003,0.1,0.1,7.3,  11356
2026-07-24 17:40:46,8003,0.1,0.1,7.3,  11358
2026-07-24 17:40:48,8003,0.1,0.1,7.3,  11361
2026-07-24 17:40:50,8003,0.1,0.1,7.3,  11363
2026-07-24 17:40:52,8003,0.1,0.1,7.3,  11365
2026-07-24 17:40:54,8003,0.1,0.1,7.3,  11367
2026-07-24 17:40:56,8003,0.1,0.1,7.3,  11369
2026-07-24 17:40:58,8003,0.1,0.1,7.3,  11371
2026-07-24 17:41:00,8003,0.1,0.1,7.3,  11373
2026-07-24 17:41:03,8003,0.1,0.1,7.3,  11375
2026-07-24 17:41:05,8003,0.1,0.1,7.3,  11377
2026-07-24 17:41:07,8003,0.1,0.1,7.3,  11379
2026-07-24 17:41:09,8003,0.1,0.1,7.3,  11381
2026-07-24 17:41:11,8003,0.1,0.1,7.3,  11383
2026-07-24 17:41:13,8003,0.1,0.1,7.3,  11385
2026-07-24 17:41:15,8003,0.1,0.1,7.3,  11387
2026-07-24 17:41:17,8003,0.1,0.1,7.3,  11389
2026-07-24 17:41:19,8003,0.1,0.1,7.3,  11391
2026-07-24 17:41:21,8003,0.1,0.1,7.3,  11394
2026-07-24 17:41:23,8003,0.1,0.1,7.3,  11396
2026-07-24 17:41:25,8003,0.1,0.1,7.3,  11398
2026-07-24 17:41:27,8003,0.1,0.1,7.3,  11400
2026-07-24 17:41:29,8003,0.1,0.1,7.3,  11402
2026-07-24 17:41:31,8003,0.1,0.1,7.3,  11404
2026-07-24 17:41:33,8003,0.1,0.1,7.3,  11406
2026-07-24 17:41:36,8003,0.1,0.1,7.3,  11408
2026-07-24 17:41:38,8003,0.1,0.1,7.3,  11410
2026-07-24 17:41:40,8003,0.1,0.1,7.3,  11412
2026-07-24 17:41:42,8003,0.1,0.1,7.3,  11414
2026-07-24 17:41:44,8003,0.1,0.1,7.3,  11416
2026-07-24 17:41:46,8003,0.1,0.1,7.3,  11418
2026-07-24 17:41:48,8003,0.1,0.1,7.3,  11420
2026-07-24 17:41:50,8003,0.1,0.1,7.3,  11422
2026-07-24 17:41:52,8003,0.1,0.1,7.3,  11424
2026-07-24 17:41:54,8003,0.1,0.1,7.3,  11427
2026-07-24 17:41:56,8003,0.1,0.1,7.3,  11429
2026-07-24 17:41:58,8003,0.1,0.1,7.3,  11431
2026-07-24 17:42:00,8003,0.1,0.1,7.3,  11433
2026-07-24 17:42:02,8003,0.1,0.1,7.3,  11435
2026-07-24 17:42:04,8003,0.1,0.1,7.3,  11437
2026-07-24 17:42:06,8003,0.1,0.1,7.3,  11439
2026-07-24 17:42:09,8003,0.1,0.1,7.3,  11441
2026-07-24 17:42:11,8003,0.1,0.1,7.3,  11443
2026-07-24 17:42:13,8003,0.1,0.1,7.3,  11445
2026-07-24 17:42:15,8003,0.1,0.1,7.3,  11447
2026-07-24 17:42:17,8003,0.1,0.1,7.3,  11449
2026-07-24 17:42:19,8003,0.1,0.1,7.3,  11451
2026-07-24 17:42:21,8003,0.1,0.1,7.3,  11453
2026-07-24 17:42:23,8003,0.1,0.1,7.3,  11455
2026-07-24 17:42:25,8003,0.1,0.1,7.3,  11458
2026-07-24 17:42:27,8003,0.1,0.1,7.3,  11460
2026-07-24 17:42:29,8003,0.1,0.1,7.3,  11462
2026-07-24 17:42:31,8003,0.1,0.1,7.3,  11464
2026-07-24 17:42:33,8003,0.1,0.1,7.3,  11466
2026-07-24 17:42:35,8003,0.1,0.1,7.3,  11468
2026-07-24 17:42:37,8003,0.1,0.1,7.3,  11470
2026-07-24 17:42:39,8003,0.1,0.1,7.3,  11472
2026-07-24 17:42:42,8003,0.1,0.1,7.3,  11474
2026-07-24 17:42:44,8003,0.1,0.1,7.3,  11476
2026-07-24 17:42:46,8003,0.1,0.1,7.3,  11478
2026-07-24 17:42:48,8003,0.1,0.1,7.3,  11480
2026-07-24 17:42:50,8003,0.1,0.1,7.3,  11482
2026-07-24 17:42:52,8003,0.1,0.1,7.3,  11484
2026-07-24 17:42:54,8003,0.1,0.1,7.3,  11486
2026-07-24 17:42:56,8003,0.1,0.1,7.3,  11488
2026-07-24 17:42:58,8003,0.1,0.1,7.3,  11491
2026-07-24 17:43:00,8003,0.1,0.1,7.3,  11493
2026-07-24 17:43:02,8003,0.1,0.1,7.3,  11495
2026-07-24 17:43:04,8003,0.1,0.1,7.3,  11497
2026-07-24 17:43:06,8003,0.1,0.1,7.3,  11499
2026-07-24 17:43:08,8003,0.1,0.1,7.3,  11501
2026-07-24 17:43:10,8003,0.1,0.1,7.3,  11503
2026-07-24 17:43:12,8003,0.1,0.1,7.3,  11505
2026-07-24 17:43:15,8003,0.1,0.1,7.3,  11507
2026-07-24 17:43:17,8003,0.1,0.1,7.3,  11509
2026-07-24 17:43:19,8003,0.1,0.1,7.3,  11511
2026-07-24 17:43:21,8003,0.1,0.1,7.3,  11513
2026-07-24 17:43:23,8003,0.1,0.1,7.3,  11515
2026-07-24 17:43:25,8003,0.1,0.1,7.3,  11517
2026-07-24 17:43:27,8003,0.1,0.1,7.3,  11519
2026-07-24 17:43:29,8003,0.1,0.1,7.3,  11521
2026-07-24 17:43:31,8003,0.1,0.1,7.3,  11524
2026-07-24 17:43:33,8003,0.1,0.1,7.3,  11526
2026-07-24 17:43:35,8003,0.1,0.1,7.3,  11528
2026-07-24 17:43:37,8003,0.1,0.1,7.3,  11530
2026-07-24 17:43:39,8003,0.1,0.1,7.3,  11532
2026-07-24 17:43:41,8003,0.1,0.1,7.3,  11534
2026-07-24 17:43:43,8003,0.1,0.1,7.3,  11536
2026-07-24 17:43:45,8003,0.1,0.1,7.3,  11538
2026-07-24 17:43:48,8003,0.1,0.1,7.3,  11540
2026-07-24 17:43:50,8003,0.1,0.1,7.3,  11542
2026-07-24 17:43:52,8003,0.1,0.1,7.3,  11544
2026-07-24 17:43:54,8003,0.1,0.1,7.3,  11546
2026-07-24 17:43:56,8003,0.1,0.1,7.3,  11548
2026-07-24 17:43:58,8003,0.1,0.1,7.3,  11550
2026-07-24 17:44:00,8003,0.1,0.1,7.3,  11552
2026-07-24 17:44:02,8003,0.1,0.1,7.3,  11554
2026-07-24 17:44:04,8003,0.1,0.2,7.3,  11557
2026-07-24 17:44:06,8003,0.1,0.1,7.3,  11559
2026-07-24 17:44:08,8003,0.1,0.1,7.3,  11561
2026-07-24 17:44:10,8003,0.1,0.1,7.3,  11563
2026-07-24 17:44:12,8003,0.1,0.1,7.3,  11565
2026-07-24 17:44:14,8003,0.1,0.1,7.3,  11567
2026-07-24 17:44:16,8003,0.1,0.1,7.3,  11569
2026-07-24 17:44:18,8003,0.1,0.1,7.3,  11571
2026-07-24 17:44:21,8003,0.1,0.1,7.3,  11573
2026-07-24 17:44:23,8003,0.1,0.1,7.3,  11575
2026-07-24 17:44:25,8003,0.1,0.1,7.3,  11577
2026-07-24 17:44:27,8003,0.1,0.1,7.3,  11579
2026-07-24 17:44:29,8003,0.1,0.1,7.3,  11581
2026-07-24 17:44:31,8003,0.1,0.1,7.3,  11583
2026-07-24 17:44:33,8003,0.1,0.1,7.3,  11585
2026-07-24 17:44:35,8003,0.1,0.2,7.3,  11588
2026-07-24 17:44:37,8003,0.1,0.1,7.3,  11590
2026-07-24 17:44:39,8003,0.1,0.1,7.3,  11592
2026-07-24 17:44:41,8003,0.1,0.1,7.3,  11594
2026-07-24 17:44:43,8003,0.1,0.1,7.3,  11596
2026-07-24 17:44:45,8003,0.1,0.1,7.3,  11598
2026-07-24 17:44:47,8003,0.1,0.1,7.3,  11600
2026-07-24 17:44:49,8003,0.1,0.1,7.3,  11602
2026-07-24 17:44:52,8003,0.1,0.1,7.3,  11604
2026-07-24 17:44:54,8003,0.1,0.1,7.3,  11606
2026-07-24 17:44:56,8003,0.1,0.1,7.3,  11608
2026-07-24 17:44:58,8003,0.1,0.1,7.3,  11610
2026-07-24 17:45:00,8003,0.1,0.1,7.3,  11612
2026-07-24 17:45:02,8003,0.1,0.1,7.3,  11614
2026-07-24 17:45:04,8003,0.1,0.1,7.3,  11616
2026-07-24 17:45:06,8003,0.1,0.2,7.3,  11619
2026-07-24 17:45:08,8003,0.1,0.1,7.3,  11621
2026-07-24 17:45:10,8003,0.1,0.1,7.3,  11623
2026-07-24 17:45:12,8003,0.1,0.1,7.3,  11625
2026-07-24 17:45:14,8003,0.1,0.1,7.3,  11627
2026-07-24 17:45:16,8003,0.1,0.1,7.3,  11629
2026-07-24 17:45:18,8003,0.1,0.1,7.3,  11631
2026-07-24 17:45:20,8003,0.1,0.1,7.3,  11633
2026-07-24 17:45:23,8003,0.1,0.1,7.3,  11635
2026-07-24 17:45:25,8003,0.1,0.1,7.3,  11637
2026-07-24 17:45:27,8003,0.1,0.1,7.3,  11639
2026-07-24 17:45:29,8003,0.1,0.1,7.3,  11641
2026-07-24 17:45:31,8003,0.1,0.1,7.3,  11643
2026-07-24 17:45:33,8003,0.1,0.1,7.3,  11645
2026-07-24 17:45:35,8003,0.1,0.1,7.3,  11647
2026-07-24 17:45:37,8003,0.1,0.2,7.3,  11649
2026-07-24 17:45:39,8003,0.1,0.1,7.3,  11652
2026-07-24 17:45:41,8003,0.1,0.1,7.3,  11654
2026-07-24 17:45:43,8003,0.1,0.1,7.3,  11656
2026-07-24 17:45:45,8003,0.1,0.1,7.3,  11658
2026-07-24 17:45:47,8003,0.1,0.1,7.3,  11660
2026-07-24 17:45:49,8003,0.1,0.1,7.3,  11662
2026-07-24 17:45:51,8003,0.1,0.1,7.3,  11664
2026-07-24 17:45:53,8003,0.1,0.1,7.3,  11666
2026-07-24 17:45:56,8003,0.1,0.1,7.3,  11668
2026-07-24 17:45:58,8003,0.1,0.1,7.3,  11670
2026-07-24 17:46:00,8003,0.1,0.1,7.3,  11672
2026-07-24 17:46:02,8003,0.1,0.1,7.3,  11674
2026-07-24 17:46:04,8003,0.1,0.1,7.3,  11676
2026-07-24 17:46:06,8003,0.1,0.1,7.3,  11678
2026-07-24 17:46:08,8003,0.1,0.2,7.3,  11680
2026-07-24 17:46:10,8003,0.1,0.1,7.3,  11683
2026-07-24 17:46:12,8003,0.1,0.1,7.3,  11685
2026-07-24 17:46:14,8003,0.1,0.1,7.3,  11687
2026-07-24 17:46:16,8003,0.1,0.1,7.3,  11689
2026-07-24 17:46:18,8003,0.1,0.1,7.3,  11691
2026-07-24 17:46:20,8003,0.1,0.1,7.3,  11693
2026-07-24 17:46:22,8003,0.1,0.1,7.3,  11695
2026-07-24 17:46:24,8003,0.1,0.1,7.3,  11697
2026-07-24 17:46:26,8003,0.1,0.1,7.3,  11699
2026-07-24 17:46:29,8003,0.1,0.1,7.3,  11701
2026-07-24 17:46:31,8003,0.1,0.1,7.3,  11703
2026-07-24 17:46:33,8003,0.1,0.1,7.3,  11705
2026-07-24 17:46:35,8003,0.1,0.1,7.3,  11707
2026-07-24 17:46:37,8003,0.1,0.1,7.3,  11709
2026-07-24 17:46:39,8003,0.1,0.2,7.3,  11711
2026-07-24 17:46:41,8003,0.1,0.1,7.3,  11713
2026-07-24 17:46:43,8003,0.1,0.1,7.3,  11716
2026-07-24 17:46:45,8003,0.1,0.1,7.3,  11718
2026-07-24 17:46:47,8003,0.1,0.1,7.3,  11720
2026-07-24 17:46:49,8003,0.1,0.1,7.3,  11722
2026-07-24 17:46:51,8003,0.1,0.1,7.3,  11724
2026-07-24 17:46:53,8003,0.1,0.1,7.3,  11726
2026-07-24 17:46:55,8003,0.1,0.1,7.3,  11728
2026-07-24 17:46:57,8003,0.1,0.1,7.3,  11730
2026-07-24 17:46:59,8003,0.1,0.1,7.3,  11732
2026-07-24 17:47:02,8003,0.1,0.1,7.3,  11734
2026-07-24 17:47:04,8003,0.1,0.1,7.3,  11736
2026-07-24 17:47:06,8003,0.1,0.1,7.3,  11738
2026-07-24 17:47:08,8003,0.1,0.1,7.3,  11740
2026-07-24 17:47:10,8003,0.1,0.2,7.3,  11742
2026-07-24 17:47:12,8003,0.1,0.1,7.3,  11744
2026-07-24 17:47:14,8003,0.1,0.1,7.3,  11746
2026-07-24 17:47:16,8003,0.1,0.1,7.3,  11749
2026-07-24 17:47:18,8003,0.1,0.1,7.3,  11751
2026-07-24 17:47:20,8003,0.1,0.1,7.3,  11753
2026-07-24 17:47:22,8003,0.1,0.1,7.3,  11755
2026-07-24 17:47:24,8003,0.1,0.1,7.3,  11757
2026-07-24 17:47:26,8003,0.1,0.1,7.3,  11759
2026-07-24 17:47:28,8003,0.1,0.1,7.3,  11761
2026-07-24 17:47:30,8003,0.1,0.1,7.3,  11763
2026-07-24 17:47:32,8003,0.1,0.1,7.3,  11765
2026-07-24 17:47:35,8003,0.1,0.1,7.3,  11767
2026-07-24 17:47:37,8003,0.1,0.1,7.3,  11769
2026-07-24 17:47:39,8003,0.1,0.1,7.3,  11771
2026-07-24 17:47:41,8003,0.1,0.2,7.3,  11773
2026-07-24 17:47:43,8003,0.1,0.1,7.3,  11775
2026-07-24 17:47:45,8003,0.1,0.1,7.3,  11777
2026-07-24 17:47:47,8003,0.1,0.1,7.3,  11780
2026-07-24 17:47:49,8003,0.1,0.1,7.3,  11782
2026-07-24 17:47:51,8003,0.1,0.1,7.3,  11784
2026-07-24 17:47:53,8003,0.1,0.1,7.3,  11786
2026-07-24 17:47:55,8003,0.1,0.1,7.3,  11788
2026-07-24 17:47:57,8003,0.1,0.1,7.3,  11790
2026-07-24 17:47:59,8003,0.1,0.1,7.3,  11792
2026-07-24 17:48:01,8003,0.1,0.1,7.3,  11794
2026-07-24 17:48:04,8003,0.1,0.1,7.3,  11796
2026-07-24 17:48:06,8003,0.1,0.1,7.3,  11798
2026-07-24 17:48:08,8003,0.1,0.1,7.3,  11800
2026-07-24 17:48:10,8003,0.1,0.1,7.3,  11802
2026-07-24 17:48:12,8003,0.1,0.2,7.3,  11804
2026-07-24 17:48:14,8003,0.1,0.1,7.3,  11806
2026-07-24 17:48:16,8003,0.1,0.1,7.3,  11808
2026-07-24 17:48:18,8003,0.1,0.1,7.3,  11811
2026-07-24 17:48:20,8003,0.1,0.1,7.3,  11813
2026-07-24 17:48:22,8003,0.1,0.1,7.3,  11815
2026-07-24 17:48:24,8003,0.1,0.1,7.3,  11817
2026-07-24 17:48:26,8003,0.1,0.1,7.3,  11819
2026-07-24 17:48:28,8003,0.1,0.1,7.3,  11821
2026-07-24 17:48:30,8003,0.1,0.1,7.3,  11823
2026-07-24 17:48:32,8003,0.1,0.1,7.3,  11825
2026-07-24 17:48:34,8003,0.1,0.1,7.3,  11827
2026-07-24 17:48:37,8003,0.1,0.1,7.3,  11829
2026-07-24 17:48:39,8003,0.1,0.1,7.3,  11831
2026-07-24 17:48:41,8003,0.1,0.1,7.3,  11833
2026-07-24 17:48:43,8003,0.1,0.2,7.3,  11835
2026-07-24 17:48:45,8003,0.1,0.1,7.3,  11837
2026-07-24 17:48:47,8003,0.1,0.1,7.3,  11839
2026-07-24 17:48:49,8003,0.1,0.1,7.3,  11842
2026-07-24 17:48:51,8003,0.1,0.1,7.3,  11844
2026-07-24 17:48:53,8003,0.1,0.1,7.3,  11846
2026-07-24 17:48:55,8003,0.1,0.1,7.3,  11848
2026-07-24 17:48:57,8003,0.1,0.1,7.3,  11850
2026-07-24 17:48:59,8003,0.1,0.1,7.3,  11852
2026-07-24 17:49:01,8003,0.1,0.1,7.3,  11854
2026-07-24 17:49:03,8003,0.1,0.1,7.3,  11856
2026-07-24 17:49:05,8003,0.1,0.1,7.3,  11858
2026-07-24 17:49:08,8003,0.1,0.1,7.3,  11860
2026-07-24 17:49:10,8003,0.1,0.1,7.3,  11862
2026-07-24 17:49:12,8003,0.1,0.1,7.3,  11864
2026-07-24 17:49:14,8003,0.1,0.2,7.3,  11866
2026-07-24 17:49:16,8003,0.1,0.1,7.3,  11868
2026-07-24 17:49:18,8003,0.1,0.1,7.3,  11870
2026-07-24 17:49:20,8003,0.1,0.1,7.3,  11872
2026-07-24 17:49:22,8003,0.1,0.1,7.3,  11875
2026-07-24 17:49:24,8003,0.1,0.1,7.3,  11877
2026-07-24 17:49:26,8003,0.1,0.1,7.3,  11879
2026-07-24 17:49:28,8003,0.1,0.1,7.3,  11881
2026-07-24 17:49:30,8003,0.1,0.1,7.3,  11883
2026-07-24 17:49:32,8003,0.1,0.1,7.3,  11885
2026-07-24 17:49:34,8003,0.1,0.1,7.3,  11887
2026-07-24 17:49:36,8003,0.1,0.1,7.3,  11889
2026-07-24 17:49:38,8003,0.1,0.1,7.3,  11891
2026-07-24 17:49:41,8003,0.1,0.1,7.3,  11893
2026-07-24 17:49:43,8003,0.1,0.1,7.3,  11895
2026-07-24 17:49:45,8003,0.1,0.1,7.3,  11897
2026-07-24 17:49:47,8003,0.1,0.1,7.3,  11899
2026-07-24 17:49:49,8003,0.1,0.1,7.3,  11901
2026-07-24 17:49:51,8003,0.1,0.1,7.3,  11903
2026-07-24 17:49:53,8003,0.1,0.1,7.3,  11905
2026-07-24 17:49:55,8003,0.1,0.1,7.3,  11907
2026-07-24 17:49:57,8003,0.1,0.1,7.3,  11910
2026-07-24 17:49:59,8003,0.1,0.1,7.3,  11912
2026-07-24 17:50:01,8003,0.1,0.1,7.3,  11914
2026-07-24 17:50:03,8003,0.1,0.1,7.3,  11916
2026-07-24 17:50:05,8003,0.1,0.1,7.3,  11918
2026-07-24 17:50:07,8003,0.1,0.1,7.3,  11920
2026-07-24 17:50:09,8003,0.1,0.1,7.3,  11922
2026-07-24 17:50:11,8003,0.1,0.1,7.3,  11924
2026-07-24 17:50:13,8003,0.1,0.1,7.3,  11926
2026-07-24 17:50:16,8003,0.1,0.1,7.3,  11928
2026-07-24 17:50:18,8003,0.1,0.1,7.3,  11930
2026-07-24 17:50:20,8003,0.1,0.1,7.3,  11932
2026-07-24 17:50:22,8003,0.1,0.1,7.3,  11934
2026-07-24 17:50:24,8003,0.1,0.1,7.3,  11936
2026-07-24 17:50:26,8003,0.1,0.1,7.3,  11938
2026-07-24 17:50:28,8003,0.1,0.1,7.3,  11940
2026-07-24 17:50:30,8003,0.1,0.1,7.3,  11942
2026-07-24 17:50:32,8003,0.1,0.1,7.3,  11945
2026-07-24 17:50:34,8003,0.1,0.1,7.3,  11947
2026-07-24 17:50:36,8003,0.1,0.1,7.3,  11949
2026-07-24 17:50:38,8003,0.1,0.1,7.3,  11951
2026-07-24 17:50:40,8003,0.1,0.1,7.3,  11953
2026-07-24 17:50:42,8003,0.1,0.1,7.3,  11955
2026-07-24 17:50:44,8003,0.1,0.1,7.3,  11957
2026-07-24 17:50:46,8003,0.1,0.1,7.3,  11959
2026-07-24 17:50:49,8003,0.1,0.1,7.3,  11961
2026-07-24 17:50:51,8003,0.1,0.1,7.3,  11963
2026-07-24 17:50:53,8003,0.1,0.1,7.3,  11965
2026-07-24 17:50:55,8003,0.1,0.1,7.3,  11967
2026-07-24 17:50:57,8003,0.1,0.1,7.3,  11969
2026-07-24 17:50:59,8003,0.1,0.1,7.3,  11971
2026-07-24 17:51:01,8003,0.1,0.1,7.3,  11973
2026-07-24 17:51:03,8003,0.1,0.1,7.3,  11975
2026-07-24 17:51:05,8003,0.1,0.1,7.3,  11978
2026-07-24 17:51:07,8003,0.1,0.1,7.3,  11980
2026-07-24 17:51:09,8003,0.1,0.1,7.3,  11982
2026-07-24 17:51:11,8003,0.1,0.1,7.3,  11984
2026-07-24 17:51:13,8003,0.1,0.1,7.3,  11986
2026-07-24 17:51:15,8003,0.1,0.1,7.3,  11988
2026-07-24 17:51:17,8003,0.1,0.1,7.3,  11990
2026-07-24 17:51:20,8003,0.1,0.1,7.3,  11992
2026-07-24 17:51:22,8003,0.1,0.1,7.3,  11994
2026-07-24 17:51:24,8003,0.1,0.1,7.3,  11996
2026-07-24 17:51:26,8003,0.1,0.1,7.3,  11998
2026-07-24 17:51:28,8003,0.1,0.1,7.3,  12000
2026-07-24 17:51:30,8003,0.1,0.1,7.3,  12002
2026-07-24 17:51:32,8003,0.1,0.1,7.3,  12004
2026-07-24 17:51:34,8003,0.1,0.1,7.3,  12006
2026-07-24 17:51:36,8003,0.1,0.1,7.3,  12008
2026-07-24 17:51:38,8003,0.1,0.1,7.3,  12011
2026-07-24 17:51:40,8003,0.1,0.1,7.3,  12013
2026-07-24 17:51:42,8003,0.1,0.1,7.3,  12015
2026-07-24 17:51:44,8003,0.1,0.1,7.3,  12017
2026-07-24 17:51:46,8003,0.1,0.1,7.3,  12019
2026-07-24 17:51:48,8003,0.1,0.1,7.3,  12021
2026-07-24 17:51:50,8003,0.1,0.1,7.3,  12023
2026-07-24 17:51:52,8003,0.1,0.1,7.3,  12025
2026-07-24 17:51:55,8003,0.1,0.1,7.3,  12027
2026-07-24 17:51:57,8003,0.1,0.1,7.3,  12029
2026-07-24 17:51:59,8003,0.1,0.1,7.3,  12031
2026-07-24 17:52:01,8003,0.1,0.1,7.3,  12033
2026-07-24 17:52:03,8003,0.1,0.1,7.3,  12035
2026-07-24 17:52:05,8003,0.1,0.1,7.3,  12037
2026-07-24 17:52:07,8003,0.1,0.1,7.3,  12039
2026-07-24 17:52:09,8003,0.1,0.1,7.3,  12041
2026-07-24 17:52:11,8003,0.1,0.1,7.3,  12044
2026-07-24 17:52:13,8003,0.1,0.1,7.3,  12046
2026-07-24 17:52:15,8003,0.1,0.1,7.3,  12048
2026-07-24 17:52:17,8003,0.1,0.1,7.3,  12050
2026-07-24 17:52:19,8003,0.1,0.1,7.3,  12052
2026-07-24 17:52:21,8003,0.1,0.1,7.3,  12054
2026-07-24 17:52:23,8003,0.1,0.1,7.3,  12056
2026-07-24 17:52:25,8003,0.1,0.1,7.3,  12058
2026-07-24 17:52:28,8003,0.1,0.1,7.3,  12060
2026-07-24 17:52:30,8003,0.1,0.1,7.3,  12062
2026-07-24 17:52:32,8003,0.1,0.1,7.3,  12064
2026-07-24 17:52:34,8003,0.1,0.1,7.3,  12066
2026-07-24 17:52:36,8003,0.1,0.1,7.3,  12068
2026-07-24 17:52:38,8003,0.1,0.1,7.3,  12070
2026-07-24 17:52:40,8003,0.1,0.1,7.3,  12072
2026-07-24 17:52:42,8003,0.1,0.1,7.3,  12074
2026-07-24 17:52:44,8003,0.1,0.1,7.3,  12077
2026-07-24 17:52:46,8003,0.1,0.1,7.3,  12079
2026-07-24 17:52:48,8003,0.1,0.1,7.3,  12081
2026-07-24 17:52:50,8003,0.1,0.1,7.3,  12083
2026-07-24 17:52:52,8003,0.1,0.1,7.3,  12085
2026-07-24 17:52:54,8003,0.1,0.1,7.3,  12087
2026-07-24 17:52:56,8003,0.1,0.1,7.3,  12089
2026-07-24 17:52:58,8003,0.1,0.1,7.3,  12091
2026-07-24 17:53:01,8003,0.1,0.1,7.3,  12093
2026-07-24 17:53:03,8003,0.1,0.1,7.3,  12095
2026-07-24 17:53:05,8003,0.1,0.1,7.3,  12097
2026-07-24 17:53:07,8003,0.1,0.1,7.3,  12099
2026-07-24 17:53:09,8003,0.1,0.1,7.3,  12101
2026-07-24 17:53:11,8003,0.1,0.1,7.3,  12103
2026-07-24 17:53:13,8003,0.1,0.1,7.3,  12105
2026-07-24 17:53:15,8003,0.1,0.1,7.3,  12107
2026-07-24 17:53:17,8003,0.1,0.1,7.3,  12110
2026-07-24 17:53:19,8003,0.1,0.1,7.3,  12112
2026-07-24 17:53:21,8003,0.1,0.1,7.3,  12114
2026-07-24 17:53:23,8003,0.1,0.1,7.3,  12116
2026-07-24 17:53:25,8003,0.1,0.1,7.3,  12118
2026-07-24 17:53:27,8003,0.1,0.1,7.3,  12120
2026-07-24 17:53:29,8003,0.1,0.1,7.3,  12122
2026-07-24 17:53:32,8003,0.1,0.1,7.3,  12124
2026-07-24 17:53:34,8003,0.1,0.1,7.3,  12126
2026-07-24 17:53:36,8003,0.1,0.1,7.3,  12128
2026-07-24 17:53:38,8003,0.1,0.1,7.3,  12130
2026-07-24 17:53:40,8003,0.1,0.1,7.3,  12132
2026-07-24 17:53:42,8003,0.1,0.1,7.3,  12134
2026-07-24 17:53:44,8003,0.1,0.1,7.3,  12136
2026-07-24 17:53:46,8003,0.1,0.1,7.3,  12138
2026-07-24 17:53:48,8003,0.1,0.1,7.3,  12141
2026-07-24 17:53:50,8003,0.1,0.1,7.3,  12143
2026-07-24 17:53:52,8003,0.1,0.1,7.3,  12145
2026-07-24 17:53:54,8003,0.1,0.1,7.3,  12147
2026-07-24 17:53:56,8003,0.1,0.1,7.3,  12149
2026-07-24 17:53:58,8003,0.1,0.1,7.3,  12151
2026-07-24 17:54:00,8003,0.1,0.1,7.3,  12153
2026-07-24 17:54:02,8003,0.1,0.1,7.3,  12155
2026-07-24 17:54:05,8003,0.1,0.1,7.3,  12157
2026-07-24 17:54:07,8003,0.1,0.1,7.3,  12159
2026-07-24 17:54:09,8003,0.1,0.1,7.3,  12161
2026-07-24 17:54:11,8003,0.1,0.1,7.3,  12163
2026-07-24 17:54:13,8003,0.1,0.1,7.3,  12165
2026-07-24 17:54:15,8003,0.1,0.1,7.3,  12167
2026-07-24 17:54:17,8003,0.1,0.1,7.3,  12169
2026-07-24 17:54:19,8003,0.1,0.1,7.3,  12171
2026-07-24 17:54:21,8003,0.1,0.1,7.3,  12174
2026-07-24 17:54:23,8003,0.1,0.1,7.3,  12176
2026-07-24 17:54:25,8003,0.1,0.1,7.3,  12178
2026-07-24 17:54:27,8003,0.1,0.1,7.3,  12180
2026-07-24 17:54:29,8003,0.1,0.1,7.3,  12182
2026-07-24 17:54:31,8003,0.1,0.1,7.3,  12184
2026-07-24 17:54:33,8003,0.1,0.1,7.3,  12186
2026-07-24 17:54:35,8003,0.1,0.1,7.3,  12188
2026-07-24 17:54:38,8003,0.1,0.1,7.3,  12190
2026-07-24 17:54:40,8003,0.1,0.1,7.3,  12192
2026-07-24 17:54:42,8003,0.1,0.1,7.3,  12194
2026-07-24 17:54:44,8003,0.1,0.1,7.3,  12196
2026-07-24 17:54:46,8003,0.1,0.1,7.3,  12198
2026-07-24 17:54:48,8003,0.1,0.1,7.3,  12200
2026-07-24 17:54:50,8003,0.1,0.1,7.3,  12202
2026-07-24 17:54:52,8003,0.1,0.1,7.3,  12204
2026-07-24 17:54:54,8003,0.1,0.1,7.3,  12207
2026-07-24 17:54:56,8003,0.1,0.1,7.3,  12209
2026-07-24 17:54:58,8003,0.1,0.1,7.3,  12211
2026-07-24 17:55:00,8003,0.1,0.1,7.3,  12213
2026-07-24 17:55:02,8003,0.1,0.1,7.3,  12215
2026-07-24 17:55:04,8003,0.1,0.1,7.3,  12217
2026-07-24 17:55:06,8003,0.1,0.1,7.3,  12219
2026-07-24 17:55:08,8003,0.1,0.1,7.3,  12221
2026-07-24 17:55:11,8003,0.1,0.1,7.3,  12223
2026-07-24 17:55:13,8003,0.1,0.1,7.3,  12225
2026-07-24 17:55:15,8003,0.1,0.1,7.3,  12227
2026-07-24 17:55:17,8003,0.1,0.1,7.3,  12229
2026-07-24 17:55:19,8003,0.1,0.1,7.3,  12231
2026-07-24 17:55:21,8003,0.1,0.1,7.3,  12233
2026-07-24 17:55:23,8003,0.1,0.1,7.3,  12235
2026-07-24 17:55:25,8003,0.1,0.1,7.3,  12237
2026-07-24 17:55:27,8003,0.1,0.1,7.3,  12240
2026-07-24 17:55:29,8003,0.1,0.1,7.3,  12242
2026-07-24 17:55:31,8003,0.1,0.1,7.3,  12244
2026-07-24 17:55:33,8003,0.1,0.1,7.3,  12246
2026-07-24 17:55:35,8003,0.1,0.1,7.3,  12248
2026-07-24 17:55:37,8003,0.1,0.1,7.3,  12250
2026-07-24 17:55:39,8003,0.1,0.1,7.3,  12252
2026-07-24 17:55:41,8003,0.1,0.1,7.3,  12254
2026-07-24 17:55:43,8003,0.1,0.1,7.3,  12256
2026-07-24 17:55:46,8003,0.1,0.1,7.3,  12258
2026-07-24 17:55:48,8003,0.1,0.1,7.3,  12260
2026-07-24 17:55:50,8003,0.1,0.1,7.3,  12262
2026-07-24 17:55:52,8003,0.1,0.1,7.3,  12264
2026-07-24 17:55:54,8003,0.1,0.1,7.3,  12266
2026-07-24 17:55:56,8003,0.1,0.1,7.3,  12268
2026-07-24 17:55:58,8003,0.1,0.1,7.3,  12270
2026-07-24 17:56:00,8003,0.1,0.1,7.3,  12273
2026-07-24 17:56:02,8003,0.1,0.1,7.3,  12275
2026-07-24 17:56:04,8003,0.1,0.1,7.3,  12277
2026-07-24 17:56:06,8003,0.1,0.1,7.3,  12279
2026-07-24 17:56:08,8003,0.1,0.1,7.3,  12281
2026-07-24 17:56:10,8003,0.1,0.1,7.3,  12283
2026-07-24 17:56:12,8003,0.1,0.1,7.3,  12285
2026-07-24 17:56:14,8003,0.1,0.1,7.3,  12287
2026-07-24 17:56:17,8003,0.1,0.1,7.3,  12289
2026-07-24 17:56:19,8003,0.1,0.1,7.3,  12291
2026-07-24 17:56:21,8003,0.1,0.1,7.3,  12293
2026-07-24 17:56:23,8003,0.1,0.1,7.3,  12295
2026-07-24 17:56:25,8003,0.1,0.1,7.3,  12297
2026-07-24 17:56:27,8003,0.1,0.1,7.3,  12299
2026-07-24 17:56:29,8003,0.1,0.1,7.3,  12301
2026-07-24 17:56:31,8003,0.1,0.1,7.3,  12303
2026-07-24 17:56:33,8003,0.1,0.1,7.3,  12306
2026-07-24 17:56:35,8003,0.1,0.1,7.3,  12308
2026-07-24 17:56:37,8003,0.1,0.1,7.3,  12310
2026-07-24 17:56:39,8003,0.1,0.1,7.3,  12312
2026-07-24 17:56:41,8003,0.1,0.1,7.3,  12314
2026-07-24 17:56:43,8003,0.1,0.1,7.3,  12316
2026-07-24 17:56:45,8003,0.1,0.1,7.3,  12318
2026-07-24 17:56:47,8003,0.1,0.1,7.3,  12320
2026-07-24 17:56:49,8003,0.1,0.1,7.3,  12322
2026-07-24 17:56:52,8003,0.1,0.1,7.3,  12324
2026-07-24 17:56:54,8003,0.1,0.1,7.3,  12326
2026-07-24 17:56:56,8003,0.1,0.1,7.3,  12328
2026-07-24 17:56:58,8003,0.1,0.1,7.3,  12330
2026-07-24 17:57:00,8003,0.1,0.1,7.3,  12332
2026-07-24 17:57:02,8003,0.1,0.1,7.3,  12334
2026-07-24 17:57:04,8003,0.1,0.1,7.3,  12336
2026-07-24 17:57:06,8003,0.1,0.1,7.3,  12339
2026-07-24 17:57:08,8003,0.1,0.1,7.3,  12341
2026-07-24 17:57:10,8003,0.1,0.1,7.3,  12343
2026-07-24 17:57:12,8003,0.1,0.1,7.3,  12345
2026-07-24 17:57:14,8003,0.1,0.1,7.3,  12347
2026-07-24 17:57:16,8003,0.1,0.1,7.3,  12349
2026-07-24 17:57:18,8003,0.1,0.1,7.3,  12351
2026-07-24 17:57:20,8003,0.1,0.1,7.3,  12353
2026-07-24 17:57:23,8003,0.1,0.1,7.3,  12355
2026-07-24 17:57:25,8003,0.1,0.1,7.3,  12357
2026-07-24 17:57:27,8003,0.1,0.1,7.3,  12359
2026-07-24 17:57:29,8003,0.1,0.1,7.3,  12361
2026-07-24 17:57:31,8003,0.1,0.1,7.3,  12363
2026-07-24 17:57:33,8003,0.1,0.1,7.3,  12365
2026-07-24 17:57:35,8003,0.1,0.1,7.3,  12367
2026-07-24 17:57:37,8003,0.1,0.1,7.3,  12369
2026-07-24 17:57:39,8003,0.1,0.1,7.3,  12372
2026-07-24 17:57:41,8003,0.1,0.1,7.3,  12374
2026-07-24 17:57:43,8003,0.1,0.1,7.3,  12376
2026-07-24 17:57:45,8003,0.1,0.1,7.3,  12378
2026-07-24 17:57:47,8003,0.1,0.1,7.3,  12380
2026-07-24 17:57:49,8003,0.1,0.1,7.3,  12382
2026-07-24 17:57:51,8003,0.1,0.1,7.3,  12384
2026-07-24 17:57:53,8003,0.1,0.1,7.3,  12386
2026-07-24 17:57:55,8003,0.1,0.1,7.3,  12388
2026-07-24 17:57:58,8003,0.1,0.1,7.3,  12390
2026-07-24 17:58:00,8003,0.1,0.1,7.3,  12392
2026-07-24 17:58:02,8003,0.1,0.1,7.3,  12394
2026-07-24 17:58:04,8003,0.1,0.1,7.3,  12396
2026-07-24 17:58:06,8003,0.1,0.1,7.3,  12398
2026-07-24 17:58:08,8003,0.1,0.1,7.3,  12400
2026-07-24 17:58:10,8003,0.1,0.1,7.3,  12402
2026-07-24 17:58:12,8003,0.1,0.1,7.3,  12405
2026-07-24 17:58:14,8003,0.1,0.1,7.3,  12407
2026-07-24 17:58:16,8003,0.1,0.1,7.3,  12409
2026-07-24 17:58:18,8003,0.1,0.1,7.3,  12411
2026-07-24 17:58:20,8003,0.1,0.1,7.3,  12413
2026-07-24 17:58:22,8003,0.1,0.1,7.3,  12415
2026-07-24 17:58:24,8003,0.1,0.1,7.3,  12417
2026-07-24 17:58:26,8003,0.1,0.1,7.3,  12419
2026-07-24 17:58:28,8003,0.1,0.1,7.3,  12421
2026-07-24 17:58:31,8003,0.1,0.1,7.3,  12423
2026-07-24 17:58:33,8003,0.1,0.1,7.3,  12425
2026-07-24 17:58:35,8003,0.1,0.1,7.3,  12427
2026-07-24 17:58:37,8003,0.1,0.1,7.3,  12429
2026-07-24 17:58:39,8003,0.1,0.1,7.3,  12431
2026-07-24 17:58:41,8003,0.1,0.1,7.3,  12433
2026-07-24 17:58:43,8003,0.1,0.1,7.3,  12435
2026-07-24 17:58:45,8003,0.1,0.1,7.3,  12438
2026-07-24 17:58:47,8003,0.1,0.1,7.3,  12440
2026-07-24 17:58:49,8003,0.1,0.1,7.3,  12442
2026-07-24 17:58:51,8003,0.1,0.1,7.3,  12444
2026-07-24 17:58:53,8003,0.1,0.1,7.3,  12446
2026-07-24 17:58:55,8003,0.1,0.1,7.3,  12448
2026-07-24 17:58:57,8003,0.1,0.1,7.3,  12450
2026-07-24 17:58:59,8003,0.1,0.1,7.3,  12452
2026-07-24 17:59:01,8003,0.1,0.1,7.3,  12454
2026-07-24 17:59:04,8003,0.1,0.1,7.3,  12456
2026-07-24 17:59:06,8003,0.1,0.1,7.3,  12458
2026-07-24 17:59:08,8003,0.1,0.1,7.3,  12460
2026-07-24 17:59:10,8003,0.1,0.1,7.3,  12462
2026-07-24 17:59:12,8003,0.1,0.1,7.3,  12464
2026-07-24 17:59:14,8003,0.1,0.1,7.3,  12466
2026-07-24 17:59:16,8003,0.1,0.1,7.3,  12468
2026-07-24 17:59:18,8003,0.1,0.1,7.3,  12471
2026-07-24 17:59:20,8003,0.1,0.1,7.3,  12473
2026-07-24 17:59:22,8003,0.1,0.1,7.3,  12475
2026-07-24 17:59:24,8003,0.1,0.1,7.3,  12477
2026-07-24 17:59:26,8003,0.1,0.1,7.3,  12479
2026-07-24 17:59:28,8003,0.1,0.1,7.3,  12481
2026-07-24 17:59:30,8003,0.1,0.1,7.3,  12483
2026-07-24 17:59:32,8003,0.1,0.1,7.3,  12485
2026-07-24 17:59:35,8003,0.1,0.1,7.3,  12487
2026-07-24 17:59:37,8003,0.1,0.1,7.3,  12489
2026-07-24 17:59:39,8003,0.1,0.1,7.3,  12491
2026-07-24 17:59:41,8003,0.1,0.1,7.3,  12493
2026-07-24 17:59:43,8003,0.1,0.1,7.3,  12495
2026-07-24 17:59:45,8003,0.1,0.1,7.3,  12497
2026-07-24 17:59:47,8003,0.1,0.1,7.3,  12499
2026-07-24 17:59:49,8003,0.1,0.1,7.3,  12501
2026-07-24 17:59:51,8003,0.1,0.1,7.3,  12504
2026-07-24 17:59:53,8003,0.1,0.1,7.3,  12506
2026-07-24 17:59:55,8003,0.1,0.1,7.3,  12508
2026-07-24 17:59:57,8003,0.1,0.1,7.3,  12510
2026-07-24 17:59:59,8003,0.1,0.1,7.3,  12512
2026-07-24 18:00:01,8003,0.1,0.1,7.3,  12514
2026-07-24 18:00:03,8003,0.1,0.1,7.3,  12516
2026-07-24 18:00:05,8003,0.1,0.1,7.3,  12518
2026-07-24 18:00:08,8003,0.1,0.1,7.3,  12520
2026-07-24 18:00:10,8003,0.1,0.1,7.3,  12522
2026-07-24 18:00:12,8003,0.1,0.1,7.3,  12524
2026-07-24 18:00:14,8003,0.1,0.1,7.3,  12526
2026-07-24 18:00:16,8003,0.1,0.1,7.3,  12528
2026-07-24 18:00:18,8003,0.1,0.1,7.3,  12530
2026-07-24 18:00:20,8003,0.1,0.1,7.3,  12532
2026-07-24 18:00:22,8003,0.1,0.1,7.3,  12534
2026-07-24 18:00:24,8003,0.1,0.1,7.3,  12537
2026-07-24 18:00:26,8003,0.1,0.1,7.3,  12539
2026-07-24 18:00:28,8003,0.1,0.1,7.3,  12541
2026-07-24 18:00:30,8003,0.1,0.1,7.3,  12543
2026-07-24 18:00:32,8003,0.1,0.2,7.3,  12545
2026-07-24 18:00:34,8003,0.1,0.1,7.3,  12547
2026-07-24 18:00:36,8003,0.1,0.1,7.3,  12549
2026-07-24 18:00:39,8003,0.1,0.1,7.3,  12551
2026-07-24 18:00:41,8003,0.1,0.1,7.3,  12553
2026-07-24 18:00:43,8003,0.1,0.1,7.3,  12555
2026-07-24 18:00:45,8003,0.1,0.1,7.3,  12557
2026-07-24 18:00:47,8003,0.1,0.1,7.3,  12559
2026-07-24 18:00:49,8003,0.1,0.1,7.3,  12561
2026-07-24 18:00:51,8003,0.1,0.1,7.3,  12563
2026-07-24 18:00:53,8003,0.1,0.1,7.3,  12565
2026-07-24 18:00:55,8003,0.1,0.1,7.3,  12568
2026-07-24 18:00:57,8003,0.1,0.1,7.3,  12570
2026-07-24 18:00:59,8003,0.1,0.1,7.3,  12572
2026-07-24 18:01:01,8003,0.1,0.1,7.3,  12574
2026-07-24 18:01:03,8003,0.1,0.2,7.3,  12576
2026-07-24 18:01:05,8003,0.1,0.1,7.3,  12578
2026-07-24 18:01:07,8003,0.1,0.1,7.3,  12580
2026-07-24 18:01:10,8003,0.1,0.1,7.3,  12582
2026-07-24 18:01:12,8003,0.1,0.1,7.3,  12584
2026-07-24 18:01:14,8003,0.1,0.1,7.3,  12586
2026-07-24 18:01:16,8003,0.1,0.1,7.3,  12588
2026-07-24 18:01:18,8003,0.1,0.1,7.3,  12590
2026-07-24 18:01:20,8003,0.1,0.1,7.3,  12592
2026-07-24 18:01:22,8003,0.1,0.1,7.3,  12594
2026-07-24 18:01:24,8003,0.1,0.1,7.3,  12596
2026-07-24 18:01:26,8003,0.1,0.1,7.3,  12599
2026-07-24 18:01:28,8003,0.1,0.1,7.3,  12601
2026-07-24 18:01:30,8003,0.1,0.1,7.3,  12603
2026-07-24 18:01:32,8003,0.1,0.1,7.3,  12605
2026-07-24 18:01:34,8003,0.1,0.2,7.3,  12607
2026-07-24 18:01:36,8003,0.1,0.1,7.3,  12609
2026-07-24 18:01:38,8003,0.1,0.1,7.3,  12611
2026-07-24 18:01:40,8003,0.1,0.1,7.3,  12613
2026-07-24 18:01:43,8003,0.1,0.1,7.3,  12615
2026-07-24 18:01:45,8003,0.1,0.1,7.3,  12617
2026-07-24 18:01:47,8003,0.1,0.1,7.3,  12619
2026-07-24 18:01:49,8003,0.1,0.1,7.3,  12621
2026-07-24 18:01:51,8003,0.1,0.1,7.3,  12623
2026-07-24 18:01:53,8003,0.1,0.1,7.3,  12625
2026-07-24 18:01:55,8003,0.1,0.1,7.3,  12627
2026-07-24 18:01:57,8003,0.1,0.1,7.3,  12629
2026-07-24 18:01:59,8003,0.1,0.1,7.3,  12632
2026-07-24 18:02:01,8003,0.1,0.1,7.3,  12634
2026-07-24 18:02:03,8003,0.1,0.1,7.3,  12636
2026-07-24 18:02:05,8003,0.1,0.2,7.3,  12638
2026-07-24 18:02:07,8003,0.1,0.1,7.3,  12640
2026-07-24 18:02:09,8003,0.1,0.1,7.3,  12642
2026-07-24 18:02:11,8003,0.1,0.1,7.3,  12644
2026-07-24 18:02:14,8003,0.1,0.1,7.3,  12646
2026-07-24 18:02:16,8003,0.1,0.1,7.3,  12648
2026-07-24 18:02:18,8003,0.1,0.1,7.3,  12650
2026-07-24 18:02:20,8003,0.1,0.1,7.3,  12652
2026-07-24 18:02:22,8003,0.1,0.1,7.3,  12654
2026-07-24 18:02:24,8003,0.1,0.1,7.3,  12656
2026-07-24 18:02:26,8003,0.1,0.1,7.3,  12658
2026-07-24 18:02:28,8003,0.1,0.1,7.3,  12660
2026-07-24 18:02:30,8003,0.1,0.1,7.3,  12663
2026-07-24 18:02:32,8003,0.1,0.1,7.3,  12665
2026-07-24 18:02:34,8003,0.1,0.1,7.3,  12667
2026-07-24 18:02:36,8003,0.1,0.2,7.3,  12669
2026-07-24 18:02:36,295607,,,,
2026-07-24 18:02:38,8003,0.1,0.1,7.3,  12671
2026-07-24 18:02:41,8003,0.1,0.1,7.3,  12673
2026-07-24 18:02:43,8003,0.1,0.1,7.3,  12675
2026-07-24 18:02:45,8003,0.1,0.1,7.3,  12677
2026-07-24 18:02:47,8003,0.1,0.1,7.3,  12679
2026-07-24 18:02:49,8003,0.1,0.1,7.3,  12681
2026-07-24 18:02:51,8003,0.1,0.1,7.3,  12683
2026-07-24 18:02:53,8003,0.1,0.1,7.3,  12685
2026-07-24 18:02:55,8003,0.1,0.1,7.3,  12687
2026-07-24 18:02:57,8003,0.1,0.1,7.3,  12690
2026-07-24 18:02:59,8003,0.1,0.1,7.3,  12692
2026-07-24 18:03:01,8003,0.1,0.1,7.3,  12694
2026-07-24 18:03:03,8003,0.1,0.1,7.3,  12696
2026-07-24 18:03:05,8003,0.1,0.1,7.3,  12698
2026-07-24 18:03:07,8003,0.1,0.2,7.3,  12700
2026-07-24 18:03:09,8003,0.1,0.1,7.3,  12702
2026-07-24 18:03:11,8003,0.1,0.1,7.3,  12704
2026-07-24 18:03:14,8003,0.1,0.1,7.3,  12706
2026-07-24 18:03:16,8003,0.1,0.1,7.3,  12708
2026-07-24 18:03:18,8003,0.1,0.1,7.3,  12710
2026-07-24 18:03:20,8003,0.1,0.1,7.3,  12712
2026-07-24 18:03:22,8003,0.1,0.1,7.3,  12714
2026-07-24 18:03:24,8003,0.1,0.1,7.3,  12716
2026-07-24 18:03:26,8003,0.1,0.1,7.3,  12718
2026-07-24 18:03:28,8003,0.1,0.1,7.3,  12720
2026-07-24 18:03:30,8003,0.1,0.1,7.3,  12723
2026-07-24 18:03:32,8003,0.1,0.1,7.3,  12725
2026-07-24 18:03:34,8003,0.1,0.1,7.3,  12727
2026-07-24 18:03:36,8003,0.1,0.1,7.3,  12729
2026-07-24 18:03:38,8003,0.1,0.2,7.3,  12731
2026-07-24 18:03:40,8003,0.1,0.1,7.3,  12733
2026-07-24 18:03:42,8003,0.1,0.1,7.3,  12735
2026-07-24 18:03:44,8003,0.1,0.1,7.3,  12737
2026-07-24 18:03:47,8003,0.1,0.1,7.3,  12739
2026-07-24 18:03:49,8003,0.1,0.1,7.3,  12741
2026-07-24 18:03:51,8003,0.1,0.1,7.3,  12743
2026-07-24 18:03:53,8003,0.1,0.1,7.3,  12745
2026-07-24 18:03:55,8003,0.1,0.1,7.3,  12747
2026-07-24 18:03:57,8003,0.1,0.1,7.3,  12749
2026-07-24 18:03:59,8003,0.1,0.1,7.3,  12751
2026-07-24 18:04:01,8003,0.1,0.1,7.3,  12753
2026-07-24 18:04:03,8003,0.1,0.1,7.3,  12756
2026-07-24 18:04:05,8003,0.1,0.1,7.3,  12758
2026-07-24 18:04:07,8003,0.1,0.1,7.3,  12760
2026-07-24 18:04:09,8003,0.1,0.2,7.3,  12762
2026-07-24 18:04:11,8003,0.1,0.1,7.3,  12764
2026-07-24 18:04:13,8003,0.1,0.1,7.3,  12766
2026-07-24 18:04:15,8003,0.1,0.1,7.3,  12768
2026-07-24 18:04:17,8003,0.1,0.1,7.3,  12770
2026-07-24 18:04:20,8003,0.1,0.1,7.3,  12772
2026-07-24 18:04:22,8003,0.1,0.1,7.3,  12774
2026-07-24 18:04:24,8003,0.1,0.1,7.3,  12776
2026-07-24 18:04:26,8003,0.1,0.1,7.3,  12778
2026-07-24 18:04:28,8003,0.1,0.1,7.3,  12780
2026-07-24 18:04:30,8003,0.1,0.1,7.3,  12782
2026-07-24 18:04:32,8003,0.1,0.1,7.3,  12784
2026-07-24 18:04:34,8003,0.1,0.1,7.3,  12786
2026-07-24 18:04:36,8003,0.1,0.1,7.3,  12789
2026-07-24 18:04:38,8003,0.1,0.1,7.3,  12791
2026-07-24 18:04:40,8003,0.1,0.2,7.3,  12793
2026-07-24 18:04:42,8003,0.1,0.1,7.3,  12795
2026-07-24 18:04:44,8003,0.1,0.1,7.3,  12797
2026-07-24 18:04:46,8003,0.1,0.1,7.3,  12799
2026-07-24 18:04:48,8003,0.1,0.1,7.3,  12801
2026-07-24 18:04:51,8003,0.1,0.1,7.3,  12803
2026-07-24 18:04:53,8003,0.1,0.1,7.3,  12805
2026-07-24 18:04:55,8003,0.1,0.1,7.3,  12807
2026-07-24 18:04:57,8003,0.1,0.1,7.3,  12809
2026-07-24 18:04:59,8003,0.1,0.1,7.3,  12811
2026-07-24 18:05:01,8003,0.1,0.1,7.3,  12813
2026-07-24 18:05:03,8003,0.1,0.1,7.3,  12815
2026-07-24 18:05:05,8003,0.1,0.1,7.3,  12817
2026-07-24 18:05:07,8003,0.1,0.1,7.3,  12819
2026-07-24 18:05:09,8003,0.1,0.1,7.3,  12822
2026-07-24 18:05:11,8003,0.1,0.2,7.3,  12824
2026-07-24 18:05:13,8003,0.1,0.1,7.3,  12826
2026-07-24 18:05:15,8003,0.1,0.1,7.3,  12828
2026-07-24 18:05:17,8003,0.1,0.1,7.3,  12830
2026-07-24 18:05:19,8003,0.1,0.1,7.3,  12832
2026-07-24 18:05:21,8003,0.1,0.1,7.3,  12834
2026-07-24 18:05:24,8003,0.1,0.1,7.3,  12836
2026-07-24 18:05:26,8003,0.1,0.1,7.3,  12838
2026-07-24 18:05:28,8003,0.1,0.1,7.3,  12840
2026-07-24 18:05:30,8003,0.1,0.1,7.3,  12842
2026-07-24 18:05:32,8003,0.1,0.1,7.3,  12844
2026-07-24 18:05:34,8003,0.1,0.1,7.3,  12846
2026-07-24 18:05:36,8003,0.1,0.1,7.3,  12848
2026-07-24 18:05:38,8003,0.1,0.1,7.3,  12850
2026-07-24 18:05:40,8003,0.1,0.1,7.3,  12852
2026-07-24 18:05:42,8003,0.1,0.2,7.3,  12855
2026-07-24 18:05:44,8003,0.1,0.1,7.3,  12857
2026-07-24 18:05:46,8003,0.1,0.1,7.3,  12859
2026-07-24 18:05:48,8003,0.1,0.1,7.3,  12861
2026-07-24 18:05:50,8003,0.1,0.1,7.3,  12863
2026-07-24 18:05:52,8003,0.1,0.1,7.3,  12865
2026-07-24 18:05:54,8003,0.1,0.1,7.3,  12867
2026-07-24 18:05:57,8003,0.1,0.1,7.3,  12869
2026-07-24 18:05:59,8003,0.1,0.1,7.3,  12871
2026-07-24 18:06:01,8003,0.1,0.1,7.3,  12873
2026-07-24 18:06:03,8003,0.1,0.1,7.3,  12875
2026-07-24 18:06:05,8003,0.1,0.1,7.3,  12877
2026-07-24 18:06:07,8003,0.1,0.1,7.3,  12879
2026-07-24 18:06:09,8003,0.1,0.1,7.3,  12881
2026-07-24 18:06:11,8003,0.1,0.1,7.3,  12883
2026-07-24 18:06:13,8003,0.1,0.2,7.3,  12886
2026-07-24 18:06:15,8003,0.1,0.1,7.3,  12888
2026-07-24 18:06:17,8003,0.1,0.1,7.3,  12890
2026-07-24 18:06:19,8003,0.1,0.1,7.3,  12892
2026-07-24 18:06:21,8003,0.1,0.1,7.3,  12894
2026-07-24 18:06:23,8003,0.1,0.1,7.3,  12896
2026-07-24 18:06:25,8003,0.1,0.1,7.3,  12898
2026-07-24 18:06:28,8003,0.1,0.1,7.3,  12900
2026-07-24 18:06:30,8003,0.1,0.1,7.3,  12902
2026-07-24 18:06:32,8003,0.1,0.1,7.3,  12904
2026-07-24 18:06:34,8003,0.1,0.1,7.3,  12906
2026-07-24 18:06:36,8003,0.1,0.1,7.3,  12908
2026-07-24 18:06:38,8003,0.1,0.1,7.3,  12910
2026-07-24 18:06:40,8003,0.1,0.1,7.3,  12912
2026-07-24 18:06:42,8003,0.1,0.1,7.3,  12914
2026-07-24 18:06:44,8003,0.1,0.1,7.3,  12917
2026-07-24 18:06:46,8003,0.1,0.1,7.3,  12919
2026-07-24 18:06:48,8003,0.1,0.1,7.3,  12921
2026-07-24 18:06:50,8003,0.1,0.1,7.3,  12923
2026-07-24 18:06:52,8003,0.1,0.1,7.3,  12925
2026-07-24 18:06:54,8003,0.1,0.1,7.3,  12927
2026-07-24 18:06:56,8003,0.1,0.1,7.3,  12929
2026-07-24 18:06:58,8003,0.1,0.1,7.3,  12931
2026-07-24 18:07:00,8003,0.1,0.1,7.3,  12933
2026-07-24 18:07:03,8003,0.1,0.1,7.3,  12935
2026-07-24 18:07:05,8003,0.1,0.1,7.3,  12937
2026-07-24 18:07:07,8003,0.1,0.1,7.3,  12939
2026-07-24 18:07:09,8003,0.1,0.1,7.3,  12941
2026-07-24 18:07:11,8003,0.1,0.1,7.3,  12943
2026-07-24 18:07:13,8003,0.1,0.1,7.3,  12945
2026-07-24 18:07:15,8003,0.1,0.1,7.3,  12947
2026-07-24 18:07:17,8003,0.1,0.1,7.3,  12949
2026-07-24 18:07:19,8003,0.1,0.1,7.3,  12952
2026-07-24 18:07:21,8003,0.1,0.1,7.3,  12954
2026-07-24 18:07:23,8003,0.1,0.1,7.3,  12956
2026-07-24 18:07:25,8003,0.1,0.1,7.3,  12958
2026-07-24 18:07:27,8003,0.1,0.1,7.3,  12960
2026-07-24 18:07:29,8003,0.1,0.1,7.3,  12962
2026-07-24 18:07:31,8003,0.1,0.1,7.3,  12964
2026-07-24 18:07:33,8003,0.1,0.1,7.3,  12966
2026-07-24 18:07:36,8003,0.1,0.1,7.3,  12968
2026-07-24 18:07:38,8003,0.1,0.1,7.3,  12970
2026-07-24 18:07:40,8003,0.1,0.1,7.3,  12972
2026-07-24 18:07:42,8003,0.1,0.1,7.3,  12974
2026-07-24 18:07:44,8003,0.1,0.1,7.3,  12976
2026-07-24 18:07:46,8003,0.1,0.1,7.3,  12978
2026-07-24 18:07:48,8003,0.1,0.1,7.3,  12980
2026-07-24 18:07:50,8003,0.1,0.1,7.3,  12982
2026-07-24 18:07:52,8003,0.1,0.1,7.3,  12985
2026-07-24 18:07:54,8003,0.1,0.1,7.3,  12987
2026-07-24 18:07:56,8003,0.1,0.1,7.3,  12989
2026-07-24 18:07:58,8003,0.1,0.1,7.3,  12991
2026-07-24 18:08:00,8003,0.1,0.1,7.3,  12993
2026-07-24 18:08:02,8003,0.1,0.1,7.3,  12995
2026-07-24 18:08:04,8003,0.1,0.1,7.3,  12997
2026-07-24 18:08:06,8003,0.1,0.1,7.3,  12999
2026-07-24 18:08:09,8003,0.1,0.1,7.3,  13001
2026-07-24 18:08:11,8003,0.1,0.1,7.3,  13003
2026-07-24 18:08:13,8003,0.1,0.1,7.3,  13005
2026-07-24 18:08:15,8003,0.1,0.1,7.3,  13007
2026-07-24 18:08:17,8003,0.1,0.1,7.3,  13009
2026-07-24 18:08:19,8003,0.1,0.1,7.3,  13011
2026-07-24 18:08:21,8003,0.1,0.1,7.3,  13013
2026-07-24 18:08:23,8003,0.1,0.1,7.3,  13015
2026-07-24 18:08:25,8003,0.1,0.1,7.3,  13018
2026-07-24 18:08:27,8003,0.1,0.1,7.3,  13020
2026-07-24 18:08:29,8003,0.1,0.1,7.3,  13022
2026-07-24 18:08:31,8003,0.1,0.1,7.3,  13024
2026-07-24 18:08:33,8003,0.1,0.1,7.3,  13026
2026-07-24 18:08:35,8003,0.1,0.1,7.3,  13028
2026-07-24 18:08:37,8003,0.1,0.1,7.3,  13030
2026-07-24 18:08:39,8003,0.1,0.1,7.3,  13032
2026-07-24 18:08:42,8003,0.1,0.1,7.3,  13034
2026-07-24 18:08:44,8003,0.1,0.1,7.3,  13036
2026-07-24 18:08:46,8003,0.1,0.1,7.3,  13038
2026-07-24 18:08:48,8003,0.1,0.1,7.3,  13040
2026-07-24 18:08:50,8003,0.1,0.1,7.3,  13042
2026-07-24 18:08:52,8003,0.1,0.1,7.3,  13044
2026-07-24 18:08:54,8003,0.1,0.1,7.3,  13046
2026-07-24 18:08:56,8003,0.1,0.1,7.3,  13049
2026-07-24 18:08:58,8003,0.1,0.1,7.3,  13051
2026-07-24 18:09:00,8003,0.1,0.1,7.3,  13053
2026-07-24 18:09:02,8003,0.1,0.1,7.3,  13055
2026-07-24 18:09:04,8003,0.1,0.1,7.3,  13057
2026-07-24 18:09:06,8003,0.1,0.1,7.3,  13059
2026-07-24 18:09:08,8003,0.1,0.1,7.3,  13061
2026-07-24 18:09:10,8003,0.1,0.1,7.3,  13063
2026-07-24 18:09:12,8003,0.1,0.1,7.3,  13065
2026-07-24 18:09:15,8003,0.1,0.1,7.3,  13067
2026-07-24 18:09:17,8003,0.1,0.1,7.3,  13069
2026-07-24 18:09:19,8003,0.1,0.1,7.3,  13071
2026-07-24 18:09:21,8003,0.1,0.1,7.3,  13073
2026-07-24 18:09:23,8003,0.1,0.1,7.3,  13075
2026-07-24 18:09:25,8003,0.1,0.1,7.3,  13077
2026-07-24 18:09:27,8003,0.1,0.1,7.3,  13079
2026-07-24 18:09:29,8003,0.1,0.1,7.3,  13082
2026-07-24 18:09:31,8003,0.1,0.1,7.3,  13084
2026-07-24 18:09:33,8003,0.1,0.1,7.3,  13086
2026-07-24 18:09:35,8003,0.1,0.1,7.3,  13088
2026-07-24 18:09:37,8003,0.1,0.1,7.3,  13090
2026-07-24 18:09:39,8003,0.1,0.1,7.3,  13092
2026-07-24 18:09:41,8003,0.1,0.1,7.3,  13094
2026-07-24 18:09:43,8003,0.1,0.1,7.3,  13096
2026-07-24 18:09:46,8003,0.1,0.1,7.3,  13098
2026-07-24 18:09:48,8003,0.1,0.1,7.3,  13100
2026-07-24 18:09:50,8003,0.1,0.1,7.3,  13102
2026-07-24 18:09:52,8003,0.1,0.1,7.3,  13104
2026-07-24 18:09:54,8003,0.1,0.1,7.3,  13106
2026-07-24 18:09:56,8003,0.1,0.1,7.3,  13108
2026-07-24 18:09:58,8003,0.1,0.1,7.3,  13110
2026-07-24 18:10:00,8003,0.1,0.1,7.3,  13113
2026-07-24 18:10:02,8003,0.1,0.1,7.3,  13115
2026-07-24 18:10:04,8003,0.1,0.1,7.3,  13117
2026-07-24 18:10:06,8003,0.1,0.1,7.3,  13119
2026-07-24 18:10:08,8003,0.1,0.1,7.3,  13121
2026-07-24 18:10:10,8003,0.1,0.1,7.3,  13123
2026-07-24 18:10:12,8003,0.1,0.1,7.3,  13125
2026-07-24 18:10:14,8003,0.1,0.1,7.3,  13127
2026-07-24 18:10:16,8003,0.1,0.1,7.3,  13129
2026-07-24 18:10:19,8003,0.1,0.1,7.3,  13131
2026-07-24 18:10:21,8003,0.1,0.1,7.3,  13133
2026-07-24 18:10:23,8003,0.1,0.1,7.3,  13135
2026-07-24 18:10:25,8003,0.1,0.1,7.3,  13137
2026-07-24 18:10:27,8003,0.1,0.1,7.3,  13139
2026-07-24 18:10:29,8003,0.1,0.1,7.3,  13141
2026-07-24 18:10:31,8003,0.1,0.1,7.3,  13143
2026-07-24 18:10:33,8003,0.1,0.1,7.3,  13146
2026-07-24 18:10:35,8003,0.1,0.1,7.3,  13148
2026-07-24 18:10:37,8003,0.1,0.1,7.3,  13150
2026-07-24 18:10:39,8003,0.1,0.1,7.3,  13152
2026-07-24 18:10:41,8003,0.1,0.1,7.3,  13154
2026-07-24 18:10:43,8003,0.1,0.1,7.3,  13156
2026-07-24 18:10:45,8003,0.1,0.1,7.3,  13158
2026-07-24 18:10:47,8003,0.1,0.1,7.3,  13160
2026-07-24 18:10:49,8003,0.1,0.1,7.3,  13162
2026-07-24 18:10:52,8003,0.1,0.1,7.3,  13164
2026-07-24 18:10:54,8003,0.1,0.1,7.3,  13166
2026-07-24 18:10:56,8003,0.1,0.1,7.3,  13168
2026-07-24 18:10:58,8003,0.1,0.1,7.3,  13170
2026-07-24 18:11:00,8003,0.1,0.1,7.3,  13172
2026-07-24 18:11:02,8003,0.1,0.1,7.3,  13174
2026-07-24 18:11:04,8003,0.1,0.1,7.3,  13176
2026-07-24 18:11:06,8003,0.1,0.1,7.3,  13179
2026-07-24 18:11:08,8003,0.1,0.1,7.3,  13181
2026-07-24 18:11:10,8003,0.1,0.1,7.3,  13183
2026-07-24 18:11:12,8003,0.1,0.1,7.3,  13185
2026-07-24 18:11:14,8003,0.1,0.1,7.3,  13187
2026-07-24 18:11:16,8003,0.1,0.1,7.3,  13189
2026-07-24 18:11:18,8003,0.1,0.1,7.3,  13191
2026-07-24 18:11:20,8003,0.1,0.1,7.3,  13193
2026-07-24 18:11:22,8003,0.1,0.1,7.3,  13195
2026-07-24 18:11:25,8003,0.1,0.1,7.3,  13197
2026-07-24 18:11:27,8003,0.1,0.1,7.3,  13199
2026-07-24 18:11:29,8003,0.1,0.1,7.3,  13201
2026-07-24 18:11:31,8003,0.1,0.1,7.3,  13203
2026-07-24 18:11:33,8003,0.1,0.1,7.3,  13205
2026-07-24 18:11:35,8003,0.1,0.1,7.3,  13207
2026-07-24 18:11:37,8003,0.1,0.1,7.3,  13209
2026-07-24 18:11:39,8003,0.1,0.1,7.3,  13212
2026-07-24 18:11:41,8003,0.1,0.1,7.3,  13214
2026-07-24 18:11:43,8003,0.1,0.1,7.3,  13216
2026-07-24 18:11:45,8003,0.1,0.1,7.3,  13218
2026-07-24 18:11:47,8003,0.1,0.1,7.3,  13220
2026-07-24 18:11:49,8003,0.1,0.1,7.3,  13222
2026-07-24 18:11:51,8003,0.1,0.1,7.3,  13224
2026-07-24 18:11:53,8003,0.1,0.1,7.3,  13226
2026-07-24 18:11:56,8003,0.1,0.1,7.3,  13228
2026-07-24 18:11:58,8003,0.1,0.1,7.3,  13230
2026-07-24 18:12:00,8003,0.1,0.1,7.3,  13232
2026-07-24 18:12:02,8003,0.1,0.1,7.3,  13234
2026-07-24 18:12:04,8003,0.1,0.1,7.3,  13236
2026-07-24 18:12:06,8003,0.1,0.1,7.3,  13238
2026-07-24 18:12:08,8003,0.1,0.1,7.3,  13240
2026-07-24 18:12:10,8003,0.1,0.1,7.3,  13243
2026-07-24 18:12:12,8003,0.1,0.1,7.3,  13245
2026-07-24 18:12:14,8003,0.1,0.1,7.3,  13247
2026-07-24 18:12:16,8003,0.1,0.1,7.3,  13249
2026-07-24 18:12:18,8003,0.1,0.1,7.3,  13251
2026-07-24 18:12:20,8003,0.1,0.1,7.3,  13253
2026-07-24 18:12:22,8003,0.1,0.1,7.3,  13255
2026-07-24 18:12:24,8003,0.1,0.1,7.3,  13257
2026-07-24 18:12:26,8003,0.1,0.1,7.3,  13259
2026-07-24 18:12:29,8003,0.1,0.1,7.3,  13261
2026-07-24 18:12:31,8003,0.1,0.1,7.3,  13263
2026-07-24 18:12:33,8003,0.1,0.1,7.3,  13265
2026-07-24 18:12:35,8003,0.1,0.1,7.3,  13267
2026-07-24 18:12:37,8003,0.1,0.1,7.3,  13269
2026-07-24 18:12:39,8003,0.1,0.1,7.3,  13271
2026-07-24 18:12:41,8003,0.1,0.1,7.3,  13273
2026-07-24 18:12:43,8003,0.1,0.1,7.3,  13275
2026-07-24 18:12:45,8003,0.1,0.1,7.3,  13278
2026-07-24 18:12:47,8003,0.1,0.1,7.3,  13280
2026-07-24 18:12:49,8003,0.1,0.1,7.3,  13282
2026-07-24 18:12:51,8003,0.1,0.1,7.3,  13284
2026-07-24 18:12:53,8003,0.1,0.1,7.3,  13286
2026-07-24 18:12:55,8003,0.1,0.1,7.3,  13288
2026-07-24 18:12:57,8003,0.1,0.1,7.3,  13290
2026-07-24 18:13:00,8003,0.1,0.1,7.3,  13292
2026-07-24 18:13:02,8003,0.1,0.1,7.3,  13294
2026-07-24 18:13:04,8003,0.1,0.1,7.3,  13296
2026-07-24 18:13:06,8003,0.1,0.1,7.3,  13298
2026-07-24 18:13:08,8003,0.1,0.1,7.3,  13300
2026-07-24 18:13:10,8003,0.1,0.1,7.3,  13302
2026-07-24 18:13:12,8003,0.1,0.1,7.3,  13304
2026-07-24 18:13:14,8003,0.1,0.1,7.3,  13306
2026-07-24 18:13:16,8003,0.1,0.1,7.3,  13308
2026-07-24 18:13:18,8003,0.1,0.1,7.3,  13311
2026-07-24 18:13:20,8003,0.1,0.1,7.3,  13313
2026-07-24 18:13:22,8003,0.1,0.1,7.3,  13315
2026-07-24 18:13:24,8003,0.1,0.1,7.3,  13317
2026-07-24 18:13:26,8003,0.1,0.1,7.3,  13319
2026-07-24 18:13:28,8003,0.1,0.1,7.3,  13321
2026-07-24 18:13:30,8003,0.1,0.1,7.3,  13323
2026-07-24 18:13:33,8003,0.1,0.1,7.3,  13325
2026-07-24 18:13:35,8003,0.1,0.1,7.3,  13327
2026-07-24 18:13:37,8003,0.1,0.1,7.3,  13329
2026-07-24 18:13:39,8003,0.1,0.1,7.3,  13331
2026-07-24 18:13:41,8003,0.1,0.1,7.3,  13333
2026-07-24 18:13:43,8003,0.1,0.1,7.3,  13335
2026-07-24 18:13:45,8003,0.1,0.1,7.3,  13337
2026-07-24 18:13:47,8003,0.1,0.1,7.3,  13339
2026-07-24 18:13:49,8003,0.1,0.1,7.3,  13341
2026-07-24 18:13:51,8003,0.1,0.1,7.3,  13344
2026-07-24 18:13:53,8003,0.1,0.1,7.3,  13346
2026-07-24 18:13:55,8003,0.1,0.1,7.3,  13348
2026-07-24 18:13:57,8003,0.1,0.1,7.3,  13350
2026-07-24 18:13:59,8003,0.1,0.1,7.3,  13352
2026-07-24 18:14:01,8003,0.1,0.1,7.3,  13354
2026-07-24 18:14:03,8003,0.1,0.1,7.3,  13356
2026-07-24 18:14:05,8003,0.1,0.1,7.3,  13358
2026-07-24 18:14:08,8003,0.1,0.1,7.3,  13360
2026-07-24 18:14:10,8003,0.1,0.1,7.3,  13362
2026-07-24 18:14:12,8003,0.1,0.1,7.3,  13364
2026-07-24 18:14:14,8003,0.1,0.1,7.3,  13366
2026-07-24 18:14:16,8003,0.1,0.1,7.3,  13368
2026-07-24 18:14:18,8003,0.1,0.1,7.3,  13370
2026-07-24 18:14:20,8003,0.1,0.1,7.3,  13372
2026-07-24 18:14:22,8003,0.1,0.1,7.3,  13374
2026-07-24 18:14:24,8003,0.1,0.1,7.3,  13377
2026-07-24 18:14:26,8003,0.1,0.1,7.3,  13379
2026-07-24 18:14:28,8003,0.1,0.1,7.3,  13381
2026-07-24 18:14:30,8003,0.1,0.1,7.3,  13383
2026-07-24 18:14:32,8003,0.1,0.1,7.3,  13385
2026-07-24 18:14:34,8003,0.1,0.1,7.3,  13387
2026-07-24 18:14:36,8003,0.1,0.1,7.3,  13389
2026-07-24 18:14:38,8003,0.1,0.1,7.3,  13391
2026-07-24 18:14:41,8003,0.1,0.1,7.3,  13393
2026-07-24 18:14:43,8003,0.1,0.1,7.3,  13395
2026-07-24 18:14:45,8003,0.1,0.1,7.3,  13397
2026-07-24 18:14:47,8003,0.1,0.1,7.3,  13399
2026-07-24 18:14:49,8003,0.1,0.1,7.3,  13401
2026-07-24 18:14:51,8003,0.1,0.1,7.3,  13403
2026-07-24 18:14:53,8003,0.1,0.1,7.3,  13405
2026-07-24 18:14:55,8003,0.1,0.1,7.3,  13407
2026-07-24 18:14:57,8003,0.1,0.1,7.3,  13410
2026-07-24 18:14:59,8003,0.1,0.1,7.3,  13412
2026-07-24 18:15:01,8003,0.1,0.1,7.3,  13414
2026-07-24 18:15:03,8003,0.1,0.1,7.3,  13416
2026-07-24 18:15:05,8003,0.1,0.1,7.3,  13418
2026-07-24 18:15:07,8003,0.1,0.1,7.3,  13420
2026-07-24 18:15:09,8003,0.1,0.1,7.3,  13422
2026-07-24 18:15:12,8003,0.1,0.1,7.3,  13424
2026-07-24 18:15:14,8003,0.1,0.1,7.3,  13426
2026-07-24 18:15:16,8003,0.1,0.1,7.3,  13428
2026-07-24 18:15:18,8003,0.1,0.1,7.3,  13430
2026-07-24 18:15:20,8003,0.1,0.1,7.3,  13432
2026-07-24 18:15:22,8003,0.1,0.1,7.3,  13434
2026-07-24 18:15:24,8003,0.1,0.1,7.3,  13436
2026-07-24 18:15:26,8003,0.1,0.1,7.3,  13438
2026-07-24 18:15:28,8003,0.1,0.1,7.3,  13440
2026-07-24 18:15:30,8003,0.1,0.1,7.3,  13443
2026-07-24 18:15:32,8003,0.1,0.1,7.3,  13445
2026-07-24 18:15:34,8003,0.1,0.1,7.3,  13447
2026-07-24 18:15:36,8003,0.1,0.1,7.3,  13449
2026-07-24 18:15:38,8003,0.1,0.1,7.3,  13451
2026-07-24 18:15:40,8003,0.1,0.1,7.3,  13453
2026-07-24 18:15:42,8003,0.1,0.1,7.3,  13455
2026-07-24 18:15:44,8003,0.1,0.1,7.3,  13457
2026-07-24 18:15:47,8003,0.1,0.1,7.3,  13459
2026-07-24 18:15:49,8003,0.1,0.1,7.3,  13461
2026-07-24 18:15:51,8003,0.1,0.1,7.3,  13463
2026-07-24 18:15:53,8003,0.1,0.1,7.3,  13465
2026-07-24 18:15:55,8003,0.1,0.1,7.3,  13467
2026-07-24 18:15:57,8003,0.1,0.1,7.3,  13469
2026-07-24 18:15:59,8003,0.1,0.1,7.3,  13471
2026-07-24 18:16:01,8003,0.1,0.1,7.3,  13474
2026-07-24 18:16:03,8003,0.1,0.1,7.3,  13476
2026-07-24 18:16:05,8003,0.1,0.1,7.3,  13478
2026-07-24 18:16:07,8003,0.1,0.1,7.3,  13480
2026-07-24 18:16:09,8003,0.1,0.1,7.3,  13482
2026-07-24 18:16:11,8003,0.1,0.1,7.3,  13484
2026-07-24 18:16:13,8003,0.1,0.1,7.3,  13486
2026-07-24 18:16:15,8003,0.1,0.1,7.3,  13488
2026-07-24 18:16:17,8003,0.1,0.1,7.3,  13490
2026-07-24 18:16:20,8003,0.1,0.1,7.3,  13492
2026-07-24 18:16:22,8003,0.1,0.1,7.3,  13494
2026-07-24 18:16:24,8003,0.1,0.1,7.3,  13496
2026-07-24 18:16:26,8003,0.1,0.1,7.3,  13498
2026-07-24 18:16:28,8003,0.1,0.1,7.3,  13500
2026-07-24 18:16:30,8003,0.1,0.2,7.3,  13502
2026-07-24 18:16:32,8003,0.1,0.1,7.3,  13504
2026-07-24 18:16:34,8003,0.1,0.1,7.3,  13507
2026-07-24 18:16:36,8003,0.1,0.1,7.3,  13509
2026-07-24 18:16:38,8003,0.1,0.1,7.3,  13511
2026-07-24 18:16:40,8003,0.1,0.1,7.3,  13513
2026-07-24 18:16:42,8003,0.1,0.1,7.3,  13515
2026-07-24 18:16:44,8003,0.1,0.1,7.3,  13517
2026-07-24 18:16:46,8003,0.1,0.1,7.3,  13519
2026-07-24 18:16:48,8003,0.1,0.1,7.3,  13521
2026-07-24 18:16:51,8003,0.1,0.1,7.3,  13523
2026-07-24 18:16:53,8003,0.1,0.1,7.3,  13525
2026-07-24 18:16:55,8003,0.1,0.1,7.3,  13527
2026-07-24 18:16:57,8003,0.1,0.1,7.3,  13529
2026-07-24 18:16:59,8003,0.1,0.1,7.3,  13531
2026-07-24 18:17:01,8003,0.1,0.2,7.3,  13533
2026-07-24 18:17:03,8003,0.1,0.1,7.3,  13535
2026-07-24 18:17:05,8003,0.1,0.1,7.3,  13538
2026-07-24 18:17:07,8003,0.1,0.1,7.3,  13540
2026-07-24 18:17:09,8003,0.1,0.1,7.3,  13542
2026-07-24 18:17:11,8003,0.1,0.1,7.3,  13544
2026-07-24 18:17:13,8003,0.1,0.1,7.3,  13546
2026-07-24 18:17:15,8003,0.1,0.1,7.3,  13548
2026-07-24 18:17:17,8003,0.1,0.1,7.3,  13550
2026-07-24 18:17:19,8003,0.1,0.1,7.3,  13552
2026-07-24 18:17:22,8003,0.1,0.1,7.3,  13554
2026-07-24 18:17:24,8003,0.1,0.1,7.3,  13556
2026-07-24 18:17:26,8003,0.1,0.1,7.3,  13558
2026-07-24 18:17:28,8003,0.1,0.1,7.3,  13560
2026-07-24 18:17:30,8003,0.1,0.1,7.3,  13562
2026-07-24 18:17:32,8003,0.1,0.2,7.3,  13564
2026-07-24 18:17:34,8003,0.1,0.1,7.3,  13566
2026-07-24 18:17:36,8003,0.1,0.1,7.3,  13569
2026-07-24 18:17:38,8003,0.1,0.1,7.3,  13571
2026-07-24 18:17:40,8003,0.1,0.1,7.3,  13573
2026-07-24 18:17:42,8003,0.1,0.1,7.3,  13575
2026-07-24 18:17:44,8003,0.1,0.1,7.3,  13577
2026-07-24 18:17:46,8003,0.1,0.1,7.3,  13579
2026-07-24 18:17:48,8003,0.1,0.1,7.3,  13581
2026-07-24 18:17:50,8003,0.1,0.1,7.3,  13583
2026-07-24 18:17:52,8003,0.1,0.1,7.3,  13585
2026-07-24 18:17:55,8003,0.1,0.1,7.3,  13587
2026-07-24 18:17:57,8003,0.1,0.1,7.3,  13589
2026-07-24 18:17:59,8003,0.1,0.1,7.3,  13591
2026-07-24 18:18:01,8003,0.1,0.1,7.3,  13593
2026-07-24 18:18:03,8003,0.1,0.2,7.3,  13595
2026-07-24 18:18:05,8003,0.1,0.1,7.3,  13597
2026-07-24 18:18:07,8003,0.1,0.1,7.3,  13599
2026-07-24 18:18:09,8003,0.1,0.1,7.3,  13602
2026-07-24 18:18:11,8003,0.1,0.1,7.3,  13604
2026-07-24 18:18:13,8003,0.1,0.1,7.3,  13606
2026-07-24 18:18:15,8003,0.1,0.1,7.3,  13608
2026-07-24 18:18:17,8003,0.1,0.1,7.3,  13610
2026-07-24 18:18:19,8003,0.1,0.1,7.3,  13612
2026-07-24 18:18:21,8003,0.1,0.1,7.3,  13614
2026-07-24 18:18:23,8003,0.1,0.1,7.3,  13616
2026-07-24 18:18:25,8003,0.1,0.1,7.3,  13618
2026-07-24 18:18:28,8003,0.1,0.1,7.3,  13620
2026-07-24 18:18:30,8003,0.1,0.1,7.3,  13622
2026-07-24 18:18:32,8003,0.1,0.1,7.3,  13624
2026-07-24 18:18:34,8003,0.1,0.2,7.3,  13626
2026-07-24 18:18:36,8003,0.1,0.1,7.3,  13628
2026-07-24 18:18:38,8003,0.1,0.1,7.3,  13630
2026-07-24 18:18:40,8003,0.1,0.1,7.3,  13632
2026-07-24 18:18:42,8003,0.1,0.1,7.3,  13635
2026-07-24 18:18:44,8003,0.1,0.1,7.3,  13637
2026-07-24 18:18:46,8003,0.1,0.1,7.3,  13639
2026-07-25 18:00:59,2654,0.4,0.1,7.1,     28
2026-07-25 18:01:02,2654,0.4,0.1,7.1,     30
2026-07-25 18:01:04,2654,0.4,0.1,7.1,     32
2026-07-25 18:01:06,2654,0.3,0.1,7.1,     34
2026-07-25 18:01:08,2654,0.3,0.1,7.1,     36
2026-07-25 18:01:10,2654,0.3,0.1,7.1,     38
2026-07-25 18:01:12,2654,0.3,0.1,7.1,     40
2026-07-25 18:01:14,2654,0.4,0.1,7.1,     42
2026-07-25 18:01:16,2654,0.4,0.1,7.1,     45
2026-07-25 18:01:18,2654,0.4,0.1,7.1,     47
2026-07-25 18:01:20,2654,0.3,0.1,7.1,     49
2026-07-25 18:01:22,2654,0.3,0.1,7.1,     51
2026-07-25 18:01:24,2654,0.3,0.1,7.1,     53
2026-07-25 18:01:26,2654,0.3,0.1,7.1,     55
2026-07-25 18:01:28,2654,0.3,0.1,7.1,     57
2026-07-25 18:01:30,2654,0.3,0.1,7.1,     59
2026-07-25 18:01:33,2654,0.3,0.1,7.1,     61
2026-07-25 18:01:35,2654,0.3,0.1,7.1,     63
2026-07-25 18:01:37,2654,0.3,0.1,7.1,     65
2026-07-25 18:01:39,2654,0.3,0.1,7.1,     67
2026-07-25 18:01:41,2654,0.3,0.1,7.1,     69
2026-07-25 18:01:43,2654,0.3,0.1,7.1,     71
2026-07-25 18:01:45,2654,0.3,0.1,7.1,     73
2026-07-25 18:01:47,2654,0.3,0.1,7.1,     75
2026-07-25 18:01:49,2654,0.3,0.1,7.1,     78
2026-07-25 18:01:51,2654,0.3,0.1,7.1,     80
2026-07-25 18:01:53,2654,0.3,0.1,7.1,     82
2026-07-25 18:01:55,2654,0.3,0.1,7.2,     84
2026-07-25 18:01:57,2654,0.3,0.1,7.1,     86
2026-07-25 18:01:59,2654,0.3,0.1,7.1,     88
2026-07-25 18:02:01,2654,0.3,0.1,7.1,     90
2026-07-25 18:02:03,2654,0.3,0.1,7.1,     92
2026-07-25 18:02:06,2654,0.3,0.1,7.1,     94
2026-07-25 18:02:08,2654,0.3,0.1,7.1,     96
2026-07-25 18:02:10,2654,0.3,0.1,7.1,     98
2026-07-25 18:02:12,2654,0.3,0.1,7.1,    100
2026-07-25 18:02:14,2654,0.3,0.1,7.1,    102
2026-07-25 18:02:16,2654,0.3,0.1,7.2,    104
2026-07-25 18:02:18,2654,0.3,0.1,7.1,    106
2026-07-25 18:02:20,2654,0.3,0.1,7.1,    109
2026-07-25 18:02:22,2654,0.3,0.1,7.1,    111
2026-07-25 18:02:24,2654,0.3,0.1,7.1,    113
2026-07-25 18:02:26,2654,0.3,0.1,7.1,    115
2026-07-25 18:02:28,2654,0.3,0.1,7.1,    117
2026-07-25 18:02:30,2654,0.3,0.1,7.1,    119
2026-07-25 18:02:32,2654,0.3,0.1,7.1,    121
2026-07-25 18:02:34,2654,0.3,0.1,7.1,    123
2026-07-25 18:02:37,2654,0.3,0.1,7.2,    125
2026-07-25 18:02:39,2654,0.3,0.1,7.1,    127
2026-07-25 18:02:41,2654,0.3,0.1,7.1,    129
2026-07-25 18:02:43,2654,0.3,0.1,7.1,    131
2026-07-25 18:02:45,2654,0.3,0.1,7.1,    133
2026-07-25 18:02:47,2654,0.3,0.1,7.1,    135
2026-07-25 18:02:49,2654,0.3,0.1,7.1,    137
2026-07-25 18:02:51,2654,0.3,0.1,7.1,    140
2026-07-25 18:02:53,2654,0.3,0.1,7.1,    142
2026-07-25 18:02:55,2654,0.2,0.1,7.1,    144
2026-07-25 18:02:57,2654,0.2,0.1,7.2,    146
2026-07-25 18:02:59,2654,0.3,0.1,7.1,    148
2026-07-25 18:03:01,2654,0.3,0.1,7.1,    150
2026-07-25 18:03:03,2654,0.3,0.1,7.1,    152
2026-07-25 18:03:06,2654,0.3,0.1,7.1,    154
2026-07-25 18:03:08,2654,0.3,0.1,7.1,    156
2026-07-25 18:03:10,2654,0.3,0.1,7.1,    158
2026-07-25 18:03:12,2654,0.3,0.1,7.1,    160
2026-07-25 18:03:14,2654,0.2,0.1,7.1,    162
2026-07-25 18:03:16,2654,0.2,0.1,7.1,    164
2026-07-25 18:03:18,2654,0.2,0.1,7.1,    166
2026-07-25 18:03:20,2654,0.3,0.1,7.1,    168
2026-07-25 18:03:22,2654,0.3,0.1,7.1,    171
2026-07-25 18:03:24,2654,0.3,0.1,7.1,    173
2026-07-25 18:03:26,2654,0.3,0.1,7.1,    175
2026-07-25 18:03:28,2654,0.3,0.1,7.1,    177
2026-07-25 18:03:30,2654,0.3,0.1,7.1,    179
2026-07-25 18:03:32,2654,0.2,0.1,7.1,    181
2026-07-25 18:03:34,2654,0.2,0.1,7.1,    183
2026-07-25 18:03:36,2654,0.2,0.1,7.1,    185
2026-07-25 18:03:38,2654,0.2,0.1,7.1,    187
2026-07-25 18:03:41,2654,0.3,0.1,7.2,    189
2026-07-25 18:03:43,2654,0.3,0.1,7.2,    191
2026-07-25 18:03:45,2654,0.3,0.1,7.2,    193
2026-07-25 18:03:47,2654,0.3,0.1,7.2,    195
2026-07-25 18:03:49,2654,0.2,0.1,7.2,    197
2026-07-25 18:03:51,2654,0.3,0.1,7.2,    199
2026-07-25 18:03:53,2654,0.2,0.1,7.2,    201
2026-07-25 18:03:55,2654,0.2,0.1,7.2,    204
2026-07-25 18:03:57,2654,0.2,0.1,7.2,    206
2026-07-25 18:03:59,2654,0.2,0.1,7.2,    208
2026-07-25 18:04:01,2654,0.3,0.1,7.2,    210
2026-07-25 18:04:03,2654,0.3,0.1,7.2,    212
2026-07-25 18:04:05,2654,0.3,0.1,7.2,    214
2026-07-25 18:04:07,2654,0.3,0.1,7.2,    216
2026-07-25 18:04:09,2654,0.3,0.1,7.2,    218
2026-07-25 18:04:12,2654,0.3,0.1,7.2,    220
2026-07-25 18:04:14,2654,0.2,0.1,7.2,    222
2026-07-25 18:04:16,2654,0.2,0.1,7.2,    224
2026-07-25 18:04:18,2654,0.2,0.1,7.2,    226
2026-07-25 18:04:20,2654,0.2,0.1,7.2,    228
2026-07-25 18:04:22,2654,0.3,0.1,7.2,    230
2026-07-25 18:04:24,2654,0.3,0.1,7.2,    232
2026-07-25 18:04:26,2654,0.2,0.1,7.2,    234
2026-07-25 18:04:28,2654,0.2,0.1,7.2,    237
2026-07-25 18:04:30,2654,0.2,0.1,7.2,    239
2026-07-25 18:04:32,2654,0.2,0.1,7.2,    241
2026-07-25 18:04:34,2654,0.2,0.1,7.2,    243
2026-07-25 18:04:36,2654,0.2,0.1,7.2,    245
2026-07-25 18:04:38,2654,0.2,0.1,7.2,    247
2026-07-25 18:04:40,2654,0.2,0.1,7.2,    249
2026-07-25 18:04:42,2654,0.3,0.1,7.2,    251
2026-07-25 18:04:45,2654,0.3,0.1,7.2,    253
2026-07-25 18:04:47,2654,0.2,0.1,7.2,    255
2026-07-25 18:04:49,2654,0.2,0.1,7.2,    257
2026-07-25 18:04:51,2654,0.2,0.1,7.2,    259
2026-07-25 18:04:53,2654,0.2,0.1,7.2,    261
2026-07-25 18:04:55,2654,0.2,0.1,7.2,    263
2026-07-25 18:04:57,2654,0.2,0.1,7.2,    265
2026-07-25 18:04:59,2654,0.2,0.1,7.2,    267
2026-07-25 18:05:01,2654,0.2,0.1,7.2,    270
2026-07-25 18:05:03,2654,0.2,0.1,7.2,    272
2026-07-25 18:05:05,2654,0.2,0.1,7.2,    274
2026-07-25 18:05:07,2654,0.2,0.1,7.2,    276
2026-07-25 18:05:09,2654,0.2,0.1,7.2,    278
2026-07-25 18:05:11,2654,0.2,0.1,7.2,    280
2026-07-25 18:05:13,2654,0.2,0.1,7.2,    282
2026-07-25 18:05:15,2654,0.2,0.1,7.2,    284
2026-07-25 18:05:18,2654,0.2,0.1,7.2,    286
2026-07-25 18:05:20,2654,0.2,0.1,7.2,    288
2026-07-25 18:05:22,2654,0.2,0.1,7.2,    290
2026-07-25 18:05:24,2654,0.2,0.1,7.2,    292
2026-07-25 18:05:26,2654,0.2,0.1,7.2,    294
2026-07-25 18:05:28,2654,0.2,0.1,7.2,    296
2026-07-25 18:05:30,2654,0.2,0.1,7.2,    298
2026-07-25 18:05:32,2654,0.2,0.1,7.2,    301
2026-07-25 18:05:34,2654,0.2,0.1,7.2,    303
2026-07-25 18:05:36,2654,0.2,0.1,7.2,    305
2026-07-25 18:05:38,2654,0.2,0.1,7.2,    307
2026-07-25 18:05:40,2654,0.2,0.1,7.2,    309
2026-07-25 18:05:42,2654,0.2,0.1,7.2,    311
2026-07-25 18:05:44,2654,0.2,0.1,7.2,    313
2026-07-25 18:05:46,2654,0.2,0.1,7.2,    315
2026-07-25 18:05:49,2654,0.2,0.1,7.2,    317
2026-07-25 18:05:51,2654,0.2,0.1,7.2,    319
2026-07-25 18:05:53,2654,0.2,0.1,7.2,    321
2026-07-25 18:05:55,2654,0.2,0.1,7.2,    323
2026-07-25 18:05:57,2654,0.2,0.1,7.2,    325
2026-07-25 18:05:59,2654,0.2,0.1,7.2,    327
2026-07-25 18:06:01,2654,0.2,0.1,7.2,    329
2026-07-25 18:06:03,2654,0.2,0.1,7.2,    332
2026-07-25 18:06:05,2654,0.2,0.1,7.2,    334
2026-07-25 18:06:07,2654,0.2,0.1,7.2,    336
2026-07-25 18:06:09,2654,0.2,0.1,7.2,    338
2026-07-25 18:06:11,2654,0.2,0.1,7.2,    340
2026-07-25 18:06:13,2654,0.2,0.1,7.2,    342
2026-07-25 18:06:15,2654,0.2,0.1,7.2,    344
2026-07-25 18:06:17,2654,0.2,0.1,7.2,    346
2026-07-25 18:06:20,2654,0.2,0.1,7.2,    348
2026-07-25 18:06:22,2654,0.2,0.1,7.2,    350
2026-07-25 18:06:24,2654,0.2,0.1,7.2,    352
2026-07-25 18:06:26,2654,0.2,0.1,7.2,    354
2026-07-25 18:06:28,2654,0.2,0.1,7.2,    356
2026-07-25 18:06:30,2654,0.2,0.1,7.2,    358
2026-07-25 18:06:32,2654,0.2,0.1,7.2,    360
2026-07-25 18:06:34,2654,0.2,0.1,7.2,    363
2026-07-25 18:06:36,2654,0.2,0.1,7.2,    365
2026-07-25 18:06:38,2654,0.2,0.1,7.2,    367
2026-07-25 18:06:40,2654,0.2,0.1,7.2,    369
2026-07-25 18:06:42,2654,0.2,0.1,7.2,    371
2026-07-25 18:06:44,2654,0.2,0.1,7.2,    373
2026-07-25 18:06:46,2654,0.2,0.1,7.2,    375
2026-07-25 18:06:48,2654,0.2,0.1,7.2,    377
2026-07-25 18:06:51,2654,0.2,0.1,7.2,    379
2026-07-25 18:06:53,2654,0.2,0.1,7.2,    381
2026-07-25 18:06:55,2654,0.2,0.1,7.2,    383
2026-07-25 18:06:57,2654,0.2,0.1,7.2,    385
2026-07-25 18:06:59,2654,0.2,0.1,7.2,    387
2026-07-25 18:07:01,2654,0.2,0.1,7.2,    389
2026-07-25 18:07:03,2654,0.2,0.1,7.2,    391
2026-07-25 18:07:05,2654,0.2,0.1,7.2,    394
2026-07-25 18:07:07,2654,0.2,0.1,7.2,    396
2026-07-25 18:07:09,2654,0.2,0.1,7.2,    398
2026-07-25 18:07:11,2654,0.2,0.1,7.2,    400
2026-07-25 18:07:13,2654,0.2,0.1,7.2,    402
2026-07-25 18:07:15,2654,0.2,0.1,7.2,    404
2026-07-25 18:07:17,2654,0.2,0.1,7.2,    406
2026-07-25 18:07:19,2654,0.2,0.1,7.2,    408
2026-07-25 18:07:22,2654,0.2,0.1,7.2,    410
2026-07-25 18:07:24,2654,0.2,0.1,7.2,    412
2026-07-25 18:07:26,2654,0.2,0.1,7.2,    414
2026-07-25 18:07:28,2654,0.2,0.1,7.2,    416
2026-07-25 18:07:30,2654,0.2,0.1,7.2,    418
2026-07-25 18:07:32,2654,0.2,0.1,7.2,    420
2026-07-25 18:07:34,2654,0.2,0.1,7.2,    422
2026-07-25 18:07:36,2654,0.2,0.1,7.2,    424
2026-07-25 18:07:38,2654,0.2,0.1,7.2,    427
2026-07-25 18:07:40,2654,0.2,0.1,7.2,    429
2026-07-25 18:07:42,2654,0.2,0.1,7.2,    431
2026-07-25 18:07:44,2654,0.2,0.1,7.2,    433
2026-07-25 18:07:46,2654,0.2,0.1,7.2,    435
2026-07-25 18:07:48,2654,0.2,0.1,7.2,    437
2026-07-25 18:07:50,2654,0.2,0.1,7.2,    439
2026-07-25 18:07:53,2654,0.2,0.1,7.2,    441
2026-07-25 18:07:55,2654,0.2,0.1,7.2,    443
2026-07-25 18:07:57,2654,0.2,0.1,7.2,    445
2026-07-25 18:07:59,2654,0.2,0.1,7.2,    447
2026-07-25 18:08:01,2654,0.2,0.1,7.2,    449
2026-07-25 18:08:03,2654,0.2,0.1,7.2,    451
2026-07-25 18:08:05,2654,0.2,0.1,7.2,    453
2026-07-25 18:08:07,2654,0.2,0.1,7.2,    455
2026-07-25 18:08:09,2654,0.2,0.1,7.2,    458
2026-07-25 18:08:11,2654,0.2,0.1,7.2,    460
2026-07-25 18:08:13,2654,0.2,0.1,7.2,    462
2026-07-25 18:08:15,2654,0.2,0.1,7.2,    464
2026-07-25 18:08:17,2654,0.2,0.1,7.2,    466
2026-07-25 18:08:19,2654,0.2,0.1,7.2,    468
2026-07-25 18:08:21,2654,0.2,0.1,7.2,    470
2026-07-25 18:08:23,2654,0.2,0.1,7.2,    472
2026-07-25 18:08:26,2654,0.2,0.1,7.2,    474
2026-07-25 18:08:28,2654,0.2,0.1,7.2,    476
2026-07-25 18:08:30,2654,0.2,0.1,7.2,    478
2026-07-25 18:08:32,2654,0.2,0.1,7.2,    480
2026-07-25 18:08:34,2654,0.2,0.1,7.2,    482
2026-07-25 18:08:36,2654,0.2,0.1,7.2,    484
2026-07-25 18:08:38,2654,0.2,0.1,7.2,    486
2026-07-25 18:08:40,2654,0.2,0.1,7.2,    488
2026-07-25 18:08:42,2654,0.2,0.1,7.2,    491
2026-07-25 18:08:44,2654,0.2,0.1,7.2,    493
2026-07-25 18:08:46,2654,0.2,0.1,7.2,    495
2026-07-25 18:08:48,2654,0.2,0.1,7.2,    497
2026-07-25 18:08:50,2654,0.2,0.1,7.2,    499
2026-07-25 18:08:52,2654,0.2,0.1,7.2,    501
2026-07-25 18:08:54,2654,0.2,0.1,7.2,    503
2026-07-25 18:08:57,2654,0.2,0.1,7.2,    505
2026-07-25 18:08:59,2654,0.2,0.1,7.2,    507
2026-07-25 18:09:01,2654,0.2,0.1,7.2,    509
2026-07-25 18:09:03,2654,0.2,0.1,7.2,    511
2026-07-25 18:09:05,2654,0.2,0.1,7.2,    513
2026-07-25 18:09:07,2654,0.2,0.1,7.2,    515
2026-07-25 18:09:09,2654,0.2,0.1,7.2,    517
2026-07-25 18:09:11,2654,0.2,0.1,7.2,    519
2026-07-25 18:09:13,2654,0.2,0.1,7.2,    522
2026-07-25 18:09:15,2654,0.2,0.1,7.2,    524
2026-07-25 18:09:17,2654,0.2,0.1,7.2,    526
2026-07-25 18:09:19,2654,0.2,0.1,7.2,    528
2026-07-25 18:09:21,2654,0.2,0.1,7.2,    530
2026-07-25 18:09:23,2654,0.2,0.1,7.2,    532
2026-07-25 18:09:25,2654,0.2,0.1,7.2,    534
2026-07-25 18:09:27,2654,0.2,0.1,7.2,    536
2026-07-25 18:09:30,2654,0.2,0.1,7.2,    538
2026-07-25 18:09:32,2654,0.2,0.1,7.2,    540
2026-07-25 18:09:34,2654,0.2,0.1,7.2,    542
2026-07-25 18:09:36,2654,0.2,0.1,7.2,    544
2026-07-25 18:09:38,2654,0.2,0.1,7.2,    546
2026-07-25 18:09:40,2654,0.2,0.1,7.2,    548
2026-07-25 18:09:42,2654,0.2,0.1,7.2,    550
2026-07-25 18:09:44,2654,0.2,0.1,7.2,    552
2026-07-25 18:09:46,2654,0.2,0.1,7.2,    555
2026-07-25 18:09:48,2654,0.2,0.1,7.2,    557
2026-07-25 18:09:50,2654,0.2,0.1,7.2,    559
2026-07-25 18:09:52,2654,0.2,0.1,7.2,    561
2026-07-25 18:09:54,2654,0.2,0.1,7.2,    563
2026-07-25 18:09:56,2654,0.2,0.1,7.2,    565
2026-07-25 18:09:58,2654,0.2,0.1,7.2,    567
2026-07-25 18:10:01,2654,0.2,0.1,7.2,    569
2026-07-25 18:10:03,2654,0.2,0.1,7.2,    571
2026-07-25 18:10:05,2654,0.2,0.1,7.2,    573
2026-07-25 18:10:07,2654,0.2,0.1,7.2,    575
2026-07-25 18:10:09,2654,0.2,0.1,7.2,    577
2026-07-25 18:10:11,2654,0.2,0.1,7.2,    579
2026-07-25 18:10:13,2654,0.2,0.1,7.2,    581
2026-07-25 18:10:15,2654,0.2,0.1,7.2,    584
2026-07-25 18:10:17,2654,0.2,0.1,7.2,    586
2026-07-25 18:10:19,2654,0.2,0.1,7.2,    588
2026-07-25 18:10:21,2654,0.2,0.1,7.2,    590
2026-07-25 18:10:23,2654,0.2,0.1,7.2,    592
2026-07-25 18:10:25,2654,0.2,0.1,7.2,    594
2026-07-25 18:10:27,2654,0.2,0.1,7.2,    596
2026-07-25 18:10:29,2654,0.2,0.1,7.2,    598
2026-07-25 18:10:32,2654,0.2,0.1,7.2,    600
2026-07-25 18:10:34,2654,0.2,0.1,7.2,    602
2026-07-25 18:10:36,2654,0.2,0.1,7.2,    604
2026-07-25 18:10:38,2654,0.2,0.1,7.2,    606
2026-07-25 18:10:40,2654,0.2,0.1,7.2,    608
2026-07-25 18:10:42,2654,0.2,0.1,7.2,    610
2026-07-25 18:10:44,2654,0.2,0.1,7.2,    612
2026-07-25 18:10:46,2654,0.2,0.1,7.2,    615
2026-07-25 18:10:48,2654,0.2,0.1,7.2,    617
2026-07-25 18:10:50,2654,0.2,0.1,7.2,    619
2026-07-25 18:10:52,2654,0.2,0.1,7.2,    621
2026-07-25 18:10:54,2654,0.2,0.1,7.2,    623
2026-07-25 18:10:56,2654,0.2,0.1,7.2,    625
2026-07-25 18:10:58,2654,0.2,0.1,7.2,    627
2026-07-25 18:11:00,2654,0.2,0.1,7.2,    629
2026-07-25 18:11:03,2654,0.2,0.1,7.2,    631
2026-07-25 18:11:05,2654,0.2,0.1,7.2,    633
2026-07-25 18:11:07,2654,0.2,0.1,7.2,    635
2026-07-25 18:11:09,2654,0.2,0.1,7.2,    637
2026-07-25 18:11:11,2654,0.2,0.1,7.2,    639
2026-07-25 18:11:13,2654,0.2,0.1,7.2,    641
2026-07-25 18:11:15,2654,0.2,0.1,7.2,    643
2026-07-25 18:11:17,2654,0.2,0.1,7.2,    645
2026-07-25 18:11:19,2654,0.2,0.1,7.2,    648
2026-07-25 18:11:21,2654,0.2,0.1,7.2,    650
2026-07-25 18:11:23,2654,0.2,0.1,7.2,    652
2026-07-25 18:11:25,2654,0.2,0.1,7.2,    654
2026-07-25 18:11:27,2654,0.2,0.1,7.2,    656
2026-07-25 18:11:29,2654,0.2,0.1,7.2,    658
2026-07-25 18:11:31,2654,0.2,0.1,7.2,    660
2026-07-25 18:11:33,2654,0.2,0.1,7.2,    662
2026-07-25 18:11:36,2654,0.2,0.1,7.2,    664
2026-07-25 18:11:38,2654,0.2,0.1,7.2,    666
2026-07-25 18:11:40,2654,0.2,0.1,7.2,    668
2026-07-25 18:11:42,2654,0.2,0.1,7.2,    670
2026-07-25 18:11:44,2654,0.2,0.1,7.2,    672
2026-07-25 18:11:46,2654,0.2,0.1,7.2,    674
2026-07-25 18:11:48,2654,0.2,0.1,7.2,    676
2026-07-25 18:11:50,2654,0.2,0.1,7.2,    678
2026-07-25 18:11:52,2654,0.2,0.1,7.2,    681
2026-07-25 18:11:54,2654,0.2,0.1,7.2,    683
2026-07-25 18:11:56,2654,0.2,0.1,7.2,    685
2026-07-25 18:11:58,2654,0.2,0.1,7.2,    687
2026-07-25 18:12:00,2654,0.2,0.1,7.2,    689
2026-07-25 18:12:02,2654,0.2,0.1,7.2,    691
2026-07-25 18:12:04,2654,0.2,0.1,7.2,    693
2026-07-25 18:12:06,2654,0.2,0.1,7.2,    695
2026-07-25 18:12:09,2654,0.2,0.1,7.2,    697
2026-07-25 18:12:11,2654,0.2,0.1,7.2,    699
2026-07-25 18:12:13,2654,0.2,0.1,7.2,    701
2026-07-25 18:12:15,2654,0.2,0.1,7.2,    703
2026-07-25 18:12:17,2654,0.2,0.1,7.2,    705
2026-07-25 18:12:19,2654,0.2,0.1,7.2,    707
2026-07-25 18:12:21,2654,0.2,0.1,7.2,    709
2026-07-25 18:12:23,2654,0.2,0.1,7.2,    711
2026-07-25 18:12:25,2654,0.2,0.1,7.2,    714
2026-07-25 18:12:27,2654,0.2,0.1,7.2,    716
2026-07-25 18:12:29,2654,0.2,0.1,7.2,    718
2026-07-25 18:12:31,2654,0.2,0.1,7.2,    720
2026-07-25 18:12:33,2654,0.2,0.1,7.2,    722
2026-07-25 18:12:35,2654,0.2,0.1,7.2,    724
2026-07-25 18:12:37,2654,0.2,0.1,7.2,    726
2026-07-25 18:12:39,2654,0.2,0.1,7.2,    728
2026-07-25 18:12:42,2654,0.2,0.1,7.2,    730
2026-07-25 18:12:44,2654,0.2,0.1,7.2,    732
2026-07-25 18:12:46,2654,0.2,0.1,7.2,    734
2026-07-25 18:12:48,2654,0.2,0.1,7.2,    736
2026-07-25 18:12:50,2654,0.2,0.1,7.2,    738
2026-07-25 18:12:52,2654,0.2,0.1,7.2,    740
2026-07-25 18:12:54,2654,0.2,0.1,7.2,    742
2026-07-25 18:12:56,2654,0.2,0.1,7.2,    744
2026-07-25 18:12:58,2654,0.2,0.1,7.2,    747
2026-07-25 18:13:00,2654,0.2,0.1,7.2,    749
2026-07-25 18:13:02,2654,0.2,0.1,7.2,    751
2026-07-25 18:13:04,2654,0.2,0.1,7.2,    753
2026-07-25 18:13:06,2654,0.2,0.1,7.2,    755
2026-07-25 18:13:08,2654,0.2,0.1,7.2,    757
2026-07-25 18:13:10,2654,0.2,0.1,7.2,    759
2026-07-25 18:13:12,2654,0.2,0.1,7.2,    761
2026-07-25 18:13:15,2654,0.2,0.1,7.2,    763
2026-07-25 18:13:17,2654,0.2,0.1,7.2,    765
2026-07-25 18:13:19,2654,0.2,0.1,7.2,    767
2026-07-25 18:13:21,2654,0.2,0.1,7.2,    769
2026-07-25 18:13:23,2654,0.2,0.1,7.2,    771
2026-07-25 18:13:25,2654,0.2,0.1,7.2,    773
2026-07-25 18:13:27,2654,0.2,0.1,7.2,    775
2026-07-25 18:13:29,2654,0.2,0.1,7.2,    778
2026-07-25 18:13:31,2654,0.2,0.1,7.2,    780
2026-07-25 18:13:33,2654,0.2,0.1,7.2,    782
2026-07-25 18:13:35,2654,0.2,0.1,7.2,    784
2026-07-25 18:13:37,2654,0.2,0.1,7.2,    786
2026-07-25 18:13:39,2654,0.2,0.1,7.2,    788
2026-07-25 18:13:41,2654,0.2,0.1,7.2,    790
2026-07-25 18:13:43,2654,0.2,0.1,7.2,    792
2026-07-25 18:13:46,2654,0.2,0.1,7.2,    794
2026-07-25 18:13:48,2654,0.2,0.1,7.2,    796
2026-07-25 18:13:50,2654,0.2,0.1,7.2,    798
2026-07-25 18:13:52,2654,0.2,0.1,7.2,    800
2026-07-25 18:13:54,2654,0.2,0.1,7.2,    802
2026-07-25 18:13:56,2654,0.2,0.1,7.2,    804
2026-07-25 18:13:58,2654,0.2,0.1,7.2,    806
2026-07-25 18:14:00,2654,0.2,0.1,7.2,    808
2026-07-25 18:14:02,2654,0.2,0.1,7.2,    811
2026-07-25 18:14:04,2654,0.2,0.1,7.2,    813
2026-07-25 18:14:06,2654,0.2,0.1,7.2,    815
2026-07-25 18:14:08,2654,0.2,0.1,7.2,    817
2026-07-25 18:14:10,2654,0.2,0.1,7.2,    819
2026-07-25 18:14:12,2654,0.2,0.1,7.2,    821
2026-07-25 18:14:14,2654,0.2,0.1,7.2,    823
2026-07-25 18:14:16,2654,0.2,0.1,7.2,    825
2026-07-25 18:14:19,2654,0.2,0.1,7.2,    827
2026-07-25 18:14:21,2654,0.2,0.1,7.2,    829
2026-07-25 18:14:23,2654,0.2,0.1,7.2,    831
2026-07-25 18:14:25,2654,0.2,0.1,7.2,    833
2026-07-25 18:14:27,2654,0.2,0.1,7.2,    835
2026-07-25 18:14:29,2654,0.2,0.1,7.2,    837
2026-07-25 18:14:31,2654,0.2,0.1,7.2,    839
2026-07-25 18:14:33,2654,0.2,0.1,7.2,    841
2026-07-25 18:14:35,2654,0.2,0.1,7.2,    844
2026-07-25 18:14:37,2654,0.2,0.1,7.2,    846
2026-07-25 18:14:39,2654,0.2,0.1,7.2,    848
2026-07-25 18:14:41,2654,0.2,0.1,7.2,    850
2026-07-25 18:14:43,2654,0.2,0.1,7.2,    852
2026-07-25 18:14:45,2654,0.2,0.1,7.2,    854
2026-07-25 18:14:47,2654,0.2,0.1,7.2,    856
2026-07-25 18:14:50,2654,0.2,0.1,7.2,    858
2026-07-25 18:14:52,2654,0.2,0.1,7.2,    860
2026-07-25 18:14:54,2654,0.2,0.1,7.2,    862
2026-07-25 18:14:56,2654,0.2,0.1,7.2,    864
2026-07-25 18:14:58,2654,0.2,0.1,7.2,    866
2026-07-25 18:15:00,2654,0.2,0.1,7.2,    868
2026-07-25 18:15:02,2654,0.2,0.1,7.2,    870
2026-07-25 18:15:04,2654,0.2,0.1,7.2,    872
2026-07-25 18:15:06,2654,0.2,0.1,7.2,    875
2026-07-25 18:15:08,2654,0.2,0.1,7.2,    877
2026-07-25 18:15:10,2654,0.2,0.1,7.2,    879
2026-07-25 18:15:12,2654,0.2,0.1,7.2,    881
2026-07-25 18:15:14,2654,0.2,0.1,7.2,    883
2026-07-25 18:15:16,2654,0.2,0.1,7.2,    885
2026-07-25 18:15:18,2654,0.2,0.1,7.2,    887
2026-07-25 18:15:20,2654,0.2,0.1,7.2,    889
2026-07-25 18:15:23,2654,0.2,0.1,7.2,    891
2026-07-25 18:15:25,2654,0.2,0.1,7.2,    893
2026-07-25 18:15:27,2654,0.2,0.1,7.2,    895
2026-07-25 18:15:29,2654,0.2,0.1,7.2,    897
2026-07-25 18:15:31,2654,0.2,0.1,7.2,    899
2026-07-25 18:15:33,2654,0.2,0.1,7.2,    901
2026-07-25 18:15:35,2654,0.2,0.1,7.2,    903
2026-07-25 18:15:37,2654,0.2,0.1,7.2,    906
2026-07-25 18:15:39,2654,0.2,0.1,7.2,    908
2026-07-25 18:15:41,2654,0.2,0.1,7.2,    910
2026-07-25 18:15:43,2654,0.2,0.1,7.2,    912
2026-07-25 18:15:45,2654,0.2,0.1,7.2,    914
2026-07-25 18:15:47,2654,0.2,0.1,7.2,    916
2026-07-25 18:15:49,2654,0.2,0.1,7.2,    918
2026-07-25 18:15:51,2654,0.2,0.1,7.2,    920
2026-07-25 18:15:54,2654,0.2,0.1,7.2,    922
2026-07-25 18:15:56,2654,0.2,0.1,7.2,    924
2026-07-25 18:15:58,2654,0.2,0.1,7.2,    926
2026-07-25 18:16:00,2654,0.2,0.1,7.2,    928
2026-07-25 18:16:02,2654,0.2,0.1,7.2,    930
2026-07-25 18:16:04,2654,0.2,0.1,7.2,    932
2026-07-25 18:16:06,2654,0.2,0.1,7.2,    934
2026-07-25 18:16:08,2654,0.2,0.1,7.2,    937
2026-07-25 18:16:10,2654,0.2,0.1,7.2,    939
2026-07-25 18:16:12,2654,0.2,0.1,7.2,    941
2026-07-25 18:16:14,2654,0.2,0.1,7.2,    943
2026-07-25 18:16:16,2654,0.2,0.1,7.2,    945
2026-07-25 18:16:18,2654,0.2,0.1,7.2,    947
2026-07-25 18:16:20,2654,0.2,0.1,7.2,    949
2026-07-25 18:16:22,2654,0.2,0.1,7.2,    951
2026-07-25 18:16:24,2654,0.2,0.1,7.2,    953
2026-07-25 18:16:27,2654,0.2,0.1,7.2,    955
2026-07-25 18:16:29,2654,0.2,0.1,7.2,    957
2026-07-25 18:16:31,2654,0.2,0.1,7.2,    959
2026-07-25 18:16:33,2654,0.2,0.1,7.2,    961
2026-07-25 18:16:35,2654,0.2,0.1,7.2,    963
2026-07-25 18:16:37,2654,0.2,0.1,7.2,    965
2026-07-25 18:16:39,2654,0.2,0.1,7.2,    967
2026-07-25 18:16:41,2654,0.2,0.1,7.2,    970
2026-07-25 18:16:43,2654,0.2,0.1,7.2,    972
2026-07-25 18:16:45,2654,0.2,0.1,7.2,    974
2026-07-25 18:16:47,2654,0.2,0.1,7.2,    976
2026-07-25 18:16:49,2654,0.2,0.1,7.2,    978
2026-07-25 18:16:51,2654,0.2,0.1,7.2,    980
2026-07-25 18:16:53,2654,0.2,0.1,7.2,    982
2026-07-25 18:16:55,2654,0.2,0.1,7.2,    984
2026-07-25 18:16:58,2654,0.2,0.1,7.2,    986
2026-07-25 18:17:00,2654,0.2,0.1,7.2,    988
2026-07-25 18:17:02,2654,0.2,0.1,7.2,    990
2026-07-25 18:17:04,2654,0.2,0.1,7.2,    992
2026-07-25 18:17:06,2654,0.2,0.1,7.2,    994
2026-07-25 18:17:08,2654,0.2,0.1,7.2,    996
2026-07-25 18:17:10,2654,0.2,0.1,7.2,    998
2026-07-25 18:17:12,2654,0.2,0.1,7.2,   1001
2026-07-25 18:17:14,2654,0.2,0.1,7.2,   1003
2026-07-25 18:17:16,2654,0.2,0.1,7.2,   1005
2026-07-25 18:17:18,2654,0.2,0.1,7.2,   1007
2026-07-25 18:17:20,2654,0.2,0.1,7.2,   1009
2026-07-25 18:17:22,2654,0.2,0.1,7.2,   1011
2026-07-25 18:17:24,2654,0.2,0.1,7.2,   1013
2026-07-25 18:17:26,2654,0.2,0.1,7.2,   1015
2026-07-25 18:17:29,2654,0.2,0.1,7.2,   1017
2026-07-25 18:17:31,2654,0.2,0.1,7.2,   1019
2026-07-25 18:17:33,2654,0.2,0.1,7.2,   1021
2026-07-25 18:17:35,2654,0.2,0.1,7.2,   1023
2026-07-25 18:17:37,2654,0.2,0.1,7.2,   1025
2026-07-25 18:17:39,2654,0.2,0.1,7.2,   1027
2026-07-25 18:17:41,2654,0.2,0.1,7.2,   1029
2026-07-25 18:17:43,2654,0.2,0.1,7.2,   1031
2026-07-25 18:17:45,2654,0.2,0.1,7.2,   1034
2026-07-25 18:17:47,2654,0.2,0.1,7.2,   1036
2026-07-25 18:17:49,2654,0.2,0.1,7.2,   1038
2026-07-25 18:17:51,2654,0.2,0.1,7.2,   1040
2026-07-25 18:17:53,2654,0.2,0.1,7.2,   1042
2026-07-25 18:17:55,2654,0.2,0.1,7.2,   1044
2026-07-25 18:17:57,2654,0.2,0.1,7.2,   1046
2026-07-25 18:17:59,2654,0.2,0.1,7.2,   1048
2026-07-25 18:18:02,2654,0.2,0.1,7.2,   1050
2026-07-25 18:18:04,2654,0.2,0.1,7.2,   1052
2026-07-25 18:18:06,2654,0.2,0.1,7.2,   1054
2026-07-25 18:18:08,2654,0.2,0.1,7.2,   1056
2026-07-25 18:18:10,2654,0.2,0.1,7.2,   1058
2026-07-25 18:18:12,2654,0.2,0.1,7.2,   1060
2026-07-25 18:18:14,2654,0.2,0.1,7.2,   1062
2026-07-25 18:18:16,2654,0.2,0.1,7.2,   1064
2026-07-25 18:18:18,2654,0.2,0.1,7.2,   1067
2026-07-25 18:18:20,2654,0.2,0.1,7.2,   1069
2026-07-25 18:18:22,2654,0.2,0.1,7.2,   1071
2026-07-25 18:18:24,2654,0.2,0.1,7.2,   1073
2026-07-25 18:18:26,2654,0.2,0.1,7.2,   1075
2026-07-25 18:18:28,2654,0.2,0.1,7.2,   1077
2026-07-25 18:18:30,2654,0.2,0.1,7.2,   1079
2026-07-25 18:18:32,2654,0.2,0.1,7.2,   1081
2026-07-25 18:18:34,2654,0.2,0.1,7.2,   1083
2026-07-25 18:18:37,2654,0.2,0.1,7.2,   1085
2026-07-25 18:18:39,2654,0.2,0.1,7.2,   1087
2026-07-25 18:18:41,2654,0.2,0.1,7.2,   1089
2026-07-25 18:18:43,2654,0.2,0.1,7.2,   1091
2026-07-25 18:18:45,2654,0.2,0.1,7.2,   1093
2026-07-25 18:18:47,2654,0.2,0.1,7.2,   1095
2026-07-25 18:18:49,2654,0.2,0.1,7.2,   1097
2026-07-25 18:18:51,2654,0.2,0.1,7.2,   1100
2026-07-25 18:18:53,2654,0.2,0.1,7.2,   1102
2026-07-25 18:18:55,2654,0.2,0.1,7.2,   1104
2026-07-25 18:18:57,2654,0.2,0.1,7.2,   1106
2026-07-25 18:18:59,2654,0.2,0.1,7.2,   1108
2026-07-25 18:19:01,2654,0.2,0.1,7.2,   1110
2026-07-25 18:19:03,2654,0.2,0.1,7.2,   1112
2026-07-25 18:19:05,2654,0.2,0.1,7.2,   1114
2026-07-25 18:19:08,2654,0.2,0.1,7.2,   1116
2026-07-25 18:19:10,2654,0.2,0.1,7.2,   1118
2026-07-25 18:19:12,2654,0.2,0.1,7.2,   1120
2026-07-25 18:19:14,2654,0.2,0.1,7.2,   1122
2026-07-25 18:19:16,2654,0.2,0.1,7.2,   1124
2026-07-25 18:19:18,2654,0.2,0.1,7.2,   1126
2026-07-25 18:19:20,2654,0.2,0.1,7.2,   1128
2026-07-25 18:19:22,2654,0.2,0.1,7.2,   1131
2026-07-25 18:19:24,2654,0.2,0.1,7.2,   1133
2026-07-25 18:19:26,2654,0.2,0.1,7.2,   1135
2026-07-25 18:19:28,2654,0.2,0.1,7.2,   1137
2026-07-25 18:19:30,2654,0.2,0.1,7.2,   1139
2026-07-25 18:19:32,2654,0.2,0.1,7.2,   1141
2026-07-25 18:19:34,2654,0.2,0.1,7.2,   1143
2026-07-25 18:19:36,2654,0.2,0.1,7.2,   1145
2026-07-25 18:19:39,2654,0.2,0.1,7.2,   1147
2026-07-25 18:19:41,2654,0.2,0.1,7.2,   1149
2026-07-25 18:19:43,2654,0.2,0.1,7.2,   1151
2026-07-25 18:19:45,2654,0.2,0.1,7.2,   1153
2026-07-25 18:19:47,2654,0.2,0.1,7.2,   1155
2026-07-25 18:19:49,2654,0.2,0.1,7.2,   1157
2026-07-25 18:19:51,2654,0.2,0.1,7.2,   1159
2026-07-25 18:19:53,2654,0.2,0.1,7.2,   1161
2026-07-25 18:19:55,2654,0.2,0.1,7.2,   1163
2026-07-25 18:19:57,2654,0.2,0.1,7.2,   1166
2026-07-25 18:19:59,2654,0.2,0.1,7.2,   1168
2026-07-25 18:20:01,2654,0.2,0.1,7.2,   1170
2026-07-25 18:20:03,2654,0.2,0.1,7.2,   1172
2026-07-25 18:20:05,2654,0.2,0.1,7.2,   1174
2026-07-25 18:20:07,2654,0.2,0.1,7.2,   1176
2026-07-25 18:20:09,2654,0.2,0.1,7.2,   1178
2026-07-25 18:20:11,2654,0.2,0.1,7.2,   1180
2026-07-25 18:20:14,2654,0.2,0.1,7.2,   1182
2026-07-25 18:20:16,2654,0.2,0.1,7.2,   1184
2026-07-25 18:20:18,2654,0.2,0.1,7.2,   1186
2026-07-25 18:20:20,2654,0.2,0.1,7.2,   1188
2026-07-25 18:20:22,2654,0.2,0.1,7.2,   1190
2026-07-25 18:20:24,2654,0.2,0.1,7.2,   1192
2026-07-25 18:20:26,2654,0.2,0.1,7.2,   1194
2026-07-25 18:20:28,2654,0.2,0.1,7.2,   1197
2026-07-25 18:20:30,2654,0.2,0.1,7.2,   1199
2026-07-25 18:20:32,2654,0.2,0.1,7.2,   1201
2026-07-25 18:20:34,2654,0.2,0.1,7.2,   1203
2026-07-25 18:20:36,2654,0.2,0.1,7.2,   1205
2026-07-25 18:20:38,2654,0.2,0.1,7.2,   1207
2026-07-25 18:20:40,2654,0.2,0.1,7.2,   1209
2026-07-25 18:20:42,2654,0.2,0.1,7.2,   1211
2026-07-25 18:20:45,2654,0.2,0.1,7.2,   1213
2026-07-25 18:20:47,2654,0.2,0.1,7.2,   1215
2026-07-25 18:20:49,2654,0.2,0.1,7.2,   1217
2026-07-25 18:20:51,2654,0.2,0.1,7.2,   1219
2026-07-25 18:20:53,2654,0.2,0.1,7.2,   1221
2026-07-25 18:20:55,2654,0.2,0.1,7.2,   1223
2026-07-25 18:20:57,2654,0.2,0.1,7.2,   1225
2026-07-25 18:20:59,2654,0.2,0.1,7.2,   1227
2026-07-25 18:21:01,2654,0.2,0.1,7.2,   1230
2026-07-25 18:21:03,2654,0.2,0.1,7.2,   1232
2026-07-25 18:21:05,2654,0.2,0.1,7.2,   1234
2026-07-25 18:21:07,2654,0.2,0.1,7.2,   1236
2026-07-25 18:21:09,2654,0.2,0.1,7.2,   1238
2026-07-25 18:21:11,2654,0.2,0.1,7.2,   1240
2026-07-25 18:21:13,2654,0.2,0.1,7.2,   1242
2026-07-25 18:21:15,2654,0.2,0.1,7.2,   1244
2026-07-25 18:21:18,2654,0.2,0.1,7.2,   1246
2026-07-25 18:21:20,2654,0.2,0.1,7.2,   1248
2026-07-25 18:21:22,2654,0.2,0.1,7.2,   1250
2026-07-25 18:21:24,2654,0.2,0.1,7.2,   1252
2026-07-25 18:21:26,2654,0.2,0.1,7.2,   1254
2026-07-25 18:21:28,2654,0.2,0.1,7.2,   1256
2026-07-25 18:21:30,2654,0.2,0.1,7.2,   1258
2026-07-25 18:21:32,2654,0.2,0.1,7.2,   1261
2026-07-25 18:21:34,2654,0.2,0.1,7.2,   1263
2026-07-25 18:21:36,2654,0.2,0.1,7.2,   1265
2026-07-25 18:21:38,2654,0.2,0.1,7.2,   1267
2026-07-25 18:21:40,2654,0.2,0.1,7.2,   1269
2026-07-25 18:21:42,2654,0.2,0.1,7.2,   1271
2026-07-25 18:21:44,2654,0.2,0.1,7.2,   1273
2026-07-25 18:21:46,2654,0.2,0.1,7.2,   1275
2026-07-25 18:21:48,2654,0.2,0.1,7.2,   1277
2026-07-25 18:21:51,2654,0.2,0.1,7.2,   1279
2026-07-25 18:21:53,2654,0.2,0.1,7.2,   1281
2026-07-25 18:21:55,2654,0.2,0.1,7.2,   1283
2026-07-25 18:21:57,2654,0.2,0.1,7.2,   1285
2026-07-25 18:21:59,2654,0.2,0.1,7.2,   1287
2026-07-25 18:22:01,2654,0.2,0.1,7.2,   1289
2026-07-25 18:22:03,2654,0.2,0.1,7.2,   1292
2026-07-25 18:22:05,2654,0.2,0.1,7.2,   1294
2026-07-25 18:22:07,2654,0.2,0.1,7.2,   1296
2026-07-25 18:22:09,2654,0.2,0.1,7.2,   1298
2026-07-25 18:22:11,2654,0.2,0.1,7.2,   1300
2026-07-25 18:22:13,2654,0.2,0.1,7.2,   1302
2026-07-25 18:22:15,2654,0.2,0.1,7.2,   1304
2026-07-25 18:22:17,2654,0.2,0.1,7.2,   1306
2026-07-25 18:22:20,2654,0.2,0.1,7.2,   1308
2026-07-25 18:22:22,2654,0.2,0.1,7.2,   1310
2026-07-25 18:22:24,2654,0.2,0.1,7.2,   1312
2026-07-25 18:22:26,2654,0.2,0.1,7.2,   1314
2026-07-25 18:22:28,2654,0.2,0.1,7.2,   1316
2026-07-25 18:22:30,2654,0.2,0.1,7.2,   1318
2026-07-25 18:22:32,2654,0.2,0.1,7.2,   1320
2026-07-25 18:22:34,2654,0.2,0.1,7.2,   1323
2026-07-25 18:22:36,2654,0.2,0.1,7.2,   1325
2026-07-25 18:22:38,2654,0.2,0.1,7.2,   1327
2026-07-25 18:22:40,2654,0.2,0.1,7.2,   1329
2026-07-25 18:22:42,2654,0.2,0.1,7.2,   1331
2026-07-25 18:22:44,2654,0.2,0.1,7.2,   1333
2026-07-25 18:22:46,2654,0.2,0.1,7.2,   1335
2026-07-25 18:22:49,2654,0.2,0.1,7.2,   1337
2026-07-25 18:22:51,2654,0.2,0.1,7.2,   1339
2026-07-25 18:22:53,2654,0.2,0.1,7.2,   1341
2026-07-25 18:22:55,2654,0.2,0.1,7.2,   1343
2026-07-25 18:22:57,2654,0.2,0.1,7.2,   1345
2026-07-25 18:22:59,2654,0.2,0.1,7.2,   1347
2026-07-25 18:23:01,2654,0.2,0.1,7.2,   1349
2026-07-25 18:23:03,2654,0.2,0.1,7.2,   1351
2026-07-25 18:23:05,2654,0.2,0.1,7.2,   1354
2026-07-25 18:23:07,2654,0.2,0.1,7.2,   1356
2026-07-25 18:23:09,2654,0.2,0.1,7.2,   1358
2026-07-25 18:23:11,2654,0.2,0.1,7.2,   1360
2026-07-25 18:23:13,2654,0.2,0.1,7.2,   1362
2026-07-25 18:23:15,2654,0.2,0.1,7.2,   1364
2026-07-25 18:23:17,2654,0.2,0.1,7.2,   1366
2026-07-25 18:23:19,2654,0.2,0.1,7.2,   1368
2026-07-25 18:23:22,2654,0.2,0.1,7.2,   1370
2026-07-25 18:23:24,2654,0.2,0.1,7.2,   1372
2026-07-25 18:23:26,2654,0.2,0.1,7.2,   1374
2026-07-25 18:23:28,2654,0.2,0.1,7.2,   1376
2026-07-25 18:23:30,2654,0.2,0.1,7.2,   1378
2026-07-25 18:23:32,2654,0.2,0.1,7.2,   1380
2026-07-25 18:23:34,2654,0.2,0.1,7.2,   1382
2026-07-25 18:23:36,2654,0.2,0.1,7.2,   1384
2026-07-25 18:23:38,2654,0.2,0.1,7.2,   1387
2026-07-25 18:23:40,2654,0.2,0.1,7.2,   1389
2026-07-25 18:23:42,2654,0.2,0.1,7.2,   1391
2026-07-25 18:23:44,2654,0.2,0.1,7.2,   1393
2026-07-25 18:23:46,2654,0.2,0.1,7.2,   1395
2026-07-25 18:23:48,2654,0.2,0.1,7.2,   1397
2026-07-25 18:23:50,2654,0.2,0.1,7.2,   1399
2026-07-25 18:23:52,2654,0.2,0.1,7.2,   1401
2026-07-25 18:23:55,2654,0.2,0.1,7.2,   1403
2026-07-25 18:23:57,2654,0.2,0.1,7.2,   1405
2026-07-25 18:23:59,2654,0.2,0.1,7.2,   1407
2026-07-25 18:24:01,2654,0.2,0.1,7.2,   1409
2026-07-25 18:24:03,2654,0.2,0.1,7.2,   1411
2026-07-25 18:24:05,2654,0.2,0.1,7.2,   1413
2026-07-25 18:24:07,2654,0.2,0.1,7.2,   1415
2026-07-25 18:24:09,2654,0.2,0.1,7.2,   1418
2026-07-25 18:24:11,2654,0.2,0.1,7.2,   1420
2026-07-25 18:24:13,2654,0.2,0.1,7.2,   1422
2026-07-25 18:24:15,2654,0.2,0.1,7.2,   1424
2026-07-25 18:24:17,2654,0.2,0.1,7.2,   1426
2026-07-25 18:24:19,2654,0.2,0.1,7.2,   1428
2026-07-25 18:24:21,2654,0.2,0.1,7.2,   1430
2026-07-25 18:24:23,2654,0.2,0.1,7.2,   1432
2026-07-25 18:24:25,2654,0.2,0.1,7.2,   1434
2026-07-25 18:24:28,2654,0.2,0.1,7.2,   1436
2026-07-25 18:24:30,2654,0.2,0.1,7.2,   1438
2026-07-25 18:24:32,2654,0.2,0.1,7.2,   1440
2026-07-25 18:24:34,2654,0.2,0.1,7.2,   1442
2026-07-25 18:24:36,2654,0.2,0.1,7.2,   1444
2026-07-25 18:24:38,2654,0.2,0.1,7.2,   1446
2026-07-25 18:24:40,2654,0.2,0.1,7.2,   1448
2026-07-25 18:24:42,2654,0.2,0.1,7.2,   1450
2026-07-25 18:24:44,2654,0.2,0.1,7.2,   1453
2026-07-25 18:24:46,2654,0.2,0.1,7.2,   1455
2026-07-25 18:24:48,2654,0.2,0.1,7.2,   1457
2026-07-25 18:24:50,2654,0.2,0.1,7.2,   1459
2026-07-25 18:24:52,2654,0.2,0.1,7.2,   1461
2026-07-25 18:24:54,2654,0.2,0.1,7.2,   1463
2026-07-25 18:24:56,2654,0.2,0.1,7.2,   1465
2026-07-25 18:24:58,2654,0.2,0.1,7.2,   1467
2026-07-25 18:25:01,2654,0.2,0.1,7.2,   1469
2026-07-25 18:25:03,2654,0.2,0.1,7.2,   1471
2026-07-25 18:25:05,2654,0.2,0.1,7.2,   1473
2026-07-25 18:25:07,2654,0.2,0.1,7.2,   1475
2026-07-25 18:25:09,2654,0.2,0.1,7.2,   1477
2026-07-25 18:25:11,2654,0.2,0.1,7.2,   1479
2026-07-25 18:25:13,2654,0.2,0.1,7.2,   1481
2026-07-25 18:25:15,2654,0.2,0.1,7.2,   1483
2026-07-25 18:25:17,2654,0.2,0.1,7.2,   1486
2026-07-25 18:25:19,2654,0.2,0.1,7.2,   1488
2026-07-25 18:25:21,2654,0.2,0.1,7.2,   1490
2026-07-25 18:25:23,2654,0.2,0.1,7.2,   1492
2026-07-25 18:25:25,2654,0.2,0.1,7.2,   1494
2026-07-25 18:25:27,2654,0.2,0.1,7.2,   1496
2026-07-25 18:25:29,2654,0.2,0.1,7.2,   1498
2026-07-25 18:25:31,2654,0.2,0.1,7.2,   1500
2026-07-25 18:25:34,2654,0.2,0.1,7.2,   1502
2026-07-25 18:25:36,2654,0.2,0.1,7.2,   1504
2026-07-25 18:25:38,2654,0.2,0.1,7.2,   1506
2026-07-25 18:25:40,2654,0.2,0.1,7.2,   1508
2026-07-25 18:25:42,2654,0.2,0.1,7.2,   1510
2026-07-25 18:25:44,2654,0.2,0.1,7.2,   1512
2026-07-25 18:25:46,2654,0.2,0.1,7.2,   1514
2026-07-25 18:25:48,2654,0.2,0.1,7.2,   1517
2026-07-25 18:25:50,2654,0.2,0.1,7.2,   1519
2026-07-25 18:25:52,2654,0.2,0.1,7.2,   1521
2026-07-25 18:25:54,2654,0.2,0.1,7.2,   1523
2026-07-25 18:25:56,2654,0.2,0.1,7.2,   1525
2026-07-25 18:25:58,2654,0.2,0.1,7.2,   1527
2026-07-25 18:26:00,2654,0.2,0.1,7.2,   1529
2026-07-25 18:26:02,2654,0.2,0.1,7.2,   1531
2026-07-25 18:26:05,2654,0.2,0.1,7.2,   1533
2026-07-25 18:26:07,2654,0.2,0.1,7.2,   1535
2026-07-25 18:26:09,2654,0.2,0.1,7.2,   1537
2026-07-25 18:26:11,2654,0.2,0.1,7.2,   1539
2026-07-25 18:26:13,2654,0.2,0.1,7.2,   1541
2026-07-25 18:26:15,2654,0.2,0.1,7.2,   1543
2026-07-25 18:26:17,2654,0.2,0.1,7.2,   1545
2026-07-25 18:26:19,2654,0.2,0.1,7.2,   1547
2026-07-25 18:26:21,2654,0.2,0.1,7.2,   1550
2026-07-25 18:26:23,2654,0.2,0.1,7.2,   1552
2026-07-25 18:26:25,2654,0.2,0.1,7.2,   1554
2026-07-25 18:26:27,2654,0.2,0.1,7.2,   1556
2026-07-25 18:26:29,2654,0.2,0.1,7.2,   1558
2026-07-25 18:26:31,2654,0.2,0.1,7.2,   1560
2026-07-25 18:26:33,2654,0.2,0.1,7.2,   1562
2026-07-25 18:26:35,2654,0.2,0.1,7.2,   1564
2026-07-25 18:26:38,2654,0.2,0.1,7.2,   1566
2026-07-25 18:26:40,2654,0.2,0.1,7.2,   1568
2026-07-25 18:26:42,2654,0.2,0.1,7.2,   1570
2026-07-25 18:26:44,2654,0.2,0.1,7.2,   1572
2026-07-25 18:26:46,2654,0.2,0.1,7.2,   1574
2026-07-25 18:26:48,2654,0.2,0.1,7.2,   1576
2026-07-25 18:26:50,2654,0.2,0.1,7.2,   1578
2026-07-25 18:26:52,2654,0.2,0.1,7.2,   1581
2026-07-25 18:26:54,2654,0.2,0.1,7.2,   1583
2026-07-25 18:26:56,2654,0.2,0.1,7.2,   1585
2026-07-25 18:26:58,2654,0.2,0.1,7.2,   1587
2026-07-25 18:27:00,2654,0.2,0.1,7.2,   1589
2026-07-25 18:27:02,2654,0.2,0.1,7.2,   1591
2026-07-25 18:27:04,2654,0.2,0.1,7.2,   1593
2026-07-25 18:27:06,2654,0.2,0.1,7.2,   1595
2026-07-25 18:27:08,2654,0.2,0.1,7.2,   1597
2026-07-25 18:27:11,2654,0.2,0.1,7.2,   1599
2026-07-25 18:27:13,2654,0.2,0.1,7.2,   1601
2026-07-25 18:27:15,2654,0.2,0.1,7.2,   1603
2026-07-25 18:27:17,2654,0.2,0.1,7.2,   1605
2026-07-25 18:27:19,2654,0.2,0.1,7.2,   1607
2026-07-25 18:27:21,2654,0.2,0.1,7.2,   1609
2026-07-25 18:27:23,2654,0.2,0.1,7.2,   1611
2026-07-25 18:27:25,2654,0.2,0.1,7.2,   1614
2026-07-25 18:27:27,2654,0.2,0.1,7.2,   1616
2026-07-25 18:27:29,2654,0.2,0.1,7.2,   1618
2026-07-25 18:27:31,2654,0.2,0.1,7.2,   1620
2026-07-25 18:27:33,2654,0.2,0.1,7.2,   1622
2026-07-25 18:27:35,2654,0.2,0.1,7.2,   1624
2026-07-25 18:27:37,2654,0.2,0.1,7.2,   1626
2026-07-25 18:27:39,2654,0.2,0.1,7.2,   1628
2026-07-25 18:27:41,2654,0.2,0.1,7.2,   1630
2026-07-25 18:27:44,2654,0.2,0.1,7.2,   1632
2026-07-25 18:27:46,2654,0.2,0.1,7.2,   1634
2026-07-25 18:27:48,2654,0.2,0.1,7.2,   1636
2026-07-25 18:27:50,2654,0.2,0.1,7.2,   1638
2026-07-25 18:27:52,2654,0.2,0.1,7.2,   1640
2026-07-25 18:27:54,2654,0.2,0.1,7.2,   1642
2026-07-25 18:27:56,2654,0.2,0.1,7.2,   1644
2026-07-25 18:27:58,2654,0.2,0.1,7.2,   1647
2026-07-25 18:28:00,2654,0.2,0.1,7.2,   1649
2026-07-25 18:28:02,2654,0.2,0.1,7.2,   1651
2026-07-25 18:28:04,2654,0.2,0.1,7.2,   1653
2026-07-25 18:28:06,2654,0.2,0.1,7.2,   1655
2026-07-25 18:28:08,2654,0.2,0.1,7.2,   1657
2026-07-25 18:28:10,2654,0.2,0.1,7.2,   1659
2026-07-25 18:28:12,2654,0.2,0.1,7.2,   1661
2026-07-25 18:28:14,2654,0.2,0.1,7.2,   1663
2026-07-25 18:28:17,2654,0.2,0.1,7.2,   1665
2026-07-25 18:28:19,2654,0.2,0.1,7.2,   1667
2026-07-25 18:28:21,2654,0.2,0.1,7.2,   1669
2026-07-25 18:28:23,2654,0.2,0.1,7.2,   1671
2026-07-25 18:28:25,2654,0.2,0.1,7.2,   1673
2026-07-25 18:28:27,2654,0.2,0.1,7.2,   1675
2026-07-25 18:28:29,2654,0.2,0.1,7.2,   1677
2026-07-25 18:28:31,2654,0.2,0.1,7.2,   1680
2026-07-25 18:28:33,2654,0.2,0.1,7.2,   1682
2026-07-25 18:28:35,2654,0.2,0.1,7.2,   1684
2026-07-25 18:28:37,2654,0.2,0.1,7.2,   1686
2026-07-25 18:28:39,2654,0.2,0.1,7.2,   1688
2026-07-25 18:28:41,2654,0.2,0.1,7.2,   1690
2026-07-25 18:28:43,2654,0.2,0.1,7.2,   1692
2026-07-25 18:28:46,2654,0.2,0.1,7.2,   1694
2026-07-25 18:28:48,2654,0.2,0.1,7.2,   1696
2026-07-25 18:28:50,2654,0.2,0.1,7.2,   1698
2026-07-25 18:28:52,2654,0.2,0.1,7.2,   1700
2026-07-25 18:28:54,2654,0.2,0.1,7.2,   1702
2026-07-25 18:28:56,2654,0.2,0.1,7.2,   1704
2026-07-25 18:28:58,2654,0.2,0.1,7.2,   1706
2026-07-25 18:29:00,2654,0.2,0.1,7.2,   1709
2026-07-25 18:29:02,2654,0.2,0.1,7.2,   1711
2026-07-25 18:29:04,2654,0.2,0.1,7.2,   1713
2026-07-25 18:29:06,2654,0.2,0.1,7.2,   1715
2026-07-25 18:29:08,2654,0.2,0.1,7.2,   1717
2026-07-25 18:29:10,2654,0.2,0.1,7.2,   1719
2026-07-25 18:29:12,2654,0.2,0.1,7.2,   1721
2026-07-25 18:29:14,2654,0.2,0.1,7.2,   1723
2026-07-25 18:29:16,2654,0.2,0.1,7.2,   1725
2026-07-25 18:29:19,2654,0.2,0.1,7.2,   1727
2026-07-25 18:29:21,2654,0.2,0.1,7.2,   1729
2026-07-25 18:29:23,2654,0.2,0.1,7.2,   1731
2026-07-25 18:29:25,2654,0.2,0.1,7.2,   1733
2026-07-25 18:29:27,2654,0.2,0.1,7.2,   1735
2026-07-25 18:29:29,2654,0.2,0.1,7.2,   1737
2026-07-25 18:29:31,2654,0.2,0.1,7.2,   1740
2026-07-25 18:29:33,2654,0.2,0.1,7.2,   1742
2026-07-25 18:29:35,2654,0.2,0.1,7.2,   1744
2026-07-25 18:29:37,2654,0.2,0.1,7.2,   1746
2026-07-25 18:29:39,2654,0.2,0.1,7.2,   1748
2026-07-25 18:29:41,2654,0.2,0.1,7.2,   1750
2026-07-25 18:29:43,2654,0.2,0.1,7.2,   1752
2026-07-25 18:29:45,2654,0.2,0.1,7.2,   1754
2026-07-25 18:29:48,2654,0.2,0.1,7.2,   1756
2026-07-25 18:29:50,2654,0.2,0.1,7.2,   1758
2026-07-25 18:29:52,2654,0.2,0.1,7.2,   1760
2026-07-25 18:29:54,2654,0.2,0.1,7.2,   1762
2026-07-25 18:29:56,2654,0.2,0.1,7.2,   1764
2026-07-25 18:29:58,2654,0.2,0.1,7.2,   1766
2026-07-25 18:30:00,2654,0.2,0.1,7.2,   1768
2026-07-25 18:30:02,2654,0.2,0.1,7.2,   1770
2026-07-25 18:30:04,2654,0.2,0.1,7.2,   1773
2026-07-25 18:30:06,2654,0.2,0.1,7.2,   1775
2026-07-25 18:30:08,2654,0.2,0.1,7.2,   1777
2026-07-25 18:30:10,2654,0.2,0.1,7.2,   1779
2026-07-25 18:30:12,2654,0.2,0.1,7.2,   1781
2026-07-25 18:30:14,2654,0.2,0.1,7.2,   1783
2026-07-25 18:30:16,2654,0.2,0.1,7.2,   1785
2026-07-25 18:30:18,2654,0.2,0.1,7.2,   1787
2026-07-25 18:30:20,2654,0.2,0.1,7.2,   1789
2026-07-25 18:30:23,2654,0.2,0.1,7.2,   1791
2026-07-25 18:30:25,2654,0.2,0.1,7.2,   1793
2026-07-25 18:30:27,2654,0.2,0.1,7.2,   1795
2026-07-25 18:30:29,2654,0.2,0.1,7.2,   1797
2026-07-25 18:30:31,2654,0.2,0.1,7.2,   1799
2026-07-25 18:30:33,2654,0.2,0.1,7.2,   1801
2026-07-25 18:30:35,2654,0.2,0.1,7.2,   1803
2026-07-25 18:30:37,2654,0.2,0.1,7.2,   1806
2026-07-25 18:30:39,2654,0.2,0.1,7.2,   1808
2026-07-25 18:30:41,2654,0.2,0.1,7.2,   1810
2026-07-25 18:30:43,2654,0.2,0.1,7.2,   1812
2026-07-25 18:30:45,2654,0.2,0.1,7.2,   1814
2026-07-25 18:30:47,2654,0.2,0.1,7.2,   1816
2026-07-25 18:30:49,2654,0.2,0.1,7.2,   1818
2026-07-25 18:30:51,2654,0.2,0.1,7.2,   1820
2026-07-25 18:30:53,2654,0.2,0.1,7.2,   1822
2026-07-25 18:30:56,2654,0.2,0.1,7.2,   1824
2026-07-25 18:30:58,2654,0.2,0.1,7.2,   1826
2026-07-25 18:31:00,2654,0.2,0.1,7.2,   1828
2026-07-25 18:31:02,2654,0.2,0.1,7.2,   1830
2026-07-25 18:31:04,2654,0.2,0.1,7.2,   1832
2026-07-25 18:31:06,2654,0.2,0.1,7.2,   1834
2026-07-25 18:31:08,2654,0.2,0.1,7.2,   1836
2026-07-25 18:31:10,2654,0.2,0.1,7.2,   1839
2026-07-25 18:31:12,2654,0.2,0.1,7.2,   1841
2026-07-25 18:31:14,2654,0.2,0.1,7.2,   1843
2026-07-25 18:31:16,2654,0.2,0.1,7.2,   1845
2026-07-25 18:31:18,2654,0.2,0.1,7.2,   1847
2026-07-25 18:31:20,2654,0.2,0.1,7.2,   1849
2026-07-25 18:31:22,2654,0.2,0.1,7.2,   1851
2026-07-25 18:31:24,2654,0.2,0.1,7.2,   1853
2026-07-25 18:31:27,2654,0.2,0.1,7.2,   1855
2026-07-25 18:31:29,2654,0.2,0.1,7.2,   1857
2026-07-25 18:31:31,2654,0.2,0.1,7.2,   1859
2026-07-25 18:31:33,2654,0.2,0.1,7.2,   1861
2026-07-25 18:31:35,2654,0.2,0.1,7.2,   1863
2026-07-25 18:31:37,2654,0.2,0.1,7.2,   1865
2026-07-25 18:31:39,2654,0.2,0.1,7.2,   1867
2026-07-25 18:31:41,2654,0.2,0.1,7.2,   1869
2026-07-25 18:31:43,2654,0.2,0.1,7.2,   1872
2026-07-25 18:31:45,2654,0.2,0.1,7.2,   1874
2026-07-25 18:31:47,2654,0.2,0.1,7.2,   1876
2026-07-25 18:31:49,2654,0.2,0.1,7.2,   1878
2026-07-25 18:31:51,2654,0.2,0.1,7.2,   1880
2026-07-25 18:31:53,2654,0.2,0.1,7.2,   1882
2026-07-25 18:31:55,2654,0.2,0.1,7.2,   1884
2026-07-25 18:31:57,2654,0.2,0.1,7.2,   1886
2026-07-25 18:32:00,2654,0.2,0.1,7.2,   1888
2026-07-25 18:32:02,2654,0.2,0.1,7.2,   1890
2026-07-25 18:32:04,2654,0.2,0.1,7.2,   1892
2026-07-25 18:32:06,2654,0.2,0.1,7.2,   1894
2026-07-25 18:32:08,2654,0.2,0.1,7.2,   1896
2026-07-25 18:32:10,2654,0.2,0.1,7.2,   1898
2026-07-25 18:32:12,2654,0.2,0.1,7.2,   1900
2026-07-25 18:32:14,2654,0.2,0.1,7.2,   1903
2026-07-25 18:32:16,2654,0.2,0.1,7.2,   1905
2026-07-25 18:32:18,2654,0.2,0.1,7.2,   1907
2026-07-25 18:32:20,2654,0.2,0.1,7.2,   1909
2026-07-25 18:32:22,2654,0.2,0.1,7.2,   1911
2026-07-25 18:32:24,2654,0.2,0.1,7.2,   1913
2026-07-25 18:32:26,2654,0.2,0.1,7.2,   1915
2026-07-25 18:32:28,2654,0.2,0.1,7.2,   1917
2026-07-25 18:32:31,2654,0.2,0.1,7.2,   1919
2026-07-25 18:32:33,2654,0.2,0.1,7.2,   1921
2026-07-25 18:32:35,2654,0.2,0.1,7.2,   1923
2026-07-25 18:32:37,2654,0.2,0.1,7.2,   1925
2026-07-25 18:32:39,2654,0.2,0.1,7.2,   1927
2026-07-25 18:32:41,2654,0.2,0.1,7.2,   1929
2026-07-25 18:32:43,2654,0.2,0.1,7.2,   1931
2026-07-25 18:32:45,2654,0.2,0.1,7.2,   1934
2026-07-25 18:32:47,2654,0.2,0.1,7.2,   1936
2026-07-25 18:32:49,2654,0.2,0.1,7.2,   1938
2026-07-25 18:32:51,2654,0.2,0.1,7.2,   1940
2026-07-25 18:32:53,2654,0.2,0.1,7.2,   1942
2026-07-25 18:32:55,2654,0.2,0.1,7.2,   1944
2026-07-25 18:32:57,2654,0.2,0.1,7.2,   1946
2026-07-25 18:32:59,2654,0.2,0.1,7.2,   1948
2026-07-25 18:33:02,2654,0.2,0.1,7.2,   1950
2026-07-25 18:33:04,2654,0.2,0.1,7.2,   1952
2026-07-25 18:33:06,2654,0.2,0.1,7.2,   1954
2026-07-25 18:33:08,2654,0.2,0.1,7.2,   1956
2026-07-25 18:33:10,2654,0.2,0.1,7.2,   1958
2026-07-25 18:33:12,2654,0.2,0.1,7.2,   1960
2026-07-25 18:33:14,2654,0.2,0.1,7.2,   1962
2026-07-25 18:33:16,2654,0.2,0.1,7.2,   1964
2026-07-25 18:33:18,2654,0.2,0.1,7.2,   1967
2026-07-25 18:33:20,2654,0.2,0.1,7.2,   1969
2026-07-25 18:33:22,2654,0.2,0.1,7.2,   1971
2026-07-25 18:33:24,2654,0.2,0.1,7.2,   1973
2026-07-25 18:33:26,2654,0.2,0.1,7.2,   1975
2026-07-25 18:33:28,2654,0.2,0.1,7.2,   1977
2026-07-25 18:33:30,2654,0.2,0.1,7.2,   1979
2026-07-25 18:33:32,2654,0.2,0.1,7.2,   1981
2026-07-25 18:33:35,2654,0.2,0.1,7.2,   1983
2026-07-25 18:33:37,2654,0.2,0.1,7.2,   1985
2026-07-25 18:33:39,2654,0.2,0.1,7.2,   1987
2026-07-25 18:33:41,2654,0.2,0.1,7.2,   1989
2026-07-25 18:33:43,2654,0.2,0.1,7.2,   1991
2026-07-25 18:33:45,2654,0.2,0.1,7.2,   1993
2026-07-25 18:33:47,2654,0.2,0.1,7.2,   1995
2026-07-25 18:33:49,2654,0.2,0.1,7.2,   1997
2026-07-25 18:33:51,2654,0.2,0.1,7.2,   2000
2026-07-25 18:33:53,2654,0.2,0.1,7.2,   2002
2026-07-25 18:33:55,2654,0.2,0.1,7.2,   2004
2026-07-25 18:33:57,2654,0.2,0.1,7.2,   2006
2026-07-25 18:33:59,2654,0.2,0.1,7.2,   2008
2026-07-25 18:34:01,2654,0.2,0.1,7.2,   2010
2026-07-25 18:34:03,2654,0.2,0.1,7.2,   2012
2026-07-25 18:34:05,2654,0.2,0.1,7.2,   2014
2026-07-25 18:34:07,2654,0.2,0.1,7.2,   2016
2026-07-25 18:34:10,2654,0.2,0.1,7.2,   2018
2026-07-25 18:34:12,2654,0.2,0.1,7.2,   2020
2026-07-25 18:34:14,2654,0.2,0.1,7.2,   2022
2026-07-25 18:34:16,2654,0.2,0.1,7.2,   2024
2026-07-25 18:34:18,2654,0.2,0.1,7.2,   2026
2026-07-25 18:34:20,2654,0.2,0.1,7.2,   2028
2026-07-25 18:34:22,2654,0.2,0.1,7.2,   2030
2026-07-25 18:34:24,2654,0.2,0.1,7.2,   2032
2026-07-25 18:34:26,2654,0.2,0.1,7.2,   2035
2026-07-25 18:34:28,2654,0.2,0.1,7.2,   2037
2026-07-25 18:34:30,2654,0.2,0.1,7.2,   2039
2026-07-25 18:34:32,2654,0.2,0.1,7.2,   2041
2026-07-25 18:34:34,2654,0.2,0.1,7.2,   2043
2026-07-25 18:34:36,2654,0.2,0.1,7.2,   2045
2026-07-25 18:34:38,2654,0.2,0.1,7.2,   2047
2026-07-25 18:34:40,2654,0.2,0.1,7.2,   2049
2026-07-25 18:34:43,2654,0.2,0.1,7.2,   2051
2026-07-25 18:34:45,2654,0.2,0.1,7.2,   2053
2026-07-25 18:34:47,2654,0.2,0.1,7.2,   2055
2026-07-25 18:34:49,2654,0.2,0.1,7.2,   2057
2026-07-25 18:34:51,2654,0.2,0.1,7.2,   2059
2026-07-25 18:34:53,2654,0.2,0.1,7.2,   2061
2026-07-25 18:34:55,2654,0.2,0.1,7.2,   2063
2026-07-25 18:34:57,2654,0.2,0.1,7.2,   2066
2026-07-25 18:34:59,2654,0.2,0.1,7.2,   2068
2026-07-25 18:35:01,2654,0.2,0.1,7.2,   2070
2026-07-25 18:35:03,2654,0.2,0.1,7.2,   2072
2026-07-25 18:35:05,2654,0.2,0.1,7.2,   2074
2026-07-25 18:35:07,2654,0.2,0.1,7.2,   2076
2026-07-25 18:35:09,2654,0.2,0.1,7.2,   2078
2026-07-25 18:35:12,2654,0.2,0.1,7.2,   2080
2026-07-25 18:35:14,2654,0.2,0.1,7.2,   2082
2026-07-25 18:35:16,2654,0.2,0.1,7.2,   2084
2026-07-25 18:35:18,2654,0.2,0.1,7.2,   2086
2026-07-25 18:35:20,2654,0.2,0.1,7.2,   2088
2026-07-25 18:35:22,2654,0.2,0.1,7.2,   2090
2026-07-25 18:35:24,2654,0.2,0.1,7.2,   2092
2026-07-25 18:35:26,2654,0.2,0.1,7.2,   2094
2026-07-25 18:35:28,2654,0.2,0.1,7.2,   2097
2026-07-25 18:35:30,2654,0.2,0.1,7.2,   2099
2026-07-25 18:35:32,2654,0.2,0.1,7.2,   2101
2026-07-25 18:35:34,2654,0.2,0.1,7.2,   2103
2026-07-25 18:35:36,2654,0.2,0.1,7.2,   2105
2026-07-25 18:35:38,2654,0.2,0.1,7.2,   2107
2026-07-25 18:35:40,2654,0.2,0.1,7.2,   2109
2026-07-25 18:35:43,2654,0.2,0.1,7.2,   2111
2026-07-25 18:35:45,2654,0.2,0.1,7.2,   2113
2026-07-25 18:35:47,2654,0.2,0.1,7.2,   2115
2026-07-25 18:35:49,2654,0.2,0.1,7.2,   2117
2026-07-25 18:35:51,2654,0.2,0.1,7.2,   2119
2026-07-25 18:35:53,2654,0.2,0.1,7.2,   2121
2026-07-25 18:35:55,2654,0.2,0.1,7.2,   2123
2026-07-25 18:35:57,2654,0.2,0.1,7.2,   2126
2026-07-25 18:35:59,2654,0.2,0.1,7.2,   2128
2026-07-25 18:36:01,2654,0.2,0.1,7.2,   2130
2026-07-25 18:36:03,2654,0.2,0.1,7.2,   2132
2026-07-25 18:36:05,2654,0.2,0.1,7.2,   2134
2026-07-25 18:36:07,2654,0.2,0.1,7.2,   2136
2026-07-25 18:36:09,2654,0.2,0.1,7.2,   2138
2026-07-25 18:36:11,2654,0.2,0.1,7.2,   2140
2026-07-25 18:36:14,2654,0.2,0.1,7.2,   2142
2026-07-25 18:36:16,2654,0.2,0.1,7.2,   2144
2026-07-25 18:36:18,2654,0.2,0.1,7.2,   2146
2026-07-25 18:36:20,2654,0.2,0.1,7.2,   2148
2026-07-25 18:36:22,2654,0.2,0.1,7.2,   2150
2026-07-25 18:36:24,2654,0.2,0.1,7.2,   2152
2026-07-25 18:36:26,2654,0.2,0.1,7.2,   2154
2026-07-25 18:36:28,2654,0.2,0.1,7.2,   2157
2026-07-25 18:36:30,2654,0.2,0.1,7.2,   2159
2026-07-25 18:36:32,2654,0.2,0.1,7.2,   2161
2026-07-25 18:36:34,2654,0.2,0.1,7.2,   2163
2026-07-25 18:36:36,2654,0.2,0.1,7.2,   2165
2026-07-25 18:36:38,2654,0.2,0.1,7.2,   2167
2026-07-25 18:36:40,2654,0.2,0.1,7.2,   2169
2026-07-25 18:36:42,2654,0.2,0.1,7.2,   2171
2026-07-25 18:36:45,2654,0.2,0.1,7.2,   2173
2026-07-25 18:36:47,2654,0.2,0.1,7.2,   2175
2026-07-25 18:36:49,2654,0.2,0.1,7.2,   2177
2026-07-25 18:36:51,2654,0.2,0.1,7.2,   2179
2026-07-25 18:36:53,2654,0.2,0.1,7.2,   2181
2026-07-25 18:36:55,2654,0.2,0.1,7.2,   2183
2026-07-25 18:36:57,2654,0.2,0.1,7.2,   2185
2026-07-25 18:36:59,2654,0.2,0.1,7.2,   2188
2026-07-25 18:37:01,2654,0.2,0.1,7.2,   2190
2026-07-25 18:37:03,2654,0.2,0.1,7.2,   2192
2026-07-25 18:37:05,2654,0.2,0.1,7.2,   2194
2026-07-25 18:37:07,2654,0.2,0.1,7.2,   2196
2026-07-25 18:37:09,2654,0.2,0.1,7.2,   2198
2026-07-25 18:37:11,2654,0.2,0.1,7.2,   2200
2026-07-25 18:37:13,2654,0.2,0.1,7.2,   2202
2026-07-25 18:37:15,2654,0.2,0.1,7.2,   2204
2026-07-25 18:37:18,2654,0.2,0.1,7.2,   2206
2026-07-25 18:37:20,2654,0.2,0.1,7.2,   2208
2026-07-25 18:37:22,2654,0.2,0.1,7.2,   2210
2026-07-25 18:37:24,2654,0.2,0.1,7.2,   2212
2026-07-25 18:37:26,2654,0.2,0.1,7.2,   2214
2026-07-25 18:37:28,2654,0.2,0.1,7.2,   2216
2026-07-25 18:37:30,2654,0.2,0.1,7.2,   2218
2026-07-25 18:37:32,2654,0.2,0.1,7.2,   2221
2026-07-25 18:37:34,2654,0.2,0.1,7.2,   2223
2026-07-25 18:37:36,2654,0.2,0.1,7.2,   2225
2026-07-25 18:37:38,2654,0.2,0.1,7.2,   2227
2026-07-25 18:37:40,2654,0.2,0.1,7.2,   2229
2026-07-25 18:37:42,2654,0.2,0.1,7.2,   2231
2026-07-25 18:37:44,2654,0.2,0.1,7.2,   2233
2026-07-25 18:37:46,2654,0.2,0.1,7.2,   2235
2026-07-25 18:37:48,2654,0.2,0.1,7.2,   2237
2026-07-25 18:37:51,2654,0.2,0.1,7.2,   2239
2026-07-25 18:37:53,2654,0.2,0.1,7.2,   2241
2026-07-25 18:37:55,2654,0.2,0.1,7.2,   2243
2026-07-25 18:37:57,2654,0.2,0.1,7.2,   2245
2026-07-25 18:37:59,2654,0.2,0.1,7.2,   2247
2026-07-25 18:38:01,2654,0.2,0.1,7.2,   2249
2026-07-25 18:38:03,2654,0.2,0.1,7.2,   2251
2026-07-25 18:38:05,2654,0.2,0.1,7.2,   2253
2026-07-25 18:38:07,2654,0.2,0.1,7.2,   2256
2026-07-25 18:38:09,2654,0.2,0.1,7.2,   2258
2026-07-25 18:38:11,2654,0.2,0.1,7.2,   2260
2026-07-25 18:38:13,2654,0.2,0.1,7.2,   2262
2026-07-25 18:38:15,2654,0.2,0.1,7.2,   2264
2026-07-25 18:38:17,2654,0.2,0.1,7.2,   2266
2026-07-25 18:38:19,2654,0.2,0.1,7.2,   2268
2026-07-25 18:38:21,2654,0.2,0.1,7.2,   2270
2026-07-25 18:38:24,2654,0.2,0.1,7.2,   2272
2026-07-25 18:38:26,2654,0.2,0.1,7.2,   2274
2026-07-25 18:38:28,2654,0.2,0.1,7.2,   2276
2026-07-25 18:38:30,2654,0.2,0.1,7.2,   2278
2026-07-25 18:38:32,2654,0.2,0.1,7.2,   2280
2026-07-25 18:38:34,2654,0.2,0.1,7.2,   2282
2026-07-25 18:38:36,2654,0.2,0.1,7.2,   2284
2026-07-25 18:38:38,2654,0.2,0.1,7.2,   2286
2026-07-25 18:38:40,2654,0.2,0.1,7.2,   2289
2026-07-25 18:38:42,2654,0.2,0.1,7.2,   2291
2026-07-25 18:38:44,2654,0.2,0.1,7.2,   2293
2026-07-25 18:38:46,2654,0.2,0.1,7.2,   2295
2026-07-25 18:38:48,2654,0.2,0.1,7.2,   2297
2026-07-25 18:38:50,2654,0.2,0.1,7.2,   2299
2026-07-25 18:38:52,2654,0.2,0.1,7.2,   2301
2026-07-25 18:38:54,2654,0.2,0.1,7.2,   2303
2026-07-25 18:38:56,2654,0.2,0.1,7.2,   2305
2026-07-25 18:38:59,2654,0.2,0.1,7.2,   2307
2026-07-25 18:39:01,2654,0.2,0.1,7.2,   2309
2026-07-25 18:39:03,2654,0.2,0.1,7.2,   2311
2026-07-25 18:39:05,2654,0.2,0.1,7.2,   2313
2026-07-25 18:39:07,2654,0.2,0.1,7.2,   2315
2026-07-25 18:39:09,2654,0.2,0.1,7.2,   2317
2026-07-25 18:39:11,2654,0.2,0.1,7.2,   2319
2026-07-25 18:39:13,2654,0.2,0.1,7.2,   2322
2026-07-25 18:39:15,2654,0.2,0.1,7.2,   2324
2026-07-25 18:39:17,2654,0.2,0.1,7.2,   2326
2026-07-25 18:39:19,2654,0.2,0.1,7.2,   2328
2026-07-25 18:39:21,2654,0.2,0.1,7.2,   2330
2026-07-25 18:39:23,2654,0.2,0.1,7.2,   2332
2026-07-25 18:39:25,2654,0.2,0.1,7.2,   2334
2026-07-25 18:39:27,2654,0.2,0.1,7.2,   2336
2026-07-25 18:39:30,2654,0.2,0.1,7.2,   2338
2026-07-25 18:39:32,2654,0.2,0.1,7.2,   2340
2026-07-25 18:39:34,2654,0.2,0.1,7.2,   2342
2026-07-25 18:39:36,2654,0.2,0.1,7.2,   2344
2026-07-25 18:39:38,2654,0.2,0.1,7.2,   2346
2026-07-25 18:39:40,2654,0.2,0.1,7.2,   2348
2026-07-25 18:39:42,2654,0.2,0.1,7.2,   2350
2026-07-25 18:39:44,2654,0.2,0.1,7.2,   2353
2026-07-25 18:39:46,2654,0.2,0.1,7.2,   2355
2026-07-25 18:39:48,2654,0.2,0.1,7.2,   2357
2026-07-25 18:39:50,2654,0.2,0.1,7.2,   2359
2026-07-25 18:39:52,2654,0.2,0.1,7.2,   2361
2026-07-25 18:39:54,2654,0.2,0.1,7.2,   2363
2026-07-25 18:39:56,2654,0.2,0.1,7.2,   2365
2026-07-25 18:39:58,2654,0.2,0.1,7.2,   2367
2026-07-25 18:40:00,2654,0.2,0.1,7.2,   2369
2026-07-25 18:40:03,2654,0.2,0.1,7.2,   2371
2026-07-25 18:40:05,2654,0.2,0.1,7.2,   2373
2026-07-25 18:40:07,2654,0.2,0.1,7.2,   2375
2026-07-25 18:40:09,2654,0.2,0.1,7.2,   2377
2026-07-25 18:40:11,2654,0.2,0.1,7.2,   2379
2026-07-25 18:40:13,2654,0.2,0.1,7.2,   2381
2026-07-25 18:40:15,2654,0.2,0.1,7.2,   2383
2026-07-25 18:40:17,2654,0.2,0.1,7.2,   2386
2026-07-25 18:40:19,2654,0.2,0.1,7.2,   2388
2026-07-25 18:40:21,2654,0.2,0.1,7.2,   2390
2026-07-25 18:40:23,2654,0.2,0.1,7.2,   2392
2026-07-25 18:40:25,2654,0.2,0.1,7.2,   2394
2026-07-25 18:40:27,2654,0.2,0.1,7.2,   2396
2026-07-25 18:40:29,2654,0.2,0.1,7.2,   2398
2026-07-25 18:40:31,2654,0.2,0.1,7.2,   2400
2026-07-25 18:40:34,2654,0.2,0.1,7.2,   2402
2026-07-25 18:40:36,2654,0.2,0.1,7.2,   2404
2026-07-25 18:40:38,2654,0.2,0.1,7.2,   2406
2026-07-25 18:40:40,2654,0.2,0.1,7.2,   2408
2026-07-25 18:40:42,2654,0.2,0.1,7.2,   2410
2026-07-25 18:40:44,2654,0.2,0.1,7.2,   2412
2026-07-25 18:40:46,2654,0.2,0.1,7.2,   2414
2026-07-25 18:40:48,2654,0.2,0.1,7.2,   2417
2026-07-25 18:40:50,2654,0.2,0.1,7.2,   2419
2026-07-25 18:40:52,2654,0.2,0.1,7.2,   2421
2026-07-25 18:40:54,2654,0.2,0.1,7.2,   2423
2026-07-25 18:40:56,2654,0.2,0.1,7.2,   2425
2026-07-25 18:40:58,2654,0.2,0.1,7.2,   2427
2026-07-25 18:41:00,2654,0.2,0.1,7.2,   2429
2026-07-25 18:41:02,2654,0.2,0.1,7.2,   2431
2026-07-25 18:41:05,2654,0.2,0.1,7.2,   2433
2026-07-25 18:41:07,2654,0.2,0.1,7.2,   2435
2026-07-25 18:41:09,2654,0.2,0.1,7.2,   2437
2026-07-25 18:41:11,2654,0.2,0.1,7.2,   2439
2026-07-25 18:41:13,2654,0.2,0.1,7.2,   2441
2026-07-25 18:41:15,2654,0.2,0.1,7.2,   2443
2026-07-25 18:41:17,2654,0.2,0.1,7.2,   2445
2026-07-25 18:41:19,2654,0.2,0.1,7.2,   2447
2026-07-25 18:41:21,2654,0.2,0.1,7.2,   2450
2026-07-25 18:41:23,2654,0.2,0.1,7.2,   2452
2026-07-25 18:41:25,2654,0.2,0.1,7.2,   2454
2026-07-25 18:41:27,2654,0.2,0.1,7.2,   2456
2026-07-25 18:41:29,2654,0.2,0.1,7.2,   2458
2026-07-25 18:41:31,2654,0.2,0.1,7.2,   2460
2026-07-25 18:41:33,2654,0.2,0.1,7.2,   2462
2026-07-25 18:41:36,2654,0.2,0.1,7.2,   2464
2026-07-25 18:41:38,2654,0.2,0.1,7.2,   2466
2026-07-25 18:41:40,2654,0.2,0.1,7.2,   2468
2026-07-25 18:41:42,2654,0.2,0.1,7.2,   2470
2026-07-25 18:41:44,2654,0.2,0.1,7.2,   2472
2026-07-25 18:41:46,2654,0.2,0.1,7.2,   2474
2026-07-25 18:41:48,2654,0.2,0.1,7.2,   2476
2026-07-25 18:41:50,2654,0.2,0.1,7.2,   2479
2026-07-25 18:41:52,2654,0.2,0.1,7.2,   2481
2026-07-25 18:41:54,2654,0.2,0.1,7.2,   2483
2026-07-25 18:41:56,2654,0.2,0.1,7.2,   2485
2026-07-25 18:41:58,2654,0.2,0.1,7.2,   2487
2026-07-25 18:42:00,2654,0.2,0.1,7.2,   2489
2026-07-25 18:42:02,2654,0.2,0.1,7.2,   2491
2026-07-25 18:42:04,2654,0.2,0.1,7.2,   2493
2026-07-25 18:42:07,2654,0.2,0.1,7.2,   2495
2026-07-25 18:42:09,2654,0.2,0.1,7.2,   2497
2026-07-25 18:42:11,2654,0.2,0.1,7.2,   2499
2026-07-25 18:42:13,2654,0.2,0.1,7.2,   2501
2026-07-25 18:42:15,2654,0.2,0.1,7.2,   2503
2026-07-25 18:42:17,2654,0.2,0.1,7.2,   2505
2026-07-25 18:42:19,2654,0.2,0.1,7.2,   2507
2026-07-25 18:42:21,2654,0.2,0.1,7.2,   2509
2026-07-25 18:42:23,2654,0.2,0.1,7.2,   2512
2026-07-25 18:42:25,2654,0.2,0.1,7.2,   2514
2026-07-25 18:42:27,2654,0.2,0.1,7.2,   2516
2026-07-25 18:42:29,2654,0.2,0.1,7.2,   2518
2026-07-25 18:42:31,2654,0.2,0.1,7.2,   2520
2026-07-25 18:42:33,2654,0.2,0.1,7.2,   2522
2026-07-25 18:42:35,2654,0.2,0.1,7.2,   2524
2026-07-25 18:42:37,2654,0.2,0.1,7.2,   2526
2026-07-25 18:42:40,2654,0.2,0.1,7.2,   2528
2026-07-25 18:42:42,2654,0.2,0.1,7.2,   2530
2026-07-25 18:42:44,2654,0.2,0.1,7.2,   2532
2026-07-25 18:42:46,2654,0.2,0.1,7.2,   2534
2026-07-25 18:42:48,2654,0.2,0.1,7.2,   2536
2026-07-25 18:42:50,2654,0.2,0.1,7.2,   2538
2026-07-25 18:42:52,2654,0.2,0.1,7.2,   2540
2026-07-25 18:42:54,2654,0.2,0.1,7.2,   2543
2026-07-25 18:42:56,2654,0.2,0.1,7.2,   2545
2026-07-25 18:42:58,2654,0.2,0.1,7.2,   2547
2026-07-25 18:43:00,2654,0.2,0.1,7.2,   2549
2026-07-25 18:43:02,2654,0.2,0.1,7.2,   2551
2026-07-25 18:43:04,2654,0.2,0.1,7.2,   2553
2026-07-25 18:43:06,2654,0.2,0.1,7.2,   2555
2026-07-25 18:43:08,2654,0.2,0.1,7.2,   2557
2026-07-25 18:43:11,2654,0.2,0.1,7.2,   2559
2026-07-25 18:43:13,2654,0.2,0.1,7.2,   2561
2026-07-25 18:43:15,2654,0.2,0.1,7.2,   2563
2026-07-25 18:43:17,2654,0.2,0.1,7.2,   2565
2026-07-25 18:43:19,2654,0.2,0.1,7.2,   2567
2026-07-25 18:43:21,2654,0.2,0.1,7.2,   2569
2026-07-25 18:43:23,2654,0.2,0.1,7.2,   2571
2026-07-25 18:43:25,2654,0.2,0.1,7.2,   2573
2026-07-25 18:43:27,2654,0.2,0.1,7.2,   2576
2026-07-25 18:43:29,2654,0.2,0.1,7.2,   2578
2026-07-25 18:43:31,2654,0.2,0.1,7.2,   2580
2026-07-25 18:43:33,2654,0.2,0.1,7.2,   2582
2026-07-25 18:43:35,2654,0.2,0.1,7.2,   2584
2026-07-25 18:43:37,2654,0.2,0.1,7.2,   2586
2026-07-25 18:43:39,2654,0.2,0.1,7.2,   2588
2026-07-25 18:43:41,2654,0.2,0.1,7.2,   2590
2026-07-25 18:43:43,2654,0.2,0.1,7.2,   2592
2026-07-25 18:43:46,2654,0.2,0.1,7.2,   2594
2026-07-25 18:43:48,2654,0.2,0.1,7.2,   2596
2026-07-25 18:43:50,2654,0.2,0.1,7.2,   2598
2026-07-25 18:43:52,2654,0.2,0.1,7.2,   2600
2026-07-25 18:43:54,2654,0.2,0.1,7.2,   2602
2026-07-25 18:43:56,2654,0.2,0.1,7.2,   2604
2026-07-25 18:43:58,2654,0.2,0.1,7.2,   2606
2026-07-25 18:44:00,2654,0.2,0.1,7.2,   2608
2026-07-25 18:44:02,2654,0.2,0.1,7.2,   2611
2026-07-25 18:44:04,2654,0.2,0.1,7.2,   2613
2026-07-25 18:44:06,2654,0.2,0.1,7.2,   2615
2026-07-25 18:44:08,2654,0.2,0.1,7.2,   2617
2026-07-25 18:44:10,2654,0.2,0.1,7.2,   2619
2026-07-25 18:44:12,2654,0.2,0.1,7.2,   2621
2026-07-25 18:44:14,2654,0.2,0.1,7.2,   2623
2026-07-25 18:44:17,2654,0.2,0.1,7.2,   2625
2026-07-25 18:44:19,2654,0.2,0.1,7.2,   2627
2026-07-25 18:44:21,2654,0.2,0.1,7.2,   2629
2026-07-25 18:44:23,2654,0.2,0.1,7.2,   2631
2026-07-25 18:44:25,2654,0.2,0.1,7.2,   2633
2026-07-25 18:44:27,2654,0.2,0.1,7.2,   2635
2026-07-25 18:44:29,2654,0.2,0.1,7.2,   2637
2026-07-25 18:44:31,2654,0.2,0.1,7.2,   2639
2026-07-25 18:44:33,2654,0.2,0.1,7.2,   2642
2026-07-25 18:44:35,2654,0.2,0.1,7.2,   2644
2026-07-25 18:44:37,2654,0.2,0.1,7.2,   2646
2026-07-25 18:44:39,2654,0.2,0.1,7.2,   2648
2026-07-25 18:44:41,2654,0.2,0.1,7.2,   2650
2026-07-25 18:44:43,2654,0.2,0.1,7.2,   2652
2026-07-25 18:44:45,2654,0.2,0.1,7.2,   2654
2026-07-25 18:44:47,2654,0.2,0.1,7.2,   2656
2026-07-25 18:44:50,2654,0.2,0.1,7.2,   2658
2026-07-25 18:44:52,2654,0.2,0.1,7.2,   2660
2026-07-25 18:44:54,2654,0.2,0.1,7.2,   2662
2026-07-25 18:44:56,2654,0.2,0.1,7.2,   2664
2026-07-25 18:44:58,2654,0.2,0.1,7.2,   2666
2026-07-25 18:45:00,2654,0.2,0.1,7.2,   2668
2026-07-25 18:45:02,2654,0.2,0.1,7.2,   2670
2026-07-25 18:45:04,2654,0.2,0.1,7.2,   2672
2026-07-25 18:45:06,2654,0.2,0.1,7.2,   2675
2026-07-25 18:45:08,2654,0.2,0.1,7.2,   2677
2026-07-25 18:45:10,2654,0.2,0.1,7.2,   2679
2026-07-25 18:45:12,2654,0.2,0.1,7.2,   2681
2026-07-25 18:45:14,2654,0.2,0.1,7.2,   2683
2026-07-25 18:45:16,2654,0.2,0.1,7.2,   2685
2026-07-25 18:45:18,2654,0.2,0.1,7.2,   2687
2026-07-25 18:45:20,2654,0.2,0.1,7.2,   2689
2026-07-25 18:45:22,2654,0.2,0.1,7.2,   2691
2026-07-25 18:45:25,2654,0.2,0.1,7.2,   2693
2026-07-25 18:45:27,2654,0.2,0.1,7.2,   2695
2026-07-25 18:45:29,2654,0.2,0.1,7.2,   2697
2026-07-25 18:45:31,2654,0.2,0.1,7.2,   2699
2026-07-25 18:45:33,2654,0.2,0.1,7.2,   2701
2026-07-25 18:45:35,2654,0.2,0.1,7.2,   2703
2026-07-25 18:45:37,2654,0.2,0.1,7.2,   2705
2026-07-25 18:45:39,2654,0.2,0.1,7.2,   2708
2026-07-25 18:45:41,2654,0.2,0.1,7.2,   2710
2026-07-25 18:45:43,2654,0.2,0.1,7.2,   2712
2026-07-25 18:45:45,2654,0.2,0.1,7.2,   2714
2026-07-25 18:45:47,2654,0.2,0.1,7.2,   2716
2026-07-25 18:45:49,2654,0.2,0.1,7.2,   2718
2026-07-25 18:45:51,2654,0.2,0.1,7.2,   2720
2026-07-25 18:45:53,2654,0.2,0.1,7.2,   2722
2026-07-25 18:45:56,2654,0.2,0.1,7.2,   2724
2026-07-25 18:45:58,2654,0.2,0.1,7.2,   2726
2026-07-25 18:46:00,2654,0.2,0.1,7.2,   2728
2026-07-25 18:46:02,2654,0.2,0.1,7.2,   2730
2026-07-25 18:46:04,2654,0.2,0.1,7.2,   2732
2026-07-25 18:46:06,2654,0.2,0.1,7.2,   2734
2026-07-25 18:46:08,2654,0.2,0.1,7.2,   2736
2026-07-25 18:46:10,2654,0.2,0.1,7.2,   2738
2026-07-25 18:46:12,2654,0.2,0.1,7.2,   2740
2026-07-25 18:46:14,2654,0.2,0.1,7.2,   2743
2026-07-25 18:46:16,2654,0.2,0.1,7.2,   2745
2026-07-25 18:46:18,2654,0.2,0.1,7.2,   2747
2026-07-25 18:46:20,2654,0.2,0.1,7.2,   2749
2026-07-25 18:46:22,2654,0.2,0.1,7.2,   2751
2026-07-25 18:46:24,2654,0.2,0.1,7.2,   2753
2026-07-25 18:46:26,2654,0.2,0.1,7.2,   2755
2026-07-25 18:46:28,2654,0.2,0.1,7.2,   2757
2026-07-25 18:46:31,2654,0.2,0.1,7.2,   2759
2026-07-25 18:46:33,2654,0.2,0.1,7.2,   2761
2026-07-25 18:46:35,2654,0.2,0.1,7.2,   2763
2026-07-25 18:46:37,2654,0.2,0.1,7.2,   2765
2026-07-25 18:46:39,2654,0.2,0.1,7.2,   2767
2026-07-25 18:46:41,2654,0.2,0.1,7.2,   2769
2026-07-25 18:46:43,2654,0.2,0.1,7.2,   2771
2026-07-25 18:46:45,2654,0.2,0.1,7.2,   2773
2026-07-25 18:46:47,2654,0.2,0.1,7.2,   2776
2026-07-25 18:46:49,2654,0.2,0.1,7.2,   2778
2026-07-25 18:46:51,2654,0.2,0.1,7.2,   2780
2026-07-25 18:46:53,2654,0.2,0.1,7.2,   2782
2026-07-25 18:46:55,2654,0.2,0.1,7.2,   2784
2026-07-25 18:46:57,2654,0.2,0.1,7.2,   2786
2026-07-25 18:46:59,2654,0.2,0.1,7.2,   2788
2026-07-25 18:47:01,2654,0.2,0.1,7.2,   2790
2026-07-25 18:47:03,2654,0.2,0.1,7.2,   2792
2026-07-25 18:47:06,2654,0.2,0.1,7.2,   2794
2026-07-25 18:47:08,2654,0.2,0.1,7.2,   2796
2026-07-25 18:47:10,2654,0.2,0.1,7.2,   2798
2026-07-25 18:47:12,2654,0.2,0.1,7.2,   2800
2026-07-25 18:47:14,2654,0.2,0.1,7.2,   2802
2026-07-25 18:47:16,2654,0.2,0.1,7.2,   2804
2026-07-25 18:47:18,2654,0.2,0.1,7.2,   2806
2026-07-25 18:47:20,2654,0.2,0.1,7.2,   2808
2026-07-25 18:47:22,2654,0.2,0.1,7.2,   2811
2026-07-25 18:47:24,2654,0.2,0.1,7.2,   2813
2026-07-25 18:47:26,2654,0.2,0.1,7.2,   2815
2026-07-25 18:47:28,2654,0.2,0.1,7.2,   2817
2026-07-25 18:47:30,2654,0.2,0.1,7.2,   2819
2026-07-25 18:47:32,2654,0.2,0.1,7.2,   2821
2026-07-25 18:47:34,2654,0.2,0.1,7.2,   2823
2026-07-25 18:47:36,2654,0.2,0.1,7.2,   2825
2026-07-25 18:47:38,2654,0.2,0.1,7.2,   2827
2026-07-25 18:47:41,2654,0.2,0.1,7.2,   2829
2026-07-25 18:47:43,2654,0.2,0.1,7.2,   2831
2026-07-25 18:47:45,2654,0.2,0.1,7.2,   2833
2026-07-25 18:47:47,2654,0.2,0.1,7.2,   2835
2026-07-25 18:47:49,2654,0.2,0.1,7.2,   2837
2026-07-25 18:47:51,2654,0.2,0.1,7.2,   2839
2026-07-25 18:47:53,2654,0.2,0.1,7.2,   2841
2026-07-25 18:47:55,2654,0.2,0.1,7.2,   2844
2026-07-25 18:47:57,2654,0.2,0.1,7.2,   2846
2026-07-25 18:47:59,2654,0.2,0.1,7.2,   2848
2026-07-25 18:48:01,2654,0.2,0.1,7.2,   2850
2026-07-25 18:48:03,2654,0.2,0.1,7.2,   2852
2026-07-25 18:48:05,2654,0.2,0.1,7.2,   2854
2026-07-25 18:48:07,2654,0.2,0.1,7.2,   2856
2026-07-25 18:48:09,2654,0.2,0.1,7.2,   2858
2026-07-25 18:48:11,2654,0.2,0.1,7.2,   2860
2026-07-25 18:48:14,2654,0.2,0.1,7.2,   2862
2026-07-25 18:48:16,2654,0.2,0.1,7.2,   2864
2026-07-25 18:48:18,2654,0.2,0.1,7.2,   2866
2026-07-25 18:48:20,2654,0.2,0.1,7.2,   2868
2026-07-25 18:48:22,2654,0.2,0.1,7.2,   2870
2026-07-25 18:48:24,2654,0.2,0.1,7.2,   2872
2026-07-25 18:48:26,2654,0.2,0.1,7.2,   2874
2026-07-25 18:48:28,2654,0.2,0.1,7.2,   2877
2026-07-25 18:48:30,2654,0.2,0.1,7.2,   2879
2026-07-25 18:48:32,2654,0.2,0.1,7.2,   2881
2026-07-25 18:48:34,2654,0.2,0.1,7.2,   2883
2026-07-25 18:48:36,2654,0.2,0.1,7.2,   2885
2026-07-25 18:48:38,2654,0.2,0.1,7.2,   2887
2026-07-25 18:48:40,2654,0.2,0.1,7.2,   2889
2026-07-25 18:48:42,2654,0.2,0.1,7.2,   2891
2026-07-25 18:48:44,2654,0.2,0.1,7.2,   2893
2026-07-25 18:48:47,2654,0.2,0.1,7.2,   2895
2026-07-25 18:48:49,2654,0.2,0.1,7.2,   2897
2026-07-25 18:48:51,2654,0.2,0.1,7.2,   2899
2026-07-25 18:48:53,2654,0.2,0.1,7.2,   2901
2026-07-25 18:48:55,2654,0.2,0.1,7.2,   2903
2026-07-25 18:48:57,2654,0.2,0.1,7.2,   2905
2026-07-25 18:48:59,2654,0.2,0.1,7.2,   2907
2026-07-25 18:49:01,2654,0.2,0.1,7.2,   2910
2026-07-25 18:49:03,2654,0.2,0.1,7.2,   2912
2026-07-25 18:49:05,2654,0.2,0.1,7.2,   2914
2026-07-25 18:49:07,2654,0.2,0.1,7.2,   2916
2026-07-25 18:49:09,2654,0.2,0.1,7.2,   2918
2026-07-25 18:49:11,2654,0.2,0.1,7.2,   2920
2026-07-25 18:49:13,2654,0.2,0.1,7.2,   2922
2026-07-25 18:49:15,2654,0.2,0.1,7.2,   2924
2026-07-25 18:49:17,2654,0.2,0.1,7.2,   2926
2026-07-25 18:49:20,2654,0.2,0.1,7.2,   2928
2026-07-25 18:49:22,2654,0.2,0.1,7.2,   2930
2026-07-25 18:49:24,2654,0.2,0.1,7.2,   2932
2026-07-25 18:49:26,2654,0.2,0.1,7.2,   2934
2026-07-25 18:49:28,2654,0.2,0.1,7.2,   2936
2026-07-25 18:49:30,2654,0.2,0.1,7.2,   2938
2026-07-25 18:49:32,2654,0.2,0.1,7.2,   2940
2026-07-25 18:49:34,2654,0.2,0.1,7.2,   2943
2026-07-25 18:49:36,2654,0.2,0.1,7.2,   2945
2026-07-25 18:49:38,2654,0.2,0.1,7.2,   2947
2026-07-25 18:49:40,2654,0.2,0.1,7.2,   2949
2026-07-25 18:49:42,2654,0.2,0.1,7.2,   2951
2026-07-25 18:49:44,2654,0.2,0.1,7.2,   2953
2026-07-25 18:49:46,2654,0.2,0.1,7.2,   2955
2026-07-25 18:49:48,2654,0.2,0.1,7.2,   2957
2026-07-25 18:49:51,2654,0.2,0.1,7.2,   2959
2026-07-25 18:49:53,2654,0.2,0.1,7.2,   2961
2026-07-25 18:49:55,2654,0.2,0.1,7.2,   2963
2026-07-25 18:49:57,2654,0.2,0.1,7.2,   2965
2026-07-25 18:49:59,2654,0.2,0.1,7.2,   2967
2026-07-25 18:50:01,2654,0.2,0.1,7.2,   2969
2026-07-25 18:50:03,2654,0.2,0.1,7.2,   2971
2026-07-25 18:50:05,2654,0.2,0.1,7.2,   2974
2026-07-25 18:50:07,2654,0.2,0.1,7.2,   2976
2026-07-25 18:50:09,2654,0.2,0.1,7.2,   2978
2026-07-25 18:50:11,2654,0.2,0.1,7.2,   2980
2026-07-25 18:50:13,2654,0.2,0.1,7.2,   2982
2026-07-25 18:50:15,2654,0.2,0.1,7.2,   2984
2026-07-25 18:50:17,2654,0.2,0.1,7.2,   2986
2026-07-25 18:50:19,2654,0.2,0.1,7.2,   2988
2026-07-25 18:50:22,2654,0.2,0.1,7.2,   2990
2026-07-25 18:50:24,2654,0.2,0.1,7.2,   2992
2026-07-25 18:50:26,2654,0.2,0.1,7.2,   2994
2026-07-25 18:50:28,2654,0.2,0.1,7.2,   2996
2026-07-25 18:50:30,2654,0.2,0.1,7.2,   2998
2026-07-25 18:50:32,2654,0.2,0.1,7.2,   3000
2026-07-25 18:50:34,2654,0.2,0.1,7.2,   3002
2026-07-25 18:50:36,2654,0.2,0.1,7.2,   3004
2026-07-25 18:50:38,2654,0.2,0.1,7.2,   3006
2026-07-25 18:50:40,2654,0.2,0.1,7.2,   3009
2026-07-25 18:50:42,2654,0.2,0.1,7.2,   3011
2026-07-25 18:50:44,2654,0.2,0.1,7.2,   3013
2026-07-25 18:50:46,2654,0.2,0.1,7.2,   3015
2026-07-25 18:50:48,2654,0.2,0.1,7.2,   3017
2026-07-25 18:50:50,2654,0.2,0.1,7.2,   3019
2026-07-25 18:50:52,2654,0.2,0.1,7.2,   3021
2026-07-25 18:50:54,2654,0.2,0.1,7.2,   3023
2026-07-25 18:50:57,2654,0.2,0.1,7.2,   3025
2026-07-25 18:50:59,2654,0.2,0.1,7.2,   3027
2026-07-25 18:51:01,2654,0.2,0.1,7.2,   3029
2026-07-25 18:51:03,2654,0.2,0.1,7.2,   3031
2026-07-25 18:51:05,2654,0.2,0.1,7.2,   3033
2026-07-25 18:51:07,2654,0.2,0.1,7.2,   3035
2026-07-25 18:51:09,2654,0.2,0.1,7.2,   3037
2026-07-25 18:51:11,2654,0.2,0.1,7.2,   3040
2026-07-25 18:51:13,2654,0.2,0.1,7.2,   3042
2026-07-25 18:51:15,2654,0.2,0.1,7.2,   3044
2026-07-25 18:51:17,2654,0.2,0.1,7.2,   3046
2026-07-25 18:51:19,2654,0.2,0.1,7.2,   3048
2026-07-25 18:51:21,2654,0.2,0.1,7.2,   3050
2026-07-25 18:51:23,2654,0.2,0.1,7.2,   3052
2026-07-25 18:51:25,2654,0.2,0.1,7.2,   3054
2026-07-25 18:51:28,2654,0.2,0.1,7.2,   3056
2026-07-25 18:51:30,2654,0.2,0.1,7.2,   3058
2026-07-25 18:51:32,2654,0.2,0.1,7.2,   3060
2026-07-25 18:51:34,2654,0.2,0.1,7.2,   3062
2026-07-25 18:51:36,2654,0.2,0.1,7.2,   3064
2026-07-25 18:51:38,2654,0.2,0.1,7.2,   3066
2026-07-25 18:51:40,2654,0.2,0.1,7.2,   3068
2026-07-25 18:51:42,2654,0.2,0.1,7.2,   3070
2026-07-25 18:51:44,2654,0.2,0.1,7.2,   3073
2026-07-25 18:51:46,2654,0.2,0.1,7.2,   3075
2026-07-25 18:51:48,2654,0.2,0.1,7.2,   3077
2026-07-25 18:51:50,2654,0.2,0.1,7.2,   3079
2026-07-25 18:51:52,2654,0.2,0.1,7.2,   3081
2026-07-25 18:51:54,2654,0.2,0.1,7.2,   3083
2026-07-25 18:51:56,2654,0.2,0.1,7.2,   3085
2026-07-25 18:51:58,2654,0.2,0.1,7.2,   3087
2026-07-25 18:52:01,2654,0.2,0.1,7.2,   3089
2026-07-25 18:52:03,2654,0.2,0.1,7.2,   3091
2026-07-25 18:52:05,2654,0.2,0.1,7.2,   3093
2026-07-25 18:52:07,2654,0.2,0.1,7.2,   3095
2026-07-25 18:52:09,2654,0.2,0.1,7.2,   3097
2026-07-25 18:52:11,2654,0.2,0.1,7.2,   3099
2026-07-25 18:52:13,2654,0.2,0.1,7.2,   3101
2026-07-25 18:52:15,2654,0.2,0.1,7.2,   3103
2026-07-25 18:52:17,2654,0.2,0.1,7.2,   3106
2026-07-25 18:52:19,2654,0.2,0.1,7.2,   3108
2026-07-25 18:52:21,2654,0.2,0.1,7.2,   3110
2026-07-25 18:52:23,2654,0.2,0.1,7.2,   3112
2026-07-25 18:52:25,2654,0.2,0.1,7.2,   3114
2026-07-25 18:52:27,2654,0.2,0.1,7.2,   3116
2026-07-25 18:52:29,2654,0.2,0.1,7.2,   3118
2026-07-25 18:52:31,2654,0.2,0.1,7.2,   3120
2026-07-25 18:52:34,2654,0.2,0.1,7.2,   3122
2026-07-25 18:52:36,2654,0.2,0.1,7.2,   3124
2026-07-25 18:52:38,2654,0.2,0.1,7.2,   3126
2026-07-25 18:52:40,2654,0.2,0.1,7.2,   3128
2026-07-25 18:52:42,2654,0.2,0.1,7.2,   3130
2026-07-25 18:52:44,2654,0.2,0.1,7.2,   3132
2026-07-25 18:52:46,2654,0.2,0.1,7.2,   3134
2026-07-25 18:52:48,2654,0.2,0.1,7.2,   3137
2026-07-25 18:52:50,2654,0.2,0.1,7.2,   3139
2026-07-25 18:52:52,2654,0.2,0.1,7.2,   3141
2026-07-25 18:52:54,2654,0.2,0.1,7.2,   3143
2026-07-25 18:52:56,2654,0.2,0.1,7.2,   3145
2026-07-25 18:52:58,2654,0.2,0.1,7.2,   3147
2026-07-25 18:53:00,2654,0.2,0.1,7.2,   3149
2026-07-25 18:53:02,2654,0.2,0.1,7.2,   3151
2026-07-25 18:53:05,2654,0.2,0.1,7.2,   3153
2026-07-25 18:53:07,2654,0.2,0.1,7.2,   3155
2026-07-25 18:53:09,2654,0.2,0.1,7.2,   3157
2026-07-25 18:53:11,2654,0.2,0.1,7.2,   3159
2026-07-25 18:53:13,2654,0.2,0.1,7.2,   3161
2026-07-25 18:53:15,2654,0.2,0.1,7.2,   3163
2026-07-25 18:53:17,2654,0.2,0.1,7.2,   3165
2026-07-25 18:53:19,2654,0.2,0.1,7.2,   3167
2026-07-25 18:53:21,2654,0.2,0.1,7.2,   3170
2026-07-25 18:53:23,2654,0.2,0.1,7.2,   3172
2026-07-25 18:53:25,2654,0.2,0.1,7.2,   3174
2026-07-25 18:53:27,2654,0.2,0.1,7.2,   3176
2026-07-25 18:53:29,2654,0.2,0.1,7.2,   3178
2026-07-25 18:53:31,2654,0.2,0.1,7.2,   3180
2026-07-25 18:53:33,2654,0.2,0.1,7.2,   3182
2026-07-25 18:53:35,2654,0.2,0.1,7.2,   3184
2026-07-25 18:53:38,2654,0.2,0.1,7.2,   3186
2026-07-25 18:53:40,2654,0.2,0.1,7.2,   3188
2026-07-25 18:53:42,2654,0.2,0.1,7.2,   3190
2026-07-25 18:53:44,2654,0.2,0.1,7.2,   3192
2026-07-25 18:53:46,2654,0.2,0.1,7.2,   3194
2026-07-25 18:53:48,2654,0.2,0.1,7.2,   3196
2026-07-25 18:53:50,2654,0.2,0.1,7.2,   3198
2026-07-25 18:53:52,2654,0.2,0.1,7.2,   3201
2026-07-25 18:53:54,2654,0.2,0.1,7.2,   3203
2026-07-25 18:53:56,2654,0.2,0.1,7.2,   3205
2026-07-25 18:53:58,2654,0.2,0.1,7.2,   3207
2026-07-25 18:54:00,2654,0.2,0.1,7.2,   3209
2026-07-25 18:54:02,2654,0.2,0.1,7.2,   3211
2026-07-25 18:54:04,2654,0.2,0.1,7.2,   3213
2026-07-25 18:54:06,2654,0.2,0.1,7.2,   3215
2026-07-25 18:54:09,2654,0.2,0.1,7.2,   3217
2026-07-25 18:54:11,2654,0.2,0.1,7.2,   3219
2026-07-25 18:54:13,2654,0.2,0.1,7.2,   3221
2026-07-25 18:54:15,2654,0.2,0.1,7.2,   3223
2026-07-25 18:54:17,2654,0.2,0.1,7.2,   3225
2026-07-25 18:54:19,2654,0.2,0.1,7.2,   3227
2026-07-25 18:54:21,2654,0.2,0.1,7.2,   3229
2026-07-25 18:54:23,2654,0.2,0.1,7.2,   3231
2026-07-25 18:54:25,2654,0.2,0.1,7.2,   3234
2026-07-25 18:54:27,2654,0.2,0.1,7.2,   3236
2026-07-25 18:54:29,2654,0.2,0.1,7.2,   3238
2026-07-25 18:54:31,2654,0.2,0.1,7.2,   3240
2026-07-25 18:54:33,2654,0.2,0.1,7.2,   3242
2026-07-25 18:54:35,2654,0.2,0.1,7.2,   3244
2026-07-25 18:54:37,2654,0.2,0.1,7.2,   3246
2026-07-25 18:54:39,2654,0.2,0.1,7.2,   3248
2026-07-25 18:54:42,2654,0.2,0.1,7.2,   3250
2026-07-25 18:54:44,2654,0.2,0.1,7.2,   3252
2026-07-25 18:54:46,2654,0.2,0.1,7.2,   3254
2026-07-25 18:54:48,2654,0.2,0.1,7.2,   3256
2026-07-25 18:54:50,2654,0.2,0.1,7.2,   3258
2026-07-25 18:54:52,2654,0.2,0.1,7.2,   3260
2026-07-25 18:54:54,2654,0.2,0.1,7.2,   3262
2026-07-25 18:54:56,2654,0.2,0.1,7.2,   3264
2026-07-25 18:54:58,2654,0.2,0.1,7.2,   3267
2026-07-25 18:55:00,2654,0.2,0.1,7.2,   3269
2026-07-25 18:55:02,2654,0.2,0.1,7.2,   3271
2026-07-25 18:55:04,2654,0.2,0.1,7.2,   3273
2026-07-25 18:55:06,2654,0.2,0.1,7.2,   3275
2026-07-25 18:55:08,2654,0.2,0.1,7.2,   3277
2026-07-25 18:55:10,2654,0.2,0.1,7.2,   3279
2026-07-25 18:55:12,2654,0.2,0.1,7.2,   3281
2026-07-25 18:55:15,2654,0.2,0.1,7.2,   3283
2026-07-25 18:55:17,2654,0.2,0.1,7.2,   3285
2026-07-25 18:55:19,2654,0.2,0.1,7.2,   3287
2026-07-25 18:55:21,2654,0.2,0.1,7.2,   3289
2026-07-25 18:55:23,2654,0.2,0.1,7.2,   3291
2026-07-25 18:55:25,2654,0.2,0.1,7.2,   3293
2026-07-25 18:55:27,2654,0.2,0.1,7.2,   3295
2026-07-25 18:55:29,2654,0.2,0.1,7.2,   3297
2026-07-25 18:55:31,2654,0.2,0.1,7.2,   3300
2026-07-25 18:55:33,2654,0.2,0.1,7.2,   3302
2026-07-25 18:55:35,2654,0.2,0.1,7.2,   3304
2026-07-25 18:55:37,2654,0.2,0.1,7.2,   3306
2026-07-25 18:55:39,2654,0.2,0.1,7.2,   3308
2026-07-25 18:55:41,2654,0.2,0.1,7.2,   3310
2026-07-25 18:55:43,2654,0.2,0.1,7.2,   3312
2026-07-25 18:55:45,2654,0.2,0.1,7.2,   3314
2026-07-25 18:55:48,2654,0.2,0.1,7.2,   3316
2026-07-25 18:55:50,2654,0.2,0.1,7.2,   3318
2026-07-25 18:55:52,2654,0.2,0.1,7.2,   3320
2026-07-25 18:55:54,2654,0.2,0.1,7.2,   3322
2026-07-25 18:55:56,2654,0.2,0.1,7.2,   3324
2026-07-25 18:55:58,2654,0.2,0.1,7.2,   3326
2026-07-25 18:56:00,2654,0.2,0.1,7.2,   3328
2026-07-25 18:56:02,2654,0.2,0.1,7.2,   3330
2026-07-25 18:56:04,2654,0.2,0.1,7.2,   3333
2026-07-25 18:56:06,2654,0.2,0.1,7.2,   3335
2026-07-25 18:56:08,2654,0.2,0.1,7.2,   3337
2026-07-25 18:56:10,2654,0.2,0.1,7.2,   3339
2026-07-25 18:56:12,2654,0.2,0.1,7.2,   3341
2026-07-25 18:56:14,2654,0.2,0.1,7.2,   3343
2026-07-25 18:56:16,2654,0.2,0.1,7.2,   3345
2026-07-25 18:56:18,2654,0.2,0.1,7.2,   3347
2026-07-25 18:56:21,2654,0.2,0.1,7.2,   3349
2026-07-25 18:56:23,2654,0.2,0.1,7.2,   3351
2026-07-25 18:56:25,2654,0.2,0.1,7.2,   3353
2026-07-25 18:56:27,2654,0.2,0.1,7.2,   3355
2026-07-25 18:56:29,2654,0.2,0.1,7.2,   3357
2026-07-25 18:56:31,2654,0.2,0.1,7.2,   3359
2026-07-25 18:56:33,2654,0.2,0.1,7.2,   3361
2026-07-25 18:56:35,2654,0.2,0.1,7.2,   3363
2026-07-25 18:56:37,2654,0.2,0.1,7.2,   3366
2026-07-25 18:56:39,2654,0.2,0.1,7.2,   3368
2026-07-25 18:56:41,2654,0.2,0.1,7.2,   3370
2026-07-25 18:56:43,2654,0.2,0.1,7.2,   3372
2026-07-25 18:56:45,2654,0.2,0.1,7.2,   3374
2026-07-25 18:56:47,2654,0.2,0.1,7.2,   3376
2026-07-25 18:56:49,2654,0.2,0.1,7.2,   3378
2026-07-25 18:56:51,2654,0.2,0.1,7.2,   3380
2026-07-25 18:56:54,2654,0.2,0.1,7.2,   3382
2026-07-25 18:56:56,2654,0.2,0.1,7.2,   3384
2026-07-25 18:56:58,2654,0.2,0.1,7.2,   3386
2026-07-25 18:57:00,2654,0.2,0.1,7.2,   3388
2026-07-25 18:57:02,2654,0.2,0.1,7.2,   3390
2026-07-25 18:57:04,2654,0.2,0.1,7.2,   3392
2026-07-25 18:57:06,2654,0.2,0.1,7.2,   3394
2026-07-25 18:57:08,2654,0.2,0.1,7.2,   3396
2026-07-25 18:57:10,2654,0.2,0.1,7.2,   3399
2026-07-25 18:57:12,2654,0.2,0.1,7.2,   3401
2026-07-25 18:57:14,2654,0.2,0.1,7.2,   3403
2026-07-25 18:57:16,2654,0.2,0.1,7.2,   3405
2026-07-25 18:57:18,2654,0.2,0.1,7.2,   3407
2026-07-25 18:57:20,2654,0.2,0.1,7.2,   3409
2026-07-25 18:57:22,2654,0.2,0.1,7.2,   3411
2026-07-25 18:57:24,2654,0.2,0.1,7.2,   3413
2026-07-25 18:57:27,2654,0.2,0.1,7.2,   3415
2026-07-25 18:57:29,2654,0.2,0.1,7.2,   3417
2026-07-25 18:57:31,2654,0.2,0.1,7.2,   3419
2026-07-25 18:57:33,2654,0.2,0.1,7.2,   3421
2026-07-25 18:57:35,2654,0.2,0.1,7.2,   3423
2026-07-25 18:57:37,2654,0.2,0.1,7.2,   3425
2026-07-25 18:57:39,2654,0.2,0.1,7.2,   3427
2026-07-25 18:57:41,2654,0.2,0.1,7.2,   3430
2026-07-25 18:57:43,2654,0.2,0.1,7.2,   3432
2026-07-25 18:57:45,2654,0.2,0.1,7.2,   3434
2026-07-25 18:57:47,2654,0.2,0.1,7.2,   3436
2026-07-25 18:57:49,2654,0.2,0.1,7.2,   3438
2026-07-25 18:57:51,2654,0.2,0.1,7.2,   3440
2026-07-25 18:57:53,2654,0.2,0.1,7.2,   3442
2026-07-25 18:57:56,2654,0.2,0.1,7.2,   3444
2026-07-25 18:57:58,2654,0.2,0.1,7.2,   3446
2026-07-25 18:58:00,2654,0.2,0.1,7.2,   3448
2026-07-25 18:58:02,2654,0.2,0.1,7.2,   3450
2026-07-25 18:58:04,2654,0.2,0.1,7.2,   3452
2026-07-25 18:58:06,2654,0.2,0.1,7.2,   3454
2026-07-25 18:58:08,2654,0.2,0.1,7.2,   3456
2026-07-25 18:58:10,2654,0.2,0.1,7.2,   3458
2026-07-25 18:58:12,2654,0.2,0.1,7.2,   3461
2026-07-25 18:58:14,2654,0.2,0.1,7.2,   3463
2026-07-25 18:58:16,2654,0.2,0.1,7.2,   3465
2026-07-25 18:58:18,2654,0.2,0.1,7.2,   3467
2026-07-25 18:58:20,2654,0.2,0.1,7.2,   3469
2026-07-25 18:58:22,2654,0.2,0.1,7.2,   3471
2026-07-25 18:58:24,2654,0.2,0.1,7.2,   3473
2026-07-25 18:58:26,2654,0.2,0.1,7.2,   3475
2026-07-25 18:58:29,2654,0.2,0.1,7.2,   3477
2026-07-25 18:58:31,2654,0.2,0.1,7.2,   3479
2026-07-25 18:58:33,2654,0.2,0.1,7.2,   3481
2026-07-25 18:58:35,2654,0.2,0.1,7.2,   3483
2026-07-25 18:58:37,2654,0.2,0.1,7.2,   3485
2026-07-25 18:58:39,2654,0.2,0.1,7.2,   3487
2026-07-25 18:58:41,2654,0.2,0.1,7.2,   3489
2026-07-25 18:58:43,2654,0.2,0.1,7.2,   3492
2026-07-25 18:58:45,2654,0.2,0.1,7.2,   3494
2026-07-25 18:58:47,2654,0.2,0.1,7.2,   3496
2026-07-25 18:58:49,2654,0.2,0.1,7.2,   3498
2026-07-25 18:58:51,2654,0.2,0.1,7.2,   3500
2026-07-25 18:58:53,2654,0.2,0.1,7.2,   3502
2026-07-25 18:58:55,2654,0.2,0.1,7.2,   3504
2026-07-25 18:58:57,2654,0.2,0.1,7.2,   3506
2026-07-25 18:58:59,2654,0.2,0.1,7.2,   3508
2026-07-25 18:59:02,2654,0.2,0.1,7.2,   3510
2026-07-25 18:59:04,2654,0.2,0.1,7.2,   3512
2026-07-25 18:59:06,2654,0.2,0.1,7.2,   3514
2026-07-25 18:59:08,2654,0.2,0.1,7.2,   3516
2026-07-25 18:59:10,2654,0.2,0.1,7.2,   3518
2026-07-25 18:59:12,2654,0.2,0.1,7.2,   3520
2026-07-25 18:59:14,2654,0.2,0.1,7.2,   3522
2026-07-25 18:59:16,2654,0.2,0.1,7.2,   3524
2026-07-25 18:59:18,2654,0.2,0.1,7.2,   3527
2026-07-25 18:59:20,2654,0.2,0.1,7.2,   3529
2026-07-25 18:59:22,2654,0.2,0.1,7.2,   3531
2026-07-25 18:59:24,2654,0.2,0.1,7.2,   3533
2026-07-25 18:59:26,2654,0.2,0.1,7.2,   3535
2026-07-25 18:59:28,2654,0.2,0.1,7.2,   3537
2026-07-25 18:59:30,2654,0.2,0.1,7.2,   3539
2026-07-25 18:59:32,2654,0.2,0.1,7.2,   3541
2026-07-25 18:59:34,2654,0.2,0.1,7.2,   3543
2026-07-25 18:59:37,2654,0.2,0.1,7.2,   3545
2026-07-25 18:59:39,2654,0.2,0.1,7.2,   3547
2026-07-25 18:59:41,2654,0.2,0.1,7.2,   3549
2026-07-25 18:59:43,2654,0.2,0.1,7.2,   3551
2026-07-25 18:59:45,2654,0.2,0.1,7.2,   3553
2026-07-25 18:59:47,2654,0.2,0.1,7.2,   3555
2026-07-25 18:59:49,2654,0.2,0.1,7.2,   3557
2026-07-25 18:59:51,2654,0.2,0.1,7.2,   3559
2026-07-25 18:59:53,2654,0.2,0.1,7.2,   3562
2026-07-25 18:59:55,2654,0.2,0.1,7.2,   3564
2026-07-25 18:59:57,2654,0.2,0.1,7.2,   3566
2026-07-25 18:59:59,2654,0.2,0.1,7.2,   3568
2026-07-25 19:00:01,2654,0.2,0.1,7.2,   3570
2026-07-25 19:00:03,2654,0.2,0.1,7.2,   3572
2026-07-25 19:00:05,2654,0.2,0.1,7.2,   3574
2026-07-25 19:00:08,2654,0.2,0.1,7.2,   3576
2026-07-25 19:00:10,2654,0.2,0.1,7.2,   3578
2026-07-25 19:00:12,2654,0.2,0.1,7.2,   3580
2026-07-25 19:00:14,2654,0.2,0.1,7.2,   3582
2026-07-25 19:00:16,2654,0.2,0.1,7.2,   3584
2026-07-25 19:00:18,2654,0.2,0.1,7.2,   3586
2026-07-25 19:00:20,2654,0.2,0.1,7.2,   3588
2026-07-25 19:00:22,2654,0.2,0.1,7.2,   3590
2026-07-25 19:00:24,2654,0.2,0.1,7.2,   3593
2026-07-25 19:00:26,2654,0.2,0.1,7.2,   3595
2026-07-25 19:00:28,2654,0.2,0.1,7.2,   3597
2026-07-25 19:00:30,2654,0.2,0.1,7.2,   3599
2026-07-25 19:00:32,2654,0.2,0.1,7.2,   3601
2026-07-25 19:00:34,2654,0.2,0.1,7.2,   3603
2026-07-25 19:00:36,2654,0.2,0.1,7.2,   3605
2026-07-25 19:00:38,2654,0.2,0.1,7.2,   3607
2026-07-25 19:00:40,2654,0.2,0.1,7.2,   3609
2026-07-25 19:00:43,2654,0.2,0.1,7.2,   3611
2026-07-25 19:00:45,2654,0.2,0.1,7.2,   3613
2026-07-25 19:00:47,2654,0.2,0.1,7.2,   3615
2026-07-25 19:00:49,2654,0.2,0.1,7.2,   3617
2026-07-25 19:00:51,2654,0.2,0.1,7.2,   3619
2026-07-25 19:00:53,2654,0.2,0.1,7.2,   3621
2026-07-25 19:00:55,2654,0.2,0.1,7.2,   3623
2026-07-25 19:00:57,2654,0.2,0.1,7.2,   3625
2026-07-25 19:00:59,2654,0.2,0.1,7.2,   3628
2026-07-25 19:01:01,2654,0.2,0.1,7.2,   3630
2026-07-25 19:01:03,2654,0.2,0.1,7.2,   3632
2026-07-25 19:01:05,2654,0.2,0.1,7.2,   3634
2026-07-25 19:01:07,2654,0.2,0.1,7.2,   3636
2026-07-25 19:01:09,2654,0.2,0.1,7.2,   3638
2026-07-25 19:01:11,2654,0.2,0.1,7.2,   3640
2026-07-25 19:01:14,2654,0.2,0.1,7.2,   3642
2026-07-25 19:01:16,2654,0.2,0.1,7.2,   3644
2026-07-25 19:01:18,2654,0.2,0.1,7.2,   3646
2026-07-25 19:01:20,2654,0.2,0.1,7.2,   3648
2026-07-25 19:01:22,2654,0.2,0.1,7.2,   3650
2026-07-25 19:01:24,2654,0.2,0.1,7.2,   3652
2026-07-25 19:01:26,2654,0.2,0.1,7.2,   3654
2026-07-25 19:01:28,2654,0.2,0.1,7.2,   3656
2026-07-25 19:01:30,2654,0.2,0.1,7.2,   3659
2026-07-25 19:01:32,2654,0.2,0.1,7.2,   3661
2026-07-25 19:01:34,2654,0.2,0.1,7.2,   3663
2026-07-25 19:01:36,2654,0.2,0.1,7.2,   3665
2026-07-25 19:01:38,2654,0.2,0.1,7.2,   3667
2026-07-25 19:01:40,2654,0.2,0.1,7.2,   3669
2026-07-25 19:01:42,2654,0.2,0.1,7.2,   3671
2026-07-25 19:01:44,2654,0.2,0.1,7.2,   3673
2026-07-25 19:01:47,2654,0.2,0.1,7.2,   3675
2026-07-25 19:01:49,2654,0.2,0.1,7.2,   3677
2026-07-25 19:01:51,2654,0.2,0.1,7.2,   3679
2026-07-25 19:01:53,2654,0.2,0.1,7.2,   3681
2026-07-25 19:01:55,2654,0.2,0.1,7.2,   3683
2026-07-25 19:01:57,2654,0.2,0.1,7.2,   3685
2026-07-25 19:01:59,2654,0.2,0.1,7.2,   3687
2026-07-25 19:02:01,2654,0.2,0.1,7.2,   3690
2026-07-25 19:02:03,2654,0.2,0.1,7.2,   3692
2026-07-25 19:02:05,2654,0.2,0.1,7.2,   3694
2026-07-25 19:02:07,2654,0.2,0.1,7.2,   3696
2026-07-25 19:02:09,2654,0.2,0.1,7.2,   3698
2026-07-25 19:02:11,2654,0.2,0.1,7.2,   3700
2026-07-25 19:02:13,2654,0.2,0.1,7.2,   3702
2026-07-25 19:02:15,2654,0.2,0.1,7.2,   3704
2026-07-25 19:02:17,2654,0.2,0.1,7.2,   3706
2026-07-25 19:02:20,2654,0.2,0.1,7.2,   3708
2026-07-25 19:02:22,2654,0.2,0.1,7.2,   3710
2026-07-25 19:02:24,2654,0.2,0.1,7.2,   3712
2026-07-25 19:02:26,2654,0.2,0.1,7.2,   3714
2026-07-25 19:02:28,2654,0.2,0.1,7.2,   3716
2026-07-25 19:02:30,2654,0.2,0.1,7.2,   3718
2026-07-25 19:02:32,2654,0.2,0.1,7.2,   3720
2026-07-25 19:02:34,2654,0.2,0.1,7.2,   3723
2026-07-25 19:02:36,2654,0.2,0.1,7.2,   3725
2026-07-25 19:02:38,2654,0.2,0.1,7.2,   3727
2026-07-25 19:02:40,2654,0.2,0.1,7.2,   3729
2026-07-25 19:02:42,2654,0.2,0.1,7.2,   3731
2026-07-25 19:02:44,2654,0.2,0.1,7.2,   3733
2026-07-25 19:02:46,2654,0.2,0.1,7.2,   3735
2026-07-25 19:02:48,2654,0.2,0.1,7.2,   3737
2026-07-25 19:02:51,2654,0.2,0.1,7.2,   3739
2026-07-25 19:02:53,2654,0.2,0.1,7.2,   3741
2026-07-25 19:02:55,2654,0.2,0.1,7.2,   3743
2026-07-25 19:02:57,2654,0.2,0.1,7.2,   3745
2026-07-25 19:02:59,2654,0.2,0.1,7.2,   3747
2026-07-25 19:03:01,2654,0.2,0.1,7.2,   3749
2026-07-25 19:03:03,2654,0.2,0.1,7.2,   3751
2026-07-25 19:03:05,2654,0.2,0.1,7.2,   3754
2026-07-25 19:03:07,2654,0.2,0.1,7.2,   3756
2026-07-25 19:03:09,2654,0.2,0.1,7.2,   3758
2026-07-25 19:03:11,2654,0.2,0.1,7.2,   3760
2026-07-25 19:03:13,2654,0.2,0.1,7.2,   3762
2026-07-25 19:03:15,2654,0.2,0.1,7.2,   3764
2026-07-25 19:03:17,2654,0.2,0.1,7.2,   3766
2026-07-25 19:03:19,2654,0.2,0.1,7.2,   3768
2026-07-25 19:03:22,2654,0.2,0.1,7.2,   3770
2026-07-25 19:03:24,2654,0.2,0.1,7.2,   3772
2026-07-25 19:03:26,2654,0.2,0.1,7.2,   3774
2026-07-25 19:03:28,2654,0.2,0.1,7.2,   3776
2026-07-25 19:03:30,2654,0.2,0.1,7.2,   3778
2026-07-25 19:03:32,2654,0.2,0.1,7.2,   3780
2026-07-25 19:03:34,2654,0.2,0.1,7.2,   3782
2026-07-25 19:03:36,2654,0.2,0.1,7.2,   3785
2026-07-25 19:03:38,2654,0.2,0.1,7.2,   3787
2026-07-25 19:03:40,2654,0.2,0.1,7.2,   3789
2026-07-25 19:03:42,2654,0.2,0.1,7.2,   3791
2026-07-25 19:03:44,2654,0.2,0.1,7.2,   3793
2026-07-25 19:03:46,2654,0.2,0.1,7.2,   3795
2026-07-25 19:03:48,2654,0.2,0.1,7.2,   3797
2026-07-25 19:03:50,2654,0.2,0.1,7.2,   3799
2026-07-25 19:03:53,2654,0.2,0.1,7.2,   3801
2026-07-25 19:03:55,2654,0.2,0.1,7.2,   3803
2026-07-25 19:03:57,2654,0.2,0.1,7.2,   3805
2026-07-25 19:03:59,2654,0.2,0.1,7.2,   3807
2026-07-25 19:04:01,2654,0.2,0.1,7.2,   3809
2026-07-25 19:04:03,2654,0.2,0.1,7.2,   3811
2026-07-25 19:04:05,2654,0.2,0.1,7.2,   3813
2026-07-25 19:04:07,2654,0.2,0.1,7.2,   3816
2026-07-25 19:04:09,2654,0.2,0.1,7.2,   3818
2026-07-25 19:04:11,2654,0.2,0.1,7.2,   3820
2026-07-25 19:04:13,2654,0.2,0.1,7.2,   3822
2026-07-25 19:04:15,2654,0.2,0.1,7.2,   3824
2026-07-25 19:04:17,2654,0.2,0.1,7.2,   3826
2026-07-25 19:04:19,2654,0.2,0.1,7.2,   3828
2026-07-25 19:04:21,2654,0.2,0.1,7.2,   3830
2026-07-25 19:04:24,2654,0.2,0.1,7.2,   3832
2026-07-25 19:04:26,2654,0.2,0.1,7.2,   3834
2026-07-25 19:04:28,2654,0.2,0.1,7.2,   3836
2026-07-25 19:04:30,2654,0.2,0.1,7.2,   3838
2026-07-25 19:04:32,2654,0.2,0.1,7.2,   3840
2026-07-25 19:04:34,2654,0.2,0.1,7.2,   3842
2026-07-25 19:04:36,2654,0.2,0.1,7.2,   3844
2026-07-25 19:04:38,2654,0.2,0.1,7.2,   3847
2026-07-25 19:04:40,2654,0.2,0.1,7.2,   3849
2026-07-25 19:04:42,2654,0.2,0.1,7.2,   3851
2026-07-25 19:04:44,2654,0.2,0.1,7.2,   3853
2026-07-25 19:04:46,2654,0.2,0.1,7.2,   3855
2026-07-25 19:04:48,2654,0.2,0.1,7.2,   3857
2026-07-25 19:04:50,2654,0.2,0.1,7.2,   3859
2026-07-25 19:04:52,2654,0.2,0.1,7.2,   3861
2026-07-25 19:04:55,2654,0.2,0.1,7.2,   3863
2026-07-25 19:04:57,2654,0.2,0.1,7.2,   3865
2026-07-25 19:04:59,2654,0.2,0.1,7.2,   3867
2026-07-25 19:05:01,2654,0.2,0.1,7.2,   3869
2026-07-25 19:05:03,2654,0.2,0.1,7.2,   3871
2026-07-25 19:05:05,2654,0.2,0.1,7.2,   3873
2026-07-25 19:05:07,2654,0.2,0.1,7.2,   3875
2026-07-25 19:05:09,2654,0.2,0.1,7.2,   3878
2026-07-25 19:05:11,2654,0.2,0.1,7.2,   3880
2026-07-25 19:05:13,2654,0.2,0.1,7.2,   3882
2026-07-25 19:05:15,2654,0.2,0.1,7.2,   3884
2026-07-25 19:05:17,2654,0.2,0.1,7.2,   3886
2026-07-25 19:05:19,2654,0.2,0.1,7.2,   3888
2026-07-25 19:05:21,2654,0.2,0.1,7.2,   3890
2026-07-25 19:05:23,2654,0.2,0.1,7.2,   3892
2026-07-25 19:05:25,2654,0.2,0.1,7.2,   3894
2026-07-25 19:05:28,2654,0.2,0.1,7.2,   3896
2026-07-25 19:05:30,2654,0.2,0.1,7.2,   3898
2026-07-25 19:05:32,2654,0.2,0.1,7.2,   3900
2026-07-25 19:05:34,2654,0.2,0.1,7.2,   3902
2026-07-25 19:05:36,2654,0.2,0.1,7.2,   3904
2026-07-25 19:05:38,2654,0.2,0.1,7.2,   3906
2026-07-25 19:05:40,2654,0.2,0.1,7.2,   3908
2026-07-25 19:05:42,2654,0.2,0.1,7.2,   3911
2026-07-25 19:05:44,2654,0.2,0.1,7.2,   3913
2026-07-25 19:05:46,2654,0.2,0.1,7.2,   3915
2026-07-25 19:05:48,2654,0.2,0.1,7.2,   3917
2026-07-25 19:05:50,2654,0.2,0.1,7.2,   3919
2026-07-25 19:05:52,2654,0.2,0.1,7.2,   3921
2026-07-25 19:05:54,2654,0.2,0.1,7.2,   3923
2026-07-25 19:05:56,2654,0.2,0.1,7.2,   3925
2026-07-25 19:05:59,2654,0.2,0.1,7.2,   3927
2026-07-25 19:06:01,2654,0.2,0.1,7.2,   3929
2026-07-25 19:06:03,2654,0.2,0.1,7.2,   3931
2026-07-25 19:06:05,2654,0.2,0.1,7.2,   3933
2026-07-25 19:06:07,2654,0.2,0.1,7.2,   3935
2026-07-25 19:06:09,2654,0.2,0.1,7.2,   3937
2026-07-25 19:06:11,2654,0.2,0.1,7.2,   3939
2026-07-25 19:06:13,2654,0.2,0.1,7.2,   3942
2026-07-25 19:06:15,2654,0.2,0.1,7.2,   3944
2026-07-25 19:06:17,2654,0.2,0.1,7.2,   3946
2026-07-25 19:06:19,2654,0.2,0.1,7.2,   3948
2026-07-25 19:06:21,2654,0.2,0.1,7.2,   3950
2026-07-25 19:06:23,2654,0.2,0.1,7.2,   3952
2026-07-25 19:06:25,2654,0.2,0.1,7.2,   3954
2026-07-25 19:06:27,2654,0.2,0.1,7.2,   3956
2026-07-25 19:06:29,2654,0.2,0.1,7.2,   3958
2026-07-25 19:06:32,2654,0.2,0.1,7.2,   3960
2026-07-25 19:06:34,2654,0.2,0.1,7.2,   3962
2026-07-25 19:06:36,2654,0.2,0.1,7.2,   3964
2026-07-25 19:06:38,2654,0.2,0.1,7.2,   3966
2026-07-25 19:06:40,2654,0.2,0.1,7.2,   3968
2026-07-25 19:06:42,2654,0.2,0.1,7.2,   3970
2026-07-25 19:06:44,2654,0.2,0.1,7.2,   3972
2026-07-25 19:06:46,2654,0.2,0.1,7.2,   3974
2026-07-25 19:06:48,2654,0.2,0.1,7.2,   3977
2026-07-25 19:06:50,2654,0.2,0.1,7.2,   3979
2026-07-25 19:06:52,2654,0.2,0.1,7.2,   3981
2026-07-25 19:06:54,2654,0.2,0.1,7.2,   3983
2026-07-25 19:06:56,2654,0.2,0.1,7.2,   3985
2026-07-25 19:06:58,2654,0.2,0.1,7.2,   3987
2026-07-25 19:07:00,2654,0.2,0.1,7.2,   3989
2026-07-25 19:07:03,2654,0.2,0.1,7.2,   3991
2026-07-25 19:07:05,2654,0.2,0.1,7.2,   3993
2026-07-25 19:07:07,2654,0.2,0.1,7.2,   3995
2026-07-25 19:07:09,2654,0.2,0.1,7.2,   3997
2026-07-25 19:07:11,2654,0.2,0.1,7.2,   3999
2026-07-25 19:07:13,2654,0.2,0.1,7.2,   4001
2026-07-25 19:07:15,2654,0.2,0.1,7.2,   4003
2026-07-25 19:07:17,2654,0.2,0.1,7.2,   4006
2026-07-25 19:07:19,2654,0.2,0.1,7.2,   4008
2026-07-25 19:07:21,2654,0.2,0.1,7.2,   4010
2026-07-25 19:07:23,2654,0.2,0.1,7.2,   4012
2026-07-25 19:07:25,2654,0.2,0.1,7.2,   4014
2026-07-25 19:07:27,2654,0.2,0.1,7.2,   4016
2026-07-25 19:07:29,2654,0.2,0.1,7.2,   4018
2026-07-25 19:07:31,2654,0.2,0.1,7.2,   4020
2026-07-25 19:07:34,2654,0.2,0.1,7.2,   4022
2026-07-25 19:07:36,2654,0.2,0.1,7.2,   4024
2026-07-25 19:07:38,2654,0.2,0.1,7.2,   4026
2026-07-25 19:07:40,2654,0.2,0.1,7.2,   4028
2026-07-25 19:07:42,2654,0.2,0.1,7.2,   4030
2026-07-25 19:07:44,2654,0.2,0.1,7.2,   4032
2026-07-25 19:07:46,2654,0.2,0.1,7.2,   4034
2026-07-25 19:07:48,2654,0.2,0.1,7.2,   4036
2026-07-25 19:07:50,2654,0.2,0.1,7.2,   4039
2026-07-25 19:07:52,2654,0.2,0.1,7.2,   4041
2026-07-25 19:07:54,2654,0.2,0.1,7.2,   4043
2026-07-25 19:07:56,2654,0.2,0.1,7.2,   4045
2026-07-25 19:07:58,2654,0.2,0.1,7.2,   4047
2026-07-25 19:08:00,2654,0.2,0.1,7.2,   4049
2026-07-25 19:08:02,2654,0.2,0.1,7.2,   4051
2026-07-25 19:08:04,2654,0.2,0.1,7.2,   4053
2026-07-25 19:08:07,2654,0.2,0.1,7.2,   4055
2026-07-25 19:08:09,2654,0.2,0.1,7.2,   4057
2026-07-25 19:08:11,2654,0.2,0.1,7.2,   4059
2026-07-25 19:08:13,2654,0.2,0.1,7.2,   4061
2026-07-25 19:08:15,2654,0.2,0.1,7.2,   4063
2026-07-25 19:08:17,2654,0.2,0.1,7.2,   4065
2026-07-25 19:08:19,2654,0.2,0.1,7.2,   4067
2026-07-25 19:08:21,2654,0.2,0.1,7.2,   4070
2026-07-25 19:08:23,2654,0.2,0.1,7.2,   4072
